name,website,domain,email,phone,city,niche,source
rhinocommercialroofers.com,https://rhinocommercialroofers.com,rhinocommercialroofers.com,rhinoroofingfl@yahoo.com,,Miami FL,roofing contractor,gmaps
miamiroofingflorida.com,https://miamiroofingflorida.com,miamiroofingflorida.com,admin@miamiroofingflorida.com,,Miami FL,roofing contractor,gmaps
properoofing.com,https://properoofing.com,properoofing.com,appointment@properoofing.com,,Miami FL,roofing contractor,gmaps
runable.com,https://runable.com,runable.com,support@runable.com,,Miami FL,roofing contractor,gmaps
palmaroofing.com,https://palmaroofing.com,palmaroofing.com,info@palmaroofing.com,,Miami FL,roofing contractor,gmaps
tsroofingsystems.com,https://tsroofingsystems.com,tsroofingsystems.com,info@tsroofingsystems.com,,Miami FL,roofing contractor,gmaps
cadroofsolutions.com,https://cadroofsolutions.com,cadroofsolutions.com,info@cadroofsolutionsinc.com,,Miami FL,roofing contractor,gmaps
floridacommercialroofing.net,https://floridacommercialroofing.net,floridacommercialroofing.net,info@floridacommercialroofing.net,,Miami FL,roofing contractor,gmaps
bestroofing.net,https://bestroofing.net,bestroofing.net,info@bestroofing.net,,Miami FL,roofing contractor,gmaps
miamirooftech.com,https://miamirooftech.com,miamirooftech.com,info@miamirooftech.com,,Miami FL,roofing contractor,gmaps
hoofsroofing.com,https://hoofsroofing.com,hoofsroofing.com,hoffsroofing@gmail.com,,Miami FL,roofing contractor,gmaps
gericoconstructionfl.com,https://gericoconstructionfl.com,gericoconstructionfl.com,info@gericoconstructionfl.com,,Miami FL,roofing contractor,gmaps
martinezroofingmiami.com,https://martinezroofingmiami.com,martinezroofingmiami.com,info@martinezroofingmiami.com,,Miami FL,roofing contractor,gmaps
eliteroofleakrepair.com,https://eliteroofleakrepair.com,eliteroofleakrepair.com,info@eliteroofleakrepair.com,,Miami FL,roofing contractor,gmaps
mainlandroofing.com,https://mainlandroofing.com,mainlandroofing.com,office@mainlandroofing.com,,Miami FL,roofing contractor,gmaps
istuetaroofing.com,https://istuetaroofing.com,istuetaroofing.com,info@istuetaroofing.com,,Miami FL,roofing contractor,gmaps
safeinnovationdb.com,https://safeinnovationdb.com,safeinnovationdb.com,management@safeinnovationdb.com,,Miami FL,roofing contractor,gmaps
indigoroofingfl.com,https://indigoroofingfl.com,indigoroofingfl.com,info@indigoroofingfl.com,,Miami FL,roofing contractor,gmaps
titaniumroofingexperts.com,https://titaniumroofingexperts.com,titaniumroofingexperts.com,info@titaniumroofingexperts.com,,Miami FL,roofing contractor,gmaps
advancedroofing.com,https://advancedroofing.com,advancedroofing.com,servicesfl@advancedroofing.com,,Miami FL,roofing contractor,gmaps
statesideexteriors.com,https://statesideexteriors.com,statesideexteriors.com,info@1800servicepro.com,,Miami FL,roofing contractor,gmaps
clienthub.getjobber.com,https://clienthub.getjobber.com,clienthub.getjobber.com,hello@getjobber.com,,Miami FL,roofing contractor,gmaps
a1roofingcontractors.com,https://a1roofingcontractors.com,a1roofingcontractors.com,gagd171986@gmail.com,,Miami FL,roofing contractor,gmaps
roofsharx.net,https://roofsharx.net,roofsharx.net,roofsharx@gmail.com,,Miami FL,roofing contractor,gmaps
westmiamiroofers.com,https://westmiamiroofers.com,westmiamiroofers.com,info@westmiamiroofers.com,,Miami FL,roofing contractor,gmaps
roofersinternational.com,https://roofersinternational.com,roofersinternational.com,info@roofersinternational.com,,Miami FL,roofing contractor,gmaps
miamidaderoofing.com,https://miamidaderoofing.com,miamidaderoofing.com,info@miamidaderoofing.com,,Miami FL,roofing contractor,gmaps
firstclassroofingfl.com,https://firstclassroofingfl.com,firstclassroofingfl.com,info@firstclassroofingfl.com,,Miami FL,roofing contractor,gmaps
greenhomeroofinginc.com,https://greenhomeroofinginc.com,greenhomeroofinginc.com,office@greenhomeroofinginc.com,,Miami FL,roofing contractor,gmaps
stateupgrades.com,https://stateupgrades.com,stateupgrades.com,info@stateupgrades.com,,Miami FL,roofing contractor,gmaps
orianroofingmia.com,https://orianroofingmia.com,orianroofingmia.com,info@orianroofingmia.com,,Miami FL,roofing contractor,gmaps
canopyroofers.com,https://canopyroofers.com,canopyroofers.com,info@canopyroofers.com,,Miami FL,roofing contractor,gmaps
silverroofingco.com,https://silverroofingco.com,silverroofingco.com,info@silverroofingco.com,,Miami FL,roofing contractor,gmaps
cedarroofingsolutions.com,https://cedarroofingsolutions.com,cedarroofingsolutions.com,admin@cedarroofingsolutions.com,,Miami FL,roofing contractor,gmaps
besthomeinspectionservicesfl.com,https://besthomeinspectionservicesfl.com,besthomeinspectionservicesfl.com,example@mail.com,,Hialeah FL,roofing contractor,gmaps
anchoruproofing.com,https://anchoruproofing.com,anchoruproofing.com,info@anchoruproofing.com,,Hialeah FL,roofing contractor,gmaps
trustedcareroofers.com,https://trustedcareroofers.com,trustedcareroofers.com,info@trustedcareroofers.com,,Hialeah FL,roofing contractor,gmaps
topsealservices.com,https://topsealservices.com,topsealservices.com,nicomedina@topsealservices.com,,Hialeah FL,roofing contractor,gmaps
zroofing.com,https://zroofing.com,zroofing.com,eduardo.wass@toptal.com,,Hialeah FL,roofing contractor,gmaps
roofing-nation.com,https://roofing-nation.com,roofing-nation.com,sales@roofing-nation.com,,Hialeah FL,roofing contractor,gmaps
allproroofinggroup.com,https://allproroofinggroup.com,allproroofinggroup.com,,,Hialeah FL,roofing contractor,gmaps
jirehroofingcontractorusainc.com,https://jirehroofingcontractorusainc.com,jirehroofingcontractorusainc.com,office@jirehroofingcontractorusainc.com,,Hialeah FL,roofing contractor,gmaps
mromerosroofing.com,https://mromerosroofing.com,mromerosroofing.com,office@mromerosroofing.com,,Hialeah FL,roofing contractor,gmaps
codaroofs.com,https://codaroofs.com,codaroofs.com,codaroofing@gmail.com,,Hialeah FL,roofing contractor,gmaps
roofingsfla.com,https://roofingsfla.com,roofingsfla.com,roofingsfla@gmail.com,,Hialeah FL,roofing contractor,gmaps
metalroofingsuppliers.com,https://metalroofingsuppliers.com,metalroofingsuppliers.com,info@metalroofingsuppliers.com,,Hialeah FL,roofing contractor,gmaps
fixuproofing.com,https://fixuproofing.com,fixuproofing.com,cs@fixuproofing.com,,Hialeah FL,roofing contractor,gmaps
commercialroofservicesfl.com,https://commercialroofservicesfl.com,commercialroofservicesfl.com,floridaomegaroofing@gmail.com,,Hialeah FL,roofing contractor,gmaps
teroof.com,https://teroof.com,teroof.com,info@teroof.com,,Hialeah FL,roofing contractor,gmaps
dmroofingco.com,https://dmroofingco.com,dmroofingco.com,dmroofingco@gmail.com,,Hialeah FL,roofing contractor,gmaps
haildamageroofspecialist.com,https://haildamageroofspecialist.com,haildamageroofspecialist.com,info@haildamageroofspecialist.com,,Hialeah FL,roofing contractor,gmaps
skylineshelterroofingcontractors.com,https://skylineshelterroofingcontractors.com,skylineshelterroofingcontractors.com,info@skylineshelterroofing.com,,Hialeah FL,roofing contractor,gmaps
isaacsroofing.com,https://isaacsroofing.com,isaacsroofing.com,abigail@isaacsroofing.com,,Hialeah FL,roofing contractor,gmaps
borgesroofing.com,https://borgesroofing.com,borgesroofing.com,george@borgesroofing.com,,Hialeah FL,roofing contractor,gmaps
metalroofmaster.com,https://metalroofmaster.com,metalroofmaster.com,sales@metalroofmaster.com,,Hialeah FL,roofing contractor,gmaps
weatherguardroofing.com,https://weatherguardroofing.com,weatherguardroofing.com,info@weatherguardroofing.com,,Hialeah FL,roofing contractor,gmaps
hialeahroofrepair.com,https://hialeahroofrepair.com,hialeahroofrepair.com,info@hialeahroofrepair.com,,Hialeah FL,roofing contractor,gmaps
silverpeakroof.com,https://silverpeakroof.com,silverpeakroof.com,info@silverpeakroof.com,,Miami Gardens FL,roofing contractor,gmaps
levelupcontractors.com,https://levelupcontractors.com,levelupcontractors.com,levelupcontractorsmia@gmail.com,,Miami Gardens FL,roofing contractor,gmaps
salomonroofing.com,https://salomonroofing.com,salomonroofing.com,customerservice@salomonroofing.com,,Miami Gardens FL,roofing contractor,gmaps
siaroofing.com,https://siaroofing.com,siaroofing.com,info@siaroofing.com,,Miami Gardens FL,roofing contractor,gmaps
perkinsroofing.net,https://perkinsroofing.net,perkinsroofing.net,hello@perkinsroofing.net,,Miami Gardens FL,roofing contractor,gmaps
exactroofingmiami.com,https://exactroofingmiami.com,exactroofingmiami.com,info@exactroofingmiami.com,,Miami Gardens FL,roofing contractor,gmaps
miamialuminumroofs.com,https://miamialuminumroofs.com,miamialuminumroofs.com,lemusariel24@gmail.com,,Miami Gardens FL,roofing contractor,gmaps
isaacdavidroofing.net,https://isaacdavidroofing.net,isaacdavidroofing.net,info@isaacdavidroofing.net,,Miami Gardens FL,roofing contractor,gmaps
4everroofing305.com,https://4everroofing305.com,4everroofing305.com,info@4everoofing.com,,Miami Gardens FL,roofing contractor,gmaps
roofing4lessflorida.com,https://roofing4lessflorida.com,roofing4lessflorida.com,info@roofing4lessflorida.com,,Miami Gardens FL,roofing contractor,gmaps
mrt.ai,https://mrt.ai,mrt.ai,admin@mrtconstruction.com,,Miami Gardens FL,roofing contractor,gmaps
bigalsroofing.com,https://bigalsroofing.com,bigalsroofing.com,bigalmiami@gmail.com,,Miami Gardens FL,roofing contractor,gmaps
pearlroof.com,https://pearlroof.com,pearlroof.com,info@pearlroof.com,,Miami Gardens FL,roofing contractor,gmaps
globalcontractorsusa.com,https://globalcontractorsusa.com,globalcontractorsusa.com,info@globalcontractorsusa.com,,Miami Gardens FL,roofing contractor,gmaps
ajfroofingfl.com,https://ajfroofingfl.com,ajfroofingfl.com,info@ajfroofingfl.com,,Miami Gardens FL,roofing contractor,gmaps
threebrothersroofingcorp.com,https://threebrothersroofingcorp.com,threebrothersroofingcorp.com,youremail@yourbusiness.com,,Miami Gardens FL,roofing contractor,gmaps
supremeroofing-co.com,https://supremeroofing-co.com,supremeroofing-co.com,supremeroofingsvc@hotmail.com,,Miami Gardens FL,roofing contractor,gmaps
erfloridaroofing.com,https://erfloridaroofing.com,erfloridaroofing.com,info@erfloridaroofing.com,,Miami Gardens FL,roofing contractor,gmaps
freddytheroofer.com,https://freddytheroofer.com,freddytheroofer.com,info@freddytheroofer.com,,Miami Gardens FL,roofing contractor,gmaps
fqroofs.com,https://fqroofs.com,fqroofs.com,floridaqrs@gmail.com,,Homestead FL,roofing contractor,gmaps
paularoofingllc.com,https://paularoofingllc.com,paularoofingllc.com,paularoofing1@gmail.com,,Homestead FL,roofing contractor,gmaps
leisurecityroofing.com,https://leisurecityroofing.com,leisurecityroofing.com,info@leisurecityroofing.com,,Homestead FL,roofing contractor,gmaps
hilsonroofing.com,https://hilsonroofing.com,hilsonroofing.com,sales@hilsonroofing.com,,Homestead FL,roofing contractor,gmaps
metrowestroofs.com,https://metrowestroofs.com,metrowestroofs.com,info@metrowestroofs.com,,Homestead FL,roofing contractor,gmaps
prestigeroofingoffl.com,https://prestigeroofingoffl.com,prestigeroofingoffl.com,john@smith.com,,Homestead FL,roofing contractor,gmaps
roofingex.com,https://roofingex.com,roofingex.com,sales@roofingex.com,,Homestead FL,roofing contractor,gmaps
modelloroofingworks.com,https://modelloroofingworks.com,modelloroofingworks.com,info@modelloroofingworks.com,,Homestead FL,roofing contractor,gmaps
eagleofthekeysroofing.com,https://eagleofthekeysroofing.com,eagleofthekeysroofing.com,info@eagleofthekeys.com,,Homestead FL,roofing contractor,gmaps
salguerobuildersinc.com,https://salguerobuildersinc.com,salguerobuildersinc.com,salguerobuilders@gmail.com,,Homestead FL,roofing contractor,gmaps
heightsroofing.com,https://heightsroofing.com,heightsroofing.com,heightsroofing@bellsouth.net,,Homestead FL,roofing contractor,gmaps
molinasroofing.com,https://molinasroofing.com,molinasroofing.com,molinasroofingservices@gmail.com,,Homestead FL,roofing contractor,gmaps
addisonroofinginc.org,https://addisonroofinginc.org,addisonroofinginc.org,addisonmetal@bellsouth.net,,Homestead FL,roofing contractor,gmaps
alabaoroofing.com,https://alabaoroofing.com,alabaoroofing.com,quotes@alabaoroofing.com,,Homestead FL,roofing contractor,gmaps
flpropertycare.com,https://flpropertycare.com,flpropertycare.com,micah@micahrich.com,,Homestead FL,roofing contractor,gmaps
tjplatinumroofing.com,https://tjplatinumroofing.com,tjplatinumroofing.com,tjplatinumroofing@gmail.com,,Homestead FL,roofing contractor,gmaps
jmbuildersfl.com,https://jmbuildersfl.com,jmbuildersfl.com,jeffrey@jmbuildersfl.com,,Homestead FL,roofing contractor,gmaps
redlandroofingmasters.com,https://redlandroofingmasters.com,redlandroofingmasters.com,,,Homestead FL,roofing contractor,gmaps
stormroofingsolution.com,https://stormroofingsolution.com,stormroofingsolution.com,stormroofingsolutioninc@gmail.com,,Homestead FL,roofing contractor,gmaps
rapidroofinginc.com,https://rapidroofinginc.com,rapidroofinginc.com,info@rapidroofinginc.com,,Homestead FL,roofing contractor,gmaps
ambestroofing.com,https://ambestroofing.com,ambestroofing.com,info@ambestroofing.com,,Homestead FL,roofing contractor,gmaps
ricigroup.com,https://ricigroup.com,ricigroup.com,service@ricigroup.ca,,Homestead FL,roofing contractor,gmaps
4thgenerationroofing.com,https://4thgenerationroofing.com,4thgenerationroofing.com,r@4thgenerationroofing.com,,Homestead FL,roofing contractor,gmaps
extremeroofingmiami.com,https://extremeroofingmiami.com,extremeroofingmiami.com,info@extremeroofingmiami.com,,Homestead FL,roofing contractor,gmaps
bgiroofing.com,https://bgiroofing.com,bgiroofing.com,sales@bgiroofing.com,,Homestead FL,roofing contractor,gmaps
levelcorp.net,https://levelcorp.net,levelcorp.net,info@levelcorp.net,,Homestead FL,roofing contractor,gmaps
floridahydroworx.com,https://floridahydroworx.com,floridahydroworx.com,floridahydroworxllc@gmail.com,,Homestead FL,roofing contractor,gmaps
aguirresroofing.com,https://aguirresroofing.com,aguirresroofing.com,aguirresroofing@gmail.com,,Homestead FL,roofing contractor,gmaps
rgeneralservices.com,https://rgeneralservices.com,rgeneralservices.com,admin@rgeneralservices.com,,Homestead FL,roofing contractor,gmaps
aplusroofcorp.com,https://aplusroofcorp.com,aplusroofcorp.com,aplusroofcorp@gmail.com,,Homestead FL,roofing contractor,gmaps
prestigepws.com,https://prestigepws.com,prestigepws.com,example@mail.com,,Homestead FL,roofing contractor,gmaps
islandtikihuts.com,https://islandtikihuts.com,islandtikihuts.com,info@islandtikihuts.com,,Homestead FL,roofing contractor,gmaps
vizcayaroofing.com,https://vizcayaroofing.com,vizcayaroofing.com,info@vizcayaroofing.com,,Homestead FL,roofing contractor,gmaps
dorriscm.com,https://dorriscm.com,dorriscm.com,ryan@dorriscm.com,,Homestead FL,roofing contractor,gmaps
kendallroofmasters.com,https://kendallroofmasters.com,kendallroofmasters.com,info@kendallroofmasters.com,,Kendall FL,roofing contractor,gmaps
jbecontractorsllc.com,https://jbecontractorsllc.com,jbecontractorsllc.com,contact@jbecontractorsllc.com,,Kendall FL,roofing contractor,gmaps
fidelityroofinginc.com,https://fidelityroofinginc.com,fidelityroofinginc.com,official@fidelityroofinginc.com,,Kendall FL,roofing contractor,gmaps
aebrothersroofing.com,https://aebrothersroofing.com,aebrothersroofing.com,info@aebrothersroofing.com,,Kendall FL,roofing contractor,gmaps
kendalelakesroofing.com,https://kendalelakesroofing.com,kendalelakesroofing.com,info@modelloroofingworks.com,,Kendall FL,roofing contractor,gmaps
rodmanroofinginc.com,https://rodmanroofinginc.com,rodmanroofinginc.com,rodmanroofing@yahoo.com,,Kendall FL,roofing contractor,gmaps
sdgroofing.com,https://sdgroofing.com,sdgroofing.com,calvitech.solutions@gmail.com,,Kendall FL,roofing contractor,gmaps
rtiservicesinc.com,https://rtiservicesinc.com,rtiservicesinc.com,admin@rtiroofing.com,,Kendall FL,roofing contractor,gmaps
jopros.com,https://jopros.com,jopros.com,roofing@jopros.com,,Kendall FL,roofing contractor,gmaps
castonroofing.com,https://castonroofing.com,castonroofing.com,jason@castoncontracting.com,,Kendall FL,roofing contractor,gmaps
kendallwestroofing.com,https://kendallwestroofing.com,kendallwestroofing.com,info@kendallwestroofing.com,,Kendall FL,roofing contractor,gmaps
allprocontractorsgroup.com,https://allprocontractorsgroup.com,allprocontractorsgroup.com,gbango@allprocontractorsgroup.com,,Kendall FL,roofing contractor,gmaps
miamibestroofing.com,https://miamibestroofing.com,miamibestroofing.com,info@miamibestroofing.com,,Kendall FL,roofing contractor,gmaps
palmroofing.com,https://palmroofing.com,palmroofing.com,contact@palmroofing.com,,Kendall FL,roofing contractor,gmaps
flashroofingmiami.com,https://flashroofingmiami.com,flashroofingmiami.com,flashroofingmiami@gmail.com,,Kendall FL,roofing contractor,gmaps
local.roofersready.com,https://local.roofersready.com,local.roofersready.com,support@roofersready.com,,Kendall FL,roofing contractor,gmaps
thecrossingsroofing.com,https://thecrossingsroofing.com,thecrossingsroofing.com,info@thecrossingsroofing.com,,Kendall FL,roofing contractor,gmaps
aspsuperhome.com,https://aspsuperhome.com,aspsuperhome.com,salesoffice@aspsuperhome.com,,Kendall FL,roofing contractor,gmaps
fullcover-roofing.com,https://fullcover-roofing.com,fullcover-roofing.com,yasmin@fullcover-roofing.com,,Kendall FL,roofing contractor,gmaps
m3roofmiami.com,https://m3roofmiami.com,m3roofmiami.com,info@m3roofmiami.com,,Kendall FL,roofing contractor,gmaps
clickconstructionusa.com,https://clickconstructionusa.com,clickconstructionusa.com,clickconstructionusa@gmail.com,,Kendall FL,roofing contractor,gmaps
constructiongroupcorp.com,https://constructiongroupcorp.com,constructiongroupcorp.com,d.s@constructiongroupcorp.com,,Kendall FL,roofing contractor,gmaps
roofcleaningservicesmiami.com,https://roofcleaningservicesmiami.com,roofcleaningservicesmiami.com,info@overspraysolution.com,,Kendall FL,roofing contractor,gmaps
skylinedevelopmentfl.com,https://skylinedevelopmentfl.com,skylinedevelopmentfl.com,info@skylinedevelopmentfl.com,,Kendall FL,roofing contractor,gmaps
bestautovibes.store,https://bestautovibes.store,bestautovibes.store,dispatch@bestautovibes.com,,Kendall FL,roofing contractor,gmaps
pradamartinezwaterproofing.com,https://pradamartinezwaterproofing.com,pradamartinezwaterproofing.com,juanprada55@gmail.com,,Kendall FL,roofing contractor,gmaps
allfloridaroof.com,https://allfloridaroof.com,allfloridaroof.com,info@allfloridaroof.com,,Kendall FL,roofing contractor,gmaps
rd-cr.net,https://rd-cr.net,rd-cr.net,info@rd-cr.net,,Kendall FL,roofing contractor,gmaps
jagroofingsolutions.com,https://jagroofingsolutions.com,jagroofingsolutions.com,garciajoe@jagroofing.org,,Kendall FL,roofing contractor,gmaps
roofinginmiamifl.com,https://roofinginmiamifl.com,roofinginmiamifl.com,contact@roofinginmiamifl.com,,Kendall FL,roofing contractor,gmaps
mysunliferoofing.com,https://mysunliferoofing.com,mysunliferoofing.com,info@mysunliferoofing.com,,Kendall FL,roofing contractor,gmaps
optamiss.com,https://optamiss.com,optamiss.com,info@optamiss.com,,Kendall FL,roofing contractor,gmaps
janusroofingfl.com,https://janusroofingfl.com,janusroofingfl.com,ann@janusgroup.xyz,,Kendall FL,roofing contractor,gmaps
agreencontractors.com,https://agreencontractors.com,agreencontractors.com,office@agreencontractors.com,,Doral FL,roofing contractor,gmaps
doralcommercialroofing.com,https://doralcommercialroofing.com,doralcommercialroofing.com,info@doralcommercialroofing.com,,Doral FL,roofing contractor,gmaps
bsroofingandbuilding.com,https://bsroofingandbuilding.com,bsroofingandbuilding.com,info@bsroofingandbuilding.com,,Doral FL,roofing contractor,gmaps
myroofplus.com,https://myroofplus.com,myroofplus.com,myroofplus@gmail.com,,Doral FL,roofing contractor,gmaps
roofweiler.com,https://roofweiler.com,roofweiler.com,info@roofweiler.com,,Doral FL,roofing contractor,gmaps
delsolroofing.com,https://delsolroofing.com,delsolroofing.com,dsr@delsolroofing.com,,Doral FL,roofing contractor,gmaps
3squaresroofing.com,https://3squaresroofing.com,3squaresroofing.com,stanley@3squaresroofing.com,,Doral FL,roofing contractor,gmaps
fountainbleauroofing.com,https://fountainbleauroofing.com,fountainbleauroofing.com,info@fountainbleauroofing.com,,Doral FL,roofing contractor,gmaps
dukecontractors.net,https://dukecontractors.net,dukecontractors.net,info@dukecontractors.net,,Doral FL,roofing contractor,gmaps
rainbowroofingmaster.com,https://rainbowroofingmaster.com,rainbowroofingmaster.com,info@rainbowroofingmaster.com,,Doral FL,roofing contractor,gmaps
mgcroofing.com,https://mgcroofing.com,mgcroofing.com,cassey@stonedesignsco.com,,Doral FL,roofing contractor,gmaps
royaltyroofingmiamillc.godaddysites.com,https://royaltyroofingmiamillc.godaddysites.com,royaltyroofingmiamillc.godaddysites.com,info@indiantypefoundry.com,,Doral FL,roofing contractor,gmaps
rwbproroofing.com,https://rwbproroofing.com,rwbproroofing.com,info@rwbproroofing.com,,Doral FL,roofing contractor,gmaps
meadowlineroofing.com,https://meadowlineroofing.com,meadowlineroofing.com,info@meadowlineroofing.com,,Doral FL,roofing contractor,gmaps
agmsupply.com,https://agmsupply.com,agmsupply.com,info@agmsupply.com,,Doral FL,roofing contractor,gmaps
jqroofing.com,https://jqroofing.com,jqroofing.com,info@jqroofing.com,,Doral FL,roofing contractor,gmaps
sunshineroofers.com,https://sunshineroofers.com,sunshineroofers.com,antonio@sunshineroofers.com,,Doral FL,roofing contractor,gmaps
strangeconstructioninc.com,https://strangeconstructioninc.com,strangeconstructioninc.com,allen@strangeconstructions.com,,Doral FL,roofing contractor,gmaps
flroofingsystems.com,https://flroofingsystems.com,flroofingsystems.com,support@flroofingsystems.com,,Doral FL,roofing contractor,gmaps
metalmastershop.com,https://metalmastershop.com,metalmastershop.com,info@metalmastershop.com,,Doral FL,roofing contractor,gmaps
rainaway.net,https://rainaway.net,rainaway.net,phuq7155@gmail.com,,Doral FL,roofing contractor,gmaps
infinitysafetyhomes.com,https://infinitysafetyhomes.com,infinitysafetyhomes.com,contact@infinitysafetyhomes.com,,Doral FL,roofing contractor,gmaps
solidbuildfl.com,https://solidbuildfl.com,solidbuildfl.com,info@website.com,,Doral FL,roofing contractor,gmaps
goldstarroofing.us,https://goldstarroofing.us,goldstarroofing.us,esmelin@goldstarroofing.us,,Doral FL,roofing contractor,gmaps
stablerockconstruction.com,https://stablerockconstruction.com,stablerockconstruction.com,info@stablerockconstruction.com,,Doral FL,roofing contractor,gmaps
stonearchroofing.com,https://stonearchroofing.com,stonearchroofing.com,info@stonearchroofing.com,,Coral Gables FL,roofing contractor,gmaps
novoroofing.com,https://novoroofing.com,novoroofing.com,alexnovo33@yahoo.com,,Coral Gables FL,roofing contractor,gmaps
onpointgb.com,https://onpointgb.com,onpointgb.com,main@onpointgb.com,,Coral Gables FL,roofing contractor,gmaps
eliterestorationfl.com,https://eliterestorationfl.com,eliterestorationfl.com,info@eliterestorationfl.com,,Coral Gables FL,roofing contractor,gmaps
onestopconstruction.com,https://onestopconstruction.com,onestopconstruction.com,info@onestopconstruction.com,,Coral Gables FL,roofing contractor,gmaps
avantequality.com,https://avantequality.com,avantequality.com,office@avantequality.com,,Coral Gables FL,roofing contractor,gmaps
joyaroofing.net,https://joyaroofing.net,joyaroofing.net,diana.joya@joyaroofing.net,,Coral Gables FL,roofing contractor,gmaps
highpointroofingcorp.com,https://highpointroofingcorp.com,highpointroofingcorp.com,highpointroofingcorp@yahoo.com,,Coral Gables FL,roofing contractor,gmaps
fabsremodeling.com,https://fabsremodeling.com,fabsremodeling.com,fabsremodeling@gmail.com,,Coral Gables FL,roofing contractor,gmaps
cmrconstructiongroup.com,https://cmrconstructiongroup.com,cmrconstructiongroup.com,fber02@cmrconstructiongroup.com,,Coral Gables FL,roofing contractor,gmaps
cuttingedgeinnovative.com,https://cuttingedgeinnovative.com,cuttingedgeinnovative.com,info@cuttingedgeinnovative.com,,Coral Gables FL,roofing contractor,gmaps
volca.us,https://volca.us,volca.us,info@volca.us,,Coral Gables FL,roofing contractor,gmaps
sofisadevelopment.com,https://sofisadevelopment.com,sofisadevelopment.com,info@sofisadevelopment.com,,Coral Gables FL,roofing contractor,gmaps
miamiroofingconsultant.com,https://miamiroofingconsultant.com,miamiroofingconsultant.com,roofing@miamiroofingconsultant.com,,Coral Gables FL,roofing contractor,gmaps
planetroofingfl.com,https://planetroofingfl.com,planetroofingfl.com,planetroofing@pcflc.com,,Fort Lauderdale FL,roofing contractor,gmaps
maze-roofing.com,https://maze-roofing.com,maze-roofing.com,info@maze-roofing.com,,Fort Lauderdale FL,roofing contractor,gmaps
tigerteamroofing.com,https://tigerteamroofing.com,tigerteamroofing.com,info@tigerteamroofing.com,,Fort Lauderdale FL,roofing contractor,gmaps
mmroofingconstruction.com,https://mmroofingconstruction.com,mmroofingconstruction.com,martin@mmroofingandconstruction.com,,Fort Lauderdale FL,roofing contractor,gmaps
samedayroofrepairllc.com,https://samedayroofrepairllc.com,samedayroofrepairllc.com,info@samedayroofrepairllc.com,,Fort Lauderdale FL,roofing contractor,gmaps
dolphinroofing.com,https://dolphinroofing.com,dolphinroofing.com,info@dolphinroofing.com,,Fort Lauderdale FL,roofing contractor,gmaps
gjroofingfl.com,https://gjroofingfl.com,gjroofingfl.com,gjroofingfl@gmail.com,,Fort Lauderdale FL,roofing contractor,gmaps
paulbangeroofing.com,https://paulbangeroofing.com,paulbangeroofing.com,info@paulbangeroofing.com,,Fort Lauderdale FL,roofing contractor,gmaps
wsrconstruction.net,https://wsrconstruction.net,wsrconstruction.net,,,Fort Lauderdale FL,roofing contractor,gmaps
roofproroofing.com,https://roofproroofing.com,roofproroofing.com,info@roofproroofing.com,,Fort Lauderdale FL,roofing contractor,gmaps
roofgiants.com,https://roofgiants.com,roofgiants.com,office@roofgiants.com,,Fort Lauderdale FL,roofing contractor,gmaps
roofstogo.com,https://roofstogo.com,roofstogo.com,mike@roofstogo.com,,Fort Lauderdale FL,roofing contractor,gmaps
lewisroofingfl.com,https://lewisroofingfl.com,lewisroofingfl.com,office@lewisroofingfl.com,,Fort Lauderdale FL,roofing contractor,gmaps
shieldlineroofing.com,https://shieldlineroofing.com,shieldlineroofing.com,contact@shieldlineroofing.com,,Fort Lauderdale FL,roofing contractor,gmaps
allamericanroof.com,https://allamericanroof.com,allamericanroof.com,aar@allamericanroof.com,,Fort Lauderdale FL,roofing contractor,gmaps
laportaroofing.com,https://laportaroofing.com,laportaroofing.com,info@laportacontracting.com,,Fort Lauderdale FL,roofing contractor,gmaps
faircontractorllc.com,https://faircontractorllc.com,faircontractorllc.com,faircontractorllc@gmail.com,,Fort Lauderdale FL,roofing contractor,gmaps
theroofersfl.com,https://theroofersfl.com,theroofersfl.com,info@theroofersfl.com,,Fort Lauderdale FL,roofing contractor,gmaps
smart-roofing-contractor.com,https://smart-roofing-contractor.com,smart-roofing-contractor.com,office@smart-roofing-contractor.com,,Fort Lauderdale FL,roofing contractor,gmaps
chaseroofing.com,https://chaseroofing.com,chaseroofing.com,sale@chaseroofing.com,,Fort Lauderdale FL,roofing contractor,gmaps
lauderdalelakesroofing.com,https://lauderdalelakesroofing.com,lauderdalelakesroofing.com,info@lauderdalelakesroofing.com,,Fort Lauderdale FL,roofing contractor,gmaps
jlallroofing-servicellc.com,https://jlallroofing-servicellc.com,jlallroofing-servicellc.com,jl.allroofingservice@gmail.com,,Fort Lauderdale FL,roofing contractor,gmaps
shieldproofroofing.com,https://shieldproofroofing.com,shieldproofroofing.com,info@shieldproofroofing.com,,Fort Lauderdale FL,roofing contractor,gmaps
advancedroofingnconstruction.com,https://advancedroofingnconstruction.com,advancedroofingnconstruction.com,permits@fl-roofer.net,,Fort Lauderdale FL,roofing contractor,gmaps
rhiroofing.com,https://rhiroofing.com,rhiroofing.com,info@rhiroofing.com,,Fort Lauderdale FL,roofing contractor,gmaps
evansroof.com,https://evansroof.com,evansroof.com,marketing@evansroof.com,,Fort Lauderdale FL,roofing contractor,gmaps
tropicoroofing.com,https://tropicoroofing.com,tropicoroofing.com,tropicoroofing@gmail.com,,Fort Lauderdale FL,roofing contractor,gmaps
skyproroofing.com,https://skyproroofing.com,skyproroofing.com,info@skyproroofing.com,,Fort Lauderdale FL,roofing contractor,gmaps
skyguardroofingllc.com,https://skyguardroofingllc.com,skyguardroofingllc.com,info@skyguardroofing.com,,Fort Lauderdale FL,roofing contractor,gmaps
jkroofinginc.com,https://jkroofinginc.com,jkroofinginc.com,julio@jkroofinginc.com,,Fort Lauderdale FL,roofing contractor,gmaps
suncatcherroofing.com,https://suncatcherroofing.com,suncatcherroofing.com,info@suncatcherroofing.com,,Fort Lauderdale FL,roofing contractor,gmaps
boulevardgardensroofing.com,https://boulevardgardensroofing.com,boulevardgardensroofing.com,info@edgeroofingexperts.com,,Fort Lauderdale FL,roofing contractor,gmaps
rickettsconstruction.com,https://rickettsconstruction.com,rickettsconstruction.com,estimate@rickettsconstruction.com,,Fort Lauderdale FL,roofing contractor,gmaps
rainbowroofing.com,https://rainbowroofing.com,rainbowroofing.com,info@rainbowroofing.com,,Fort Lauderdale FL,roofing contractor,gmaps
washingtonparkroofing.com,https://washingtonparkroofing.com,washingtonparkroofing.com,info@washingtonparkroofing.com,,Fort Lauderdale FL,roofing contractor,gmaps
roofersfortlauderdale.com,https://roofersfortlauderdale.com,roofersfortlauderdale.com,roofingfortlaud@gmail.com,,Fort Lauderdale FL,roofing contractor,gmaps
coleroofingservices.com,https://coleroofingservices.com,coleroofingservices.com,info@coledevelopmentllc.com,,Fort Lauderdale FL,roofing contractor,gmaps
roofologysouthflorida.com,https://roofologysouthflorida.com,roofologysouthflorida.com,noah@roofologyroofing.com,,Hollywood FL,roofing contractor,gmaps
novaroofinghollywoodfl.com,https://novaroofinghollywoodfl.com,novaroofinghollywoodfl.com,,,Hollywood FL,roofing contractor,gmaps
dreamteammetalroofingandsolar.com,https://dreamteammetalroofingandsolar.com,dreamteammetalroofingandsolar.com,hotleads@dreamteamroofing.co,,Hollywood FL,roofing contractor,gmaps
elmagosroofing.com,https://elmagosroofing.com,elmagosroofing.com,,,Hollywood FL,roofing contractor,gmaps
johnstonroofing.com,https://johnstonroofing.com,johnstonroofing.com,info@johnstonroofing.com,,Hollywood FL,roofing contractor,gmaps
upstateroofsolutions.com,https://upstateroofsolutions.com,upstateroofsolutions.com,info@upstateroofsolutions.com,,Hollywood FL,roofing contractor,gmaps
victoryroofer.com,https://victoryroofer.com,victoryroofer.com,info@lovemichigan.net,,Hollywood FL,roofing contractor,gmaps
usaroofingandconstructioninc.com,https://usaroofingandconstructioninc.com,usaroofingandconstructioninc.com,usaroofingac@gmail.com,,Hollywood FL,roofing contractor,gmaps
pioneerroofingcompany.com,https://pioneerroofingcompany.com,pioneerroofingcompany.com,yurimanuel@hotmail.es,,Hollywood FL,roofing contractor,gmaps
marzoroofing.com,https://marzoroofing.com,marzoroofing.com,office@marzoroofing.com,,Hollywood FL,roofing contractor,gmaps
roofershollywoodfl.com,https://roofershollywoodfl.com,roofershollywoodfl.com,info@roofingservice.com,,Hollywood FL,roofing contractor,gmaps
siroof.com,https://siroof.com,siroof.com,info@siroof.com,,Hollywood FL,roofing contractor,gmaps
stevenscommercialroofing.com,https://stevenscommercialroofing.com,stevenscommercialroofing.com,sales@stevenscommercialroofing.com,,Hollywood FL,roofing contractor,gmaps
ahcbuilders.com,https://ahcbuilders.com,ahcbuilders.com,info@ahcbuilders.com,,Hollywood FL,roofing contractor,gmaps
mk-roofing-inc.ueniweb.com,https://mk-roofing-inc.ueniweb.com,mk-roofing-inc.ueniweb.com,estimates@mkroofing.net,,Hollywood FL,roofing contractor,gmaps
novararoofing.com,https://novararoofing.com,novararoofing.com,info@novararoofing.com,,Hollywood FL,roofing contractor,gmaps
careconstructioninc.com,https://careconstructioninc.com,careconstructioninc.com,office@careconstructioninc.com,,Hollywood FL,roofing contractor,gmaps
greencontractorsfl.com,https://greencontractorsfl.com,greencontractorsfl.com,info@greencontractorsfl.com,,Hollywood FL,roofing contractor,gmaps
stormprosflorida.com,https://stormprosflorida.com,stormprosflorida.com,info@stormprosflorida.com,,Hollywood FL,roofing contractor,gmaps
eeremodels.net,https://eeremodels.net,eeremodels.net,contact@eeremodels.net,,Hollywood FL,roofing contractor,gmaps
careroofingfl.com,https://careroofingfl.com,careroofingfl.com,caresmr@bellsouth.net,,Hollywood FL,roofing contractor,gmaps
luxconstructiongroup.com,https://luxconstructiongroup.com,luxconstructiongroup.com,luxcgfl@gmail.com,,Hollywood FL,roofing contractor,gmaps
onenationrenovation.com,https://onenationrenovation.com,onenationrenovation.com,info@onenationrenovation.com,,Hollywood FL,roofing contractor,gmaps
carpediemsales.com,https://carpediemsales.com,carpediemsales.com,info@carpediemsales.com,,Hollywood FL,roofing contractor,gmaps
go.industrygc.com,https://go.industrygc.com,go.industrygc.com,sales@industrygc.com,,Hollywood FL,roofing contractor,gmaps
modernizegreensolutions.com,https://modernizegreensolutions.com,modernizegreensolutions.com,info@modernizegreensolutions.com,,Hollywood FL,roofing contractor,gmaps
mariosmetalroofing.com,https://mariosmetalroofing.com,mariosmetalroofing.com,supermarioroofing@yahoo.com,,Hollywood FL,roofing contractor,gmaps
sealdeckservices.com,https://sealdeckservices.com,sealdeckservices.com,info@sealdeckservices.com,,Hollywood FL,roofing contractor,gmaps
parkerhausroofing.com,https://parkerhausroofing.com,parkerhausroofing.com,roy.j@parkerhausroofing.com,,Hollywood FL,roofing contractor,gmaps
faircontractorsales.com,https://faircontractorsales.com,faircontractorsales.com,webmaster@faircontractorsales.com,,Hollywood FL,roofing contractor,gmaps
elitetarping.com,https://elitetarping.com,elitetarping.com,info@elitetarping.com,,Hollywood FL,roofing contractor,gmaps
edissremodelingcompany.com,https://edissremodelingcompany.com,edissremodelingcompany.com,info@edissconstruction.com,,Hollywood FL,roofing contractor,gmaps
waterdamagerepairservicesofhollywoodfl.com,https://waterdamagerepairservicesofhollywoodfl.com,waterdamagerepairservicesofhollywoodfl.com,info@phillyconstructionmgmt.com,,Hollywood FL,roofing contractor,gmaps
firstroofingllc.com,https://firstroofingllc.com,firstroofingllc.com,info@firstroofingllc.com,,Hollywood FL,roofing contractor,gmaps
floridaconstructionpro.com,https://floridaconstructionpro.com,floridaconstructionpro.com,flconstructionpro@gmail.com,,Hollywood FL,roofing contractor,gmaps
rockstarfl.com,https://rockstarfl.com,rockstarfl.com,,,Pembroke Pines FL,roofing contractor,gmaps
thompsonsroofing.com,https://thompsonsroofing.com,thompsonsroofing.com,info@thompsonsroofing.com,,Pembroke Pines FL,roofing contractor,gmaps
perfectchoiceroof.com,https://perfectchoiceroof.com,perfectchoiceroof.com,,,Pembroke Pines FL,roofing contractor,gmaps
purecraftroofrepair.com,https://purecraftroofrepair.com,purecraftroofrepair.com,info@purecraftroofrepair.com,,Pembroke Pines FL,roofing contractor,gmaps
seguraroofing.com,https://seguraroofing.com,seguraroofing.com,info@seguraroofing.com,,Pembroke Pines FL,roofing contractor,gmaps
mmroofingandcleaning.com,https://mmroofingandcleaning.com,mmroofingandcleaning.com,info@mmroofingandcleaning.com,,Pembroke Pines FL,roofing contractor,gmaps
tigerandsonroofing.com,https://tigerandsonroofing.com,tigerandsonroofing.com,mafer@tigerandsonroofing.com,,Pembroke Pines FL,roofing contractor,gmaps
upgradegc.com,https://upgradegc.com,upgradegc.com,info@upgradegc.com,,Pembroke Pines FL,roofing contractor,gmaps
stroofer.com,https://stroofer.com,stroofer.com,info@stroofer.com,,Pembroke Pines FL,roofing contractor,gmaps
floridahome360.com,https://floridahome360.com,floridahome360.com,leads@flhome360.com,,Pembroke Pines FL,roofing contractor,gmaps
cayeworks.com,https://cayeworks.com,cayeworks.com,info@cayeworks.com,,Pembroke Pines FL,roofing contractor,gmaps
frankseeberroofing.com,https://frankseeberroofing.com,frankseeberroofing.com,fscroofing@aol.com,,Pembroke Pines FL,roofing contractor,gmaps
xpressroofers.com,https://xpressroofers.com,xpressroofers.com,flxpressroofing@yahoo.com,,Pembroke Pines FL,roofing contractor,gmaps
a1proservicesroofing.com,https://a1proservicesroofing.com,a1proservicesroofing.com,info@a1proservicesroofing.com,,Pembroke Pines FL,roofing contractor,gmaps
bmgroofing.com,https://bmgroofing.com,bmgroofing.com,info@bmgroofing.com,,Pembroke Pines FL,roofing contractor,gmaps
reelcontractors.net,https://reelcontractors.net,reelcontractors.net,info@reelcontractors.net,,Pembroke Pines FL,roofing contractor,gmaps
safetechbuilders.com,https://safetechbuilders.com,safetechbuilders.com,info@safetechbuilders.com,,Pembroke Pines FL,roofing contractor,gmaps
directorii.com,https://directorii.com,directorii.com,info@directorii.com,,Pembroke Pines FL,roofing contractor,gmaps
boulevardheightsroofing.com,https://boulevardheightsroofing.com,boulevardheightsroofing.com,info@boulevardheightsroofing.com,,Pembroke Pines FL,roofing contractor,gmaps
waterproofingpros.net,https://waterproofingpros.net,waterproofingpros.net,a1roofingprosfl@gmail.com,,Pembroke Pines FL,roofing contractor,gmaps
freshhomeroofing.com,https://freshhomeroofing.com,freshhomeroofing.com,sales@freshhomeroofing.com,,Pembroke Pines FL,roofing contractor,gmaps
applianceelectrichvac.us,https://applianceelectrichvac.us,applianceelectrichvac.us,service@applianceexpert.com,,Pembroke Pines FL,roofing contractor,gmaps
paragonunlimited.com,https://paragonunlimited.com,paragonunlimited.com,paragon@bellsouth.net,,Pembroke Pines FL,roofing contractor,gmaps
valorroofingcompany.com,https://valorroofingcompany.com,valorroofingcompany.com,info@valoroofingcompany.com,,Pembroke Pines FL,roofing contractor,gmaps
alconstructionpros.com,https://alconstructionpros.com,alconstructionpros.com,eitanf@rivoads.com,,Pembroke Pines FL,roofing contractor,gmaps
rokub.net,https://rokub.net,rokub.net,rokubroofing@gmail.com,,Pembroke Pines FL,roofing contractor,gmaps
gutteritup.com,https://gutteritup.com,gutteritup.com,info@gutteritup.com,,Pembroke Pines FL,roofing contractor,gmaps
caroofingfl.com,https://caroofingfl.com,caroofingfl.com,info@caroofingfl.com,,Pembroke Pines FL,roofing contractor,gmaps
kameronroofing.com,https://kameronroofing.com,kameronroofing.com,info@kameronroofing.com,,Pembroke Pines FL,roofing contractor,gmaps
airforceroofing.com,https://airforceroofing.com,airforceroofing.com,info@airforceroofing.com,,Pompano Beach FL,roofing contractor,gmaps
alroofingcontractor.com,https://alroofingcontractor.com,alroofingcontractor.com,contact@alroofingcontractor.com,,Pompano Beach FL,roofing contractor,gmaps
floridaqualityroofing.com,https://floridaqualityroofing.com,floridaqualityroofing.com,info@floridaqualityroofing.com,,Pompano Beach FL,roofing contractor,gmaps
innovativeroofing.com,https://innovativeroofing.com,innovativeroofing.com,info@innovativeroofing.com,,Pompano Beach FL,roofing contractor,gmaps
flproroofing.com,https://flproroofing.com,flproroofing.com,hello@flprorofing.com,,Pompano Beach FL,roofing contractor,gmaps
jrroofingsolutions.com,https://jrroofingsolutions.com,jrroofingsolutions.com,jr.roofingsolutionsinfo@gmail.com,,Pompano Beach FL,roofing contractor,gmaps
neweraroofingconcepts.com,https://neweraroofingconcepts.com,neweraroofingconcepts.com,eber@eraroof.com,,Pompano Beach FL,roofing contractor,gmaps
theroofxperts.com,https://theroofxperts.com,theroofxperts.com,info@theroofxperts.com,,Pompano Beach FL,roofing contractor,gmaps
sciroof.com,https://sciroof.com,sciroof.com,,,Pompano Beach FL,roofing contractor,gmaps
distinctiveroofing.net,https://distinctiveroofing.net,distinctiveroofing.net,,,Pompano Beach FL,roofing contractor,gmaps
clarkroofingflorida.com,https://clarkroofingflorida.com,clarkroofingflorida.com,clarkroofingfieldsupervisor@gmail.com,,Pompano Beach FL,roofing contractor,gmaps
lprroofingfl.com,https://lprroofingfl.com,lprroofingfl.com,roofingsfl@yahoo.com,,Pompano Beach FL,roofing contractor,gmaps
gotrexroofing.com,https://gotrexroofing.com,gotrexroofing.com,hello@gotrexroofing.com,,Pompano Beach FL,roofing contractor,gmaps
rooftechfl.com,https://rooftechfl.com,rooftechfl.com,service@rooftechfl.com,,Pompano Beach FL,roofing contractor,gmaps
hyerroofing.com,https://hyerroofing.com,hyerroofing.com,bhyerinc@gmail.com,,Pompano Beach FL,roofing contractor,gmaps
thumbsup-roofing.com,https://thumbsup-roofing.com,thumbsup-roofing.com,info@thumbsup-roofing.com,,Pompano Beach FL,roofing contractor,gmaps
newamericaconstructionservices.com,https://newamericaconstructionservices.com,newamericaconstructionservices.com,andyortizroofing@gmail.com,,Pompano Beach FL,roofing contractor,gmaps
dakomaroofing.com,https://dakomaroofing.com,dakomaroofing.com,info@dakomaroofing.com,,Pompano Beach FL,roofing contractor,gmaps
monarchroof.com,https://monarchroof.com,monarchroof.com,admin@monarchroof.com,,Pompano Beach FL,roofing contractor,gmaps
tornadoroofing.com,https://tornadoroofing.com,tornadoroofing.com,info@tornadoroofing.com,,Pompano Beach FL,roofing contractor,gmaps
360roofingservices.com,https://360roofingservices.com,360roofingservices.com,info@360roofingservices.com,,Pompano Beach FL,roofing contractor,gmaps
allseasonroofingflorida.com,https://allseasonroofingflorida.com,allseasonroofingflorida.com,allseasonroofingfl@gmail.com,,Pompano Beach FL,roofing contractor,gmaps
johnsroofingservices.com,https://johnsroofingservices.com,johnsroofingservices.com,sales.johnsroofing@gmail.com,,Pompano Beach FL,roofing contractor,gmaps
ecosmartconstruct.com,https://ecosmartconstruct.com,ecosmartconstruct.com,info@ecosmartconstruct.com,,Pompano Beach FL,roofing contractor,gmaps
firstdueroofing.com,https://firstdueroofing.com,firstdueroofing.com,t@u6f6.pydyad,,Pompano Beach FL,roofing contractor,gmaps
atlanticroofinginc.com,https://atlanticroofinginc.com,atlanticroofinginc.com,sales@atlanticroofinginc.com,,Pompano Beach FL,roofing contractor,gmaps
lakesviewroofing.com,https://lakesviewroofing.com,lakesviewroofing.com,info@lakesviewroofing.com,,Pompano Beach FL,roofing contractor,gmaps
cruzcorproof.com,https://cruzcorproof.com,cruzcorproof.com,office@cruzcorproofing.com,,Pompano Beach FL,roofing contractor,gmaps
juberroofing.com,https://juberroofing.com,juberroofing.com,contact@juberroofing.com,,Pompano Beach FL,roofing contractor,gmaps
mortonroofing.com,https://mortonroofing.com,mortonroofing.com,example@mysite.com,,Pompano Beach FL,roofing contractor,gmaps
gforceroofing.com,https://gforceroofing.com,gforceroofing.com,office@gforceroofing.com,,Pompano Beach FL,roofing contractor,gmaps
valleycrestroofers.com,https://valleycrestroofers.com,valleycrestroofers.com,info@valleycrestroofers.com,,Pompano Beach FL,roofing contractor,gmaps
p5roofing.com,https://p5roofing.com,p5roofing.com,contact@p5roofing.com,,Pompano Beach FL,roofing contractor,gmaps
crownroofing.com,https://crownroofing.com,crownroofing.com,info@crownroofing.com,,Pompano Beach FL,roofing contractor,gmaps
extremeunlimitedinc.com,https://extremeunlimitedinc.com,extremeunlimitedinc.com,extremeunlimitedinc@gmail.com,,Pompano Beach FL,roofing contractor,gmaps
stallionrestoration.com,https://stallionrestoration.com,stallionrestoration.com,operations@stallionrestoration.com,,Pompano Beach FL,roofing contractor,gmaps
royalblueroof.com,https://royalblueroof.com,royalblueroof.com,kevskelhorn@bellsouth.net,,Pompano Beach FL,roofing contractor,gmaps
amsoffla.com,https://amsoffla.com,amsoffla.com,info@amsroofing.com,,Pompano Beach FL,roofing contractor,gmaps
peachstateroofinginc.com,https://peachstateroofinginc.com,peachstateroofinginc.com,info@peachstateinc.com,,Pompano Beach FL,roofing contractor,gmaps
rickettsroofing.com,https://rickettsroofing.com,rickettsroofing.com,wrickettsconstruction@gmail.com,,Pompano Beach FL,roofing contractor,gmaps
whaleroofing.com,https://whaleroofing.com,whaleroofing.com,info@whaleroofing.com,,Boca Raton FL,roofing contractor,gmaps
txbroof.com,https://txbroof.com,txbroof.com,steven@txbroof.com,,Boca Raton FL,roofing contractor,gmaps
forteroofingfl.com,https://forteroofingfl.com,forteroofingfl.com,info@forteroofingfl.com,,Boca Raton FL,roofing contractor,gmaps
clsroofingllc.com,https://clsroofingllc.com,clsroofingllc.com,info@clsroofingllc.com,,Boca Raton FL,roofing contractor,gmaps
matthewsroofs.com,https://matthewsroofs.com,matthewsroofs.com,kevin@mattroof.com,,Boca Raton FL,roofing contractor,gmaps
whisperwalkroofing.com,https://whisperwalkroofing.com,whisperwalkroofing.com,info@whisperwalkroofing.com,,Boca Raton FL,roofing contractor,gmaps
securityroofing.com,https://securityroofing.com,securityroofing.com,sales@securityroofing.com,,Boca Raton FL,roofing contractor,gmaps
buildersofamerica.org,https://buildersofamerica.org,buildersofamerica.org,info@buildersofamerica.org,,Boca Raton FL,roofing contractor,gmaps
renegaderoofingco.com,https://renegaderoofingco.com,renegaderoofingco.com,william@renegaderoofingco.com,,Boca Raton FL,roofing contractor,gmaps
fslgc.com,https://fslgc.com,fslgc.com,info@fslgc.com,,Boca Raton FL,roofing contractor,gmaps
superiorroofingsouthflorida.com,https://superiorroofingsouthflorida.com,superiorroofingsouthflorida.com,help@superiorroofingsouthflorida.com,,Boca Raton FL,roofing contractor,gmaps
brightlineroofing.com,https://brightlineroofing.com,brightlineroofing.com,info@brightlineroofing.com,,Boca Raton FL,roofing contractor,gmaps
hurricaneheroesgo.com,https://hurricaneheroesgo.com,hurricaneheroesgo.com,sales@hurricaneheroesgo.com,,Boca Raton FL,roofing contractor,gmaps
friendlyroofs.com,https://friendlyroofs.com,friendlyroofs.com,info@friendlyroofs.com,,Boca Raton FL,roofing contractor,gmaps
coveroofingmasters.com,https://coveroofingmasters.com,coveroofingmasters.com,info@coveroofingmasters.com,,Boca Raton FL,roofing contractor,gmaps
bestroofersnearme.net,https://bestroofersnearme.net,bestroofersnearme.net,service@linkeo.net,,Boca Raton FL,roofing contractor,gmaps
crwpinc.com,https://crwpinc.com,crwpinc.com,hello@crwpinc.com,,Boca Raton FL,roofing contractor,gmaps
revivewaterdamagerestoration.com,https://revivewaterdamagerestoration.com,revivewaterdamagerestoration.com,tampa@revivewaterdamagerestoration.com,,Boca Raton FL,roofing contractor,gmaps
sunroofingrepair.com,https://sunroofingrepair.com,sunroofingrepair.com,info@sunsroofingrepair.com,,Boca Raton FL,roofing contractor,gmaps
abcroofingcorp.com,https://abcroofingcorp.com,abcroofingcorp.com,google@abcroofingcorp.com,,Boca Raton FL,roofing contractor,gmaps
blackbirdconstructionbocaraton.homes,https://blackbirdconstructionbocaraton.homes,blackbirdconstructionbocaraton.homes,info@blackbirdconstructionbocaraton.com,,Boca Raton FL,roofing contractor,gmaps
roof-work.com,https://roof-work.com,roof-work.com,milenabbrandao@gmail.com,,Boca Raton FL,roofing contractor,gmaps
highlandproroofers.com,https://highlandproroofers.com,highlandproroofers.com,info@hillcrestroofingpros.com,,Boca Raton FL,roofing contractor,gmaps
windmitsolutions.com,https://windmitsolutions.com,windmitsolutions.com,jm@windmitsolutions.com,,Boca Raton FL,roofing contractor,gmaps
sterlingfoundationcontractors.homes,https://sterlingfoundationcontractors.homes,sterlingfoundationcontractors.homes,info@sterlingfoundationcontractors.com,,Boca Raton FL,roofing contractor,gmaps
arnoconstruction.com,https://arnoconstruction.com,arnoconstruction.com,arnoconstruction24@gmail.com,,Boca Raton FL,roofing contractor,gmaps
ecogeneralcontractors.com,https://ecogeneralcontractors.com,ecogeneralcontractors.com,info@ecogeneralcontractors.com,,Boca Raton FL,roofing contractor,gmaps
garabar.com,https://garabar.com,garabar.com,receptionist@garabar.com,,Boca Raton FL,roofing contractor,gmaps
brightproroofers.com,https://brightproroofers.com,brightproroofers.com,info@brightproroofers.com,,Miramar FL,roofing contractor,gmaps
lakeerieroofingandconstruction.com,https://lakeerieroofingandconstruction.com,lakeerieroofingandconstruction.com,info@gmail.com,,Miramar FL,roofing contractor,gmaps
onepeakmetalroofing.com,https://onepeakmetalroofing.com,onepeakmetalroofing.com,premiermetalroofing@yahoo.com,,Miramar FL,roofing contractor,gmaps
guaranteedroofingsolution.com,https://guaranteedroofingsolution.com,guaranteedroofingsolution.com,info@guaranteedroofingsolution.com,,Miramar FL,roofing contractor,gmaps
hoganconstructionco.com,https://hoganconstructionco.com,hoganconstructionco.com,info@hccsfl.com,,Miramar FL,roofing contractor,gmaps
ikaanroofers.com,https://ikaanroofers.com,ikaanroofers.com,ikaandoit@gmail.com,,Miramar FL,roofing contractor,gmaps
brestorations.com,https://brestorations.com,brestorations.com,intake@brestorations.com,,Miramar FL,roofing contractor,gmaps
pasatroofing.com,https://pasatroofing.com,pasatroofing.com,info@pasatroofing.com,,Miramar FL,roofing contractor,gmaps
dmscontractorsllc.com,https://dmscontractorsllc.com,dmscontractorsllc.com,info@dmscontractorsllc.com,,Miramar FL,roofing contractor,gmaps
yesroofingcontractors.com,https://yesroofingcontractors.com,yesroofingcontractors.com,yesroofingcontractors@gmail.com,,Miramar FL,roofing contractor,gmaps
safarithatch.com,https://safarithatch.com,safarithatch.com,info@safarithatch.com,,Miramar FL,roofing contractor,gmaps
thecommercialroofingcontractor.com,https://thecommercialroofingcontractor.com,thecommercialroofingcontractor.com,info@acgroof.com,,Davie FL,roofing contractor,gmaps
premierimpactwindowsandroofing.com,https://premierimpactwindowsandroofing.com,premierimpactwindowsandroofing.com,info@premierimpactfl.com,,Davie FL,roofing contractor,gmaps
flatrockroofs.com,https://flatrockroofs.com,flatrockroofs.com,info@westchesterroofingworks.com,,Davie FL,roofing contractor,gmaps
theroofingknight.com,https://theroofingknight.com,theroofingknight.com,sirgeorge@theroofingknight.com,,Davie FL,roofing contractor,gmaps
trustedpathroofing.com,https://trustedpathroofing.com,trustedpathroofing.com,info@trustedpathroofing.com,,Davie FL,roofing contractor,gmaps
greenesprofessionalroofingservices.com,https://greenesprofessionalroofingservices.com,greenesprofessionalroofingservices.com,greenesprs@gmail.com,,Davie FL,roofing contractor,gmaps
absoluteroofinginc.net,https://absoluteroofinginc.net,absoluteroofinginc.net,absoluteroofinginc1@gmail.com,,Davie FL,roofing contractor,gmaps
jamcoroofingfl.com,https://jamcoroofingfl.com,jamcoroofingfl.com,slimjim@jamcoroofingfl.com,,Davie FL,roofing contractor,gmaps
redapplerc.com,https://redapplerc.com,redapplerc.com,info@redapplerc.com,,Davie FL,roofing contractor,gmaps
acsconstructionsystems.com,https://acsconstructionsystems.com,acsconstructionsystems.com,service@linkeo.net,,Davie FL,roofing contractor,gmaps
nationgreenhomes.com,https://nationgreenhomes.com,nationgreenhomes.com,,,Davie FL,roofing contractor,gmaps
cianciconstruction.com,https://cianciconstruction.com,cianciconstruction.com,info@cianciconstruction.com,,Davie FL,roofing contractor,gmaps
gulfeaglesupply.com,https://gulfeaglesupply.com,gulfeaglesupply.com,info@gulfeaglesupply.com,,Davie FL,roofing contractor,gmaps
centuryroofingflorida.com,https://centuryroofingflorida.com,centuryroofingflorida.com,centuryroofing4@gmail.com,,Davie FL,roofing contractor,gmaps
proper.builders,https://proper.builders,proper.builders,info@proper.builders,,Davie FL,roofing contractor,gmaps
watertiteroofing.net,https://watertiteroofing.net,watertiteroofing.net,info@watertiteroofing.net,,Davie FL,roofing contractor,gmaps
btnhurricane.com,https://btnhurricane.com,btnhurricane.com,info@company.com,,Davie FL,roofing contractor,gmaps
a1roofandwaterproof.com,https://a1roofandwaterproof.com,a1roofandwaterproof.com,paul@a1raw.com,,Davie FL,roofing contractor,gmaps
floridaroofingpros.godaddysites.com,https://floridaroofingpros.godaddysites.com,floridaroofingpros.godaddysites.com,micah@micahrich.com,,Sunrise FL,roofing contractor,gmaps
sunroofroofing.com,https://sunroofroofing.com,sunroofroofing.com,info@sunroofroofing.com,,Sunrise FL,roofing contractor,gmaps
sunriselakesroofing.com,https://sunriselakesroofing.com,sunriselakesroofing.com,info@sunriselakesroofing.com,,Sunrise FL,roofing contractor,gmaps
sunriseroofmasters.com,https://sunriseroofmasters.com,sunriseroofmasters.com,info@sunriseroofmasters.com,,Sunrise FL,roofing contractor,gmaps
mysuperroofers.com,https://mysuperroofers.com,mysuperroofers.com,lemonad@jovanny.ru,,Sunrise FL,roofing contractor,gmaps
gladesedgeroofing.com,https://gladesedgeroofing.com,gladesedgeroofing.com,gladesedgeroofing@gmail.com,,Sunrise FL,roofing contractor,gmaps
onlineroofingcontractors.com,https://onlineroofingcontractors.com,onlineroofingcontractors.com,info@onlineroofingcontractors.com,,Sunrise FL,roofing contractor,gmaps
roofingrecoveryfl.com,https://roofingrecoveryfl.com,roofingrecoveryfl.com,sales@roofingrecoveryfl.com,,Sunrise FL,roofing contractor,gmaps
roofingcontractorplantation.com,https://roofingcontractorplantation.com,roofingcontractorplantation.com,mubeenshahjahan0@gmail.com,,Sunrise FL,roofing contractor,gmaps
rgrrodguyroofer.com,https://rgrrodguyroofer.com,rgrrodguyroofer.com,rodguyroofer@yahoo.com,,Sunrise FL,roofing contractor,gmaps
bestsolutionsroofinginc.com,https://bestsolutionsroofinginc.com,bestsolutionsroofinginc.com,infobsroof@gmail.com,,Sunrise FL,roofing contractor,gmaps
hi-riseroofing.com,https://hi-riseroofing.com,hi-riseroofing.com,george@hi-riseroofing.com,,Sunrise FL,roofing contractor,gmaps
empireroofing.com,https://empireroofing.com,empireroofing.com,info@empireroofing.com,,Sunrise FL,roofing contractor,gmaps
flcontractors.com,https://flcontractors.com,flcontractors.com,hello@flcontractors.com,,Sunrise FL,roofing contractor,gmaps
delmarconstructioninc.com,https://delmarconstructioninc.com,delmarconstructioninc.com,droywilson@delmarconstructioninc.com,,Sunrise FL,roofing contractor,gmaps
arosecontractor.com,https://arosecontractor.com,arosecontractor.com,info@arosecontractor.com,,Sunrise FL,roofing contractor,gmaps
hillcrestroofingpros.com,https://hillcrestroofingpros.com,hillcrestroofingpros.com,info@hillcrestroofingpros.com,,Sunrise FL,roofing contractor,gmaps
tiptoproofs.net,https://tiptoproofs.net,tiptoproofs.net,tiptoproofing@bellsouth.net,,Sunrise FL,roofing contractor,gmaps
srjcorp.com,https://srjcorp.com,srjcorp.com,info@srjplumbing.com,,Sunrise FL,roofing contractor,gmaps
primecontractorsfl.com,https://primecontractorsfl.com,primecontractorsfl.com,primeconllc@gmail.com,,Sunrise FL,roofing contractor,gmaps
clarksmodernsolutions.com,https://clarksmodernsolutions.com,clarksmodernsolutions.com,clarksmodernsolutions24@yahoo.com,,Sunrise FL,roofing contractor,gmaps
roofconsultant.net,https://roofconsultant.net,roofconsultant.net,info@roofconsultant.net,,Sunrise FL,roofing contractor,gmaps
roofingreina.com,https://roofingreina.com,roofingreina.com,info@roofingreina.com,,Sunrise FL,roofing contractor,gmaps
eliteroofingfl.com,https://eliteroofingfl.com,eliteroofingfl.com,info@eliteroofingfl.com,,Sunrise FL,roofing contractor,gmaps
business411.com,https://business411.com,business411.com,info@business411.com,,Sunrise FL,roofing contractor,gmaps
dekroofing.com,https://dekroofing.com,dekroofing.com,admin@dekroofing.com,,Sunrise FL,roofing contractor,gmaps
xcelconstruction.com,https://xcelconstruction.com,xcelconstruction.com,info@xcelconstruction.com,,Sunrise FL,roofing contractor,gmaps
cbirestorations.com,https://cbirestorations.com,cbirestorations.com,cinergy@cbirestorations.com,,Sunrise FL,roofing contractor,gmaps
sandovalroof.com,https://sandovalroof.com,sandovalroof.com,sandovalroofingllc1@gmail.com,,Coral Springs FL,roofing contractor,gmaps
aceproroof.com,https://aceproroof.com,aceproroof.com,info@aceproroof.com,,Coral Springs FL,roofing contractor,gmaps
coralspringsroofingexperts.com,https://coralspringsroofingexperts.com,coralspringsroofingexperts.com,coralspringsroofingexperts@gmail.com,,Coral Springs FL,roofing contractor,gmaps
topconstructionandroofing.com,https://topconstructionandroofing.com,topconstructionandroofing.com,info@topconstructionanddesign.com,,Coral Springs FL,roofing contractor,gmaps
a2zroofingexperts.com,https://a2zroofingexperts.com,a2zroofingexperts.com,adrian@a2zroofingexperts.com,,Coral Springs FL,roofing contractor,gmaps
stoneridgeroofers.com,https://stoneridgeroofers.com,stoneridgeroofers.com,info@stoneridgeroofers.com,,Coral Springs FL,roofing contractor,gmaps
blueroofmasters.com,https://blueroofmasters.com,blueroofmasters.com,info@blueroofmasters.com,,Coral Springs FL,roofing contractor,gmaps
dagostinoroofing.com,https://dagostinoroofing.com,dagostinoroofing.com,roof@dagostinoroofing.com,,Coral Springs FL,roofing contractor,gmaps
graceroofing.net,https://graceroofing.net,graceroofing.net,service@graceroofing.net,,Coral Springs FL,roofing contractor,gmaps
restassuredroofs.com,https://restassuredroofs.com,restassuredroofs.com,info@restassuredroofs.com,,Coral Springs FL,roofing contractor,gmaps
vffastroofing.com,https://vffastroofing.com,vffastroofing.com,irisfeingold@yahoo.com,,Coral Springs FL,roofing contractor,gmaps
roofdoctors.cc,https://roofdoctors.cc,roofdoctors.cc,info@roofdoctors.cc,,Coral Springs FL,roofing contractor,gmaps
aeroroofingfl.com,https://aeroroofingfl.com,aeroroofingfl.com,info@aeroroofingfl.com,,Coral Springs FL,roofing contractor,gmaps
firstlineroof.com,https://firstlineroof.com,firstlineroof.com,office@firstlineroof.com,,Coral Springs FL,roofing contractor,gmaps
nationsroof.com,https://nationsroof.com,nationsroof.com,info@nationsroof.com,,Coral Springs FL,roofing contractor,gmaps
rjchambers.com,https://rjchambers.com,rjchambers.com,admin@rjchambers.com,,Coral Springs FL,roofing contractor,gmaps
theguttersfactory.com,https://theguttersfactory.com,theguttersfactory.com,info@palegreen-panther-556352.hostingersite.com,,Coral Springs FL,roofing contractor,gmaps
doradoroofingfl.com,https://doradoroofingfl.com,doradoroofingfl.com,info@doradoroofingfl.com,,Coral Springs FL,roofing contractor,gmaps
tryancontracting.com,https://tryancontracting.com,tryancontracting.com,tgould@tryancontracting.com,,Coral Springs FL,roofing contractor,gmaps
latite.com,https://latite.com,latite.com,info@latite.com,,Coral Springs FL,roofing contractor,gmaps
tdbuildings.com,https://tdbuildings.com,tdbuildings.com,info@tdbuildings.com,,Coral Springs FL,roofing contractor,gmaps
petitoroofing.com,https://petitoroofing.com,petitoroofing.com,contact@petitoroofing.com,,Coral Springs FL,roofing contractor,gmaps
meyerspride.com,https://meyerspride.com,meyerspride.com,brien@meyerspride.com,,Coral Springs FL,roofing contractor,gmaps
freshgutter.com,https://freshgutter.com,freshgutter.com,gutters24x7@gmail.com,,Coral Springs FL,roofing contractor,gmaps
mountolympusgc.com,https://mountolympusgc.com,mountolympusgc.com,frank@mountolympusgc.com,,Coral Springs FL,roofing contractor,gmaps
asaproofingcontractor.com,https://asaproofingcontractor.com,asaproofingcontractor.com,info@asapunlimitedroof.com,,Coral Springs FL,roofing contractor,gmaps
mainplumbingmiami.com,https://mainplumbingmiami.com,mainplumbingmiami.com,mainplumbingservices@gmail.com,,Miami FL,plumber,gmaps
miamifloridaplumbing.com,https://miamifloridaplumbing.com,miamifloridaplumbing.com,rooterservices24hr@gmail.com,,Miami FL,plumber,gmaps
leakexpertsmiami.com,https://leakexpertsmiami.com,leakexpertsmiami.com,leakexpertsmiami@gmail.com,,Miami FL,plumber,gmaps
plumbingofmiamibeach.com,https://plumbingofmiamibeach.com,plumbingofmiamibeach.com,justinc@creactiveinc.com,,Miami FL,plumber,gmaps
empireplumbing.com,https://empireplumbing.com,empireplumbing.com,sales@empireplumbing.com,,Miami FL,plumber,gmaps
mrclogplumbing.com,https://mrclogplumbing.com,mrclogplumbing.com,business@mrclogplumbing.com,,Miami FL,plumber,gmaps
aaaplumbingservices.com,https://aaaplumbingservices.com,aaaplumbingservices.com,aaaplumbing@gmail.com,,Miami FL,plumber,gmaps
akoplumbing.com,https://akoplumbing.com,akoplumbing.com,info@akoplumbing.com,,Miami FL,plumber,gmaps
plumbinginmiamifl.com,https://plumbinginmiamifl.com,plumbinginmiamifl.com,csr@plumbinginmiamifl.com,,Miami FL,plumber,gmaps
anlpremierplumbing.com,https://anlpremierplumbing.com,anlpremierplumbing.com,info@alplumb.com,,Miami FL,plumber,gmaps
sunnybliss.com,https://sunnybliss.com,sunnybliss.com,info@sunnybliss.com,,Miami FL,plumber,gmaps
miami-dade-plumbing.com,https://miami-dade-plumbing.com,miami-dade-plumbing.com,abe@miami-dade-plumbing.com,,Miami FL,plumber,gmaps
mrrooterplumber.com,https://mrrooterplumber.com,mrrooterplumber.com,csr@mrrooternj.com,,Miami FL,plumber,gmaps
authenticplumbingservicesfl.com,https://authenticplumbingservicesfl.com,authenticplumbingservicesfl.com,authenticplumbingservicesfl@gmail.com,,Miami FL,plumber,gmaps
usaplumbingandseptic.com,https://usaplumbingandseptic.com,usaplumbingandseptic.com,usaplumbinginc@aol.com,,Miami FL,plumber,gmaps
titanplumbingrepair.com,https://titanplumbingrepair.com,titanplumbingrepair.com,office@titanplumbingrepair.com,,Miami FL,plumber,gmaps
calloasis.com,https://calloasis.com,calloasis.com,info@calloasis.com,,Miami FL,plumber,gmaps
orrplumbing.com,https://orrplumbing.com,orrplumbing.com,info@orrplumbing.com,,Miami FL,plumber,gmaps
miami305plumbing.com,https://miami305plumbing.com,miami305plumbing.com,miami305plumbing@gmail.com,,Miami FL,plumber,gmaps
peoplesplumbing.com,https://peoplesplumbing.com,peoplesplumbing.com,info@peoplesplumbing.com,,Miami FL,plumber,gmaps
pandcplumbing.com,https://pandcplumbing.com,pandcplumbing.com,info@pandcplumbing.com,,Miami FL,plumber,gmaps
just1plumbing.com,https://just1plumbing.com,just1plumbing.com,assistantmanager@just1plumbing.com,,Miami FL,plumber,gmaps
miamiemergencyplumbing.com,https://miamiemergencyplumbing.com,miamiemergencyplumbing.com,mep@miamiemergencyplumbing.com,,Miami FL,plumber,gmaps
eco1plumbingmiami.com,https://eco1plumbingmiami.com,eco1plumbingmiami.com,norberto@eco1plumbingmiami.com,,Miami FL,plumber,gmaps
miamiwaterheater.com,https://miamiwaterheater.com,miamiwaterheater.com,sales@miamiwaterheater.com,,Miami FL,plumber,gmaps
miamileakdetectionplumbing.com,https://miamileakdetectionplumbing.com,miamileakdetectionplumbing.com,info@miamileakdetectionplumbing.com,,Miami FL,plumber,gmaps
miamibeachplumbingsolutions.com,https://miamibeachplumbingsolutions.com,miamibeachplumbingsolutions.com,info@miamibeachplumbingsolutions.com,,Miami FL,plumber,gmaps
exclusive-handyman-services.com,https://exclusive-handyman-services.com,exclusive-handyman-services.com,info@exclusive-handyman-services.com,,Miami FL,plumber,gmaps
aaaproplumbing.com,https://aaaproplumbing.com,aaaproplumbing.com,info@aaaproplumbing.com,,Miami FL,plumber,gmaps
quickfix-plumbing.com,https://quickfix-plumbing.com,quickfix-plumbing.com,info@quickfix-plumbing.com,,Miami FL,plumber,gmaps
pplumbingsupply.com,https://pplumbingsupply.com,pplumbingsupply.com,sales@preferredplumbingsupply.com,,Miami FL,plumber,gmaps
bondsupply.com,https://bondsupply.com,bondsupply.com,support@bondsupply.com,,Miami FL,plumber,gmaps
camachos-plumber.yellow-vole-8405.chatgpt.site,https://camachos-plumber.yellow-vole-8405.chatgpt.site,camachos-plumber.yellow-vole-8405.chatgpt.site,camachosplumber@gmail.com,,Miami FL,plumber,gmaps
completehandyman.net,https://completehandyman.net,completehandyman.net,connect@completehandyman.net,,Miami FL,plumber,gmaps
atozstatewideplumbing.com,https://atozstatewideplumbing.com,atozstatewideplumbing.com,service@atozstatewideplumbing.com,,Miami FL,plumber,gmaps
wnsdevelopments.com,https://wnsdevelopments.com,wnsdevelopments.com,info@wnsdevelopments.com,,Miami FL,plumber,gmaps
coralgablesplumbing.com,https://coralgablesplumbing.com,coralgablesplumbing.com,sales@coralgablesplumbing.com,,Miami FL,plumber,gmaps
unclogme.com,https://unclogme.com,unclogme.com,contact@unclogme.com,,Miami FL,plumber,gmaps
generalplumbingrepairservice.com,https://generalplumbingrepairservice.com,generalplumbingrepairservice.com,info@generalplumbingrs.com,,Miami FL,plumber,gmaps
americanplumbingelectrical.com,https://americanplumbingelectrical.com,americanplumbingelectrical.com,hgross@americanplum.net,,Miami FL,plumber,gmaps
sos247plumbingcorp.com,https://sos247plumbingcorp.com,sos247plumbingcorp.com,sos.24.7.plumbing@gmail.com,,Miami FL,plumber,gmaps
morataplumbingmiami.com,https://morataplumbingmiami.com,morataplumbingmiami.com,morataplumbing@yahoo.com,,Miami FL,plumber,gmaps
yoursepticmasters.com,https://yoursepticmasters.com,yoursepticmasters.com,septicmastersmiami@gmail.com,,Miami FL,plumber,gmaps
jehvehplumbers.com,https://jehvehplumbers.com,jehvehplumbers.com,eben@eyebytes.com,,Miami FL,plumber,gmaps
plomerosadomicilio-fl.com,https://plomerosadomicilio-fl.com,plomerosadomicilio-fl.com,makintonplumbing@gmail.com,,Miami FL,plumber,gmaps
urgentplumbingservices.com,https://urgentplumbingservices.com,urgentplumbingservices.com,info@urgentplumbingservices.com,,Hialeah FL,plumber,gmaps
emergencyplumbersmiami.com,https://emergencyplumbersmiami.com,emergencyplumbersmiami.com,service@miamiserviceplumbers.com,,Hialeah FL,plumber,gmaps
grandplumbing.net,https://grandplumbing.net,grandplumbing.net,info@grandplumbing.net,,Hialeah FL,plumber,gmaps
ezmiamiplumbing.com,https://ezmiamiplumbing.com,ezmiamiplumbing.com,ezangelsplumbing@gmail.com,,Hialeah FL,plumber,gmaps
allstarpumpouts.com,https://allstarpumpouts.com,allstarpumpouts.com,allstarpumpouts@yahoo.com,,Hialeah FL,plumber,gmaps
oceanplumbingandair.com,https://oceanplumbingandair.com,oceanplumbingandair.com,info@oceanplumbingandair.com,,Hialeah FL,plumber,gmaps
caraballoexpress.com,https://caraballoexpress.com,caraballoexpress.com,caraballoexpress_ctw@yahoo.com,,Hialeah FL,plumber,gmaps
drwplumber.com,https://drwplumber.com,drwplumber.com,dr.wplumbercontractor@gmail.com,,Hialeah FL,plumber,gmaps
rotopipelining.com,https://rotopipelining.com,rotopipelining.com,rotopipelining@gmail.com,,Hialeah FL,plumber,gmaps
mitoplumbing.com,https://mitoplumbing.com,mitoplumbing.com,mito@mitoplumbing.com,,Hialeah FL,plumber,gmaps
ivannova.com,https://ivannova.com,ivannova.com,support@ivannovaairconditioning.com,,Hialeah FL,plumber,gmaps
totalleakdetection.com,https://totalleakdetection.com,totalleakdetection.com,info@totalleakdetection.com,,Hialeah FL,plumber,gmaps
onmywayseptic.com,https://onmywayseptic.com,onmywayseptic.com,onmywayseptic@gmail.com,,Hialeah FL,plumber,gmaps
theplumbingteamfl.com,https://theplumbingteamfl.com,theplumbingteamfl.com,office@theplumbingteamfl.com,,Hialeah FL,plumber,gmaps
prosplumbingservices.com,https://prosplumbingservices.com,prosplumbingservices.com,info@prosplumbingservices.com,,Hialeah FL,plumber,gmaps
ticktockplumbing.net,https://ticktockplumbing.net,ticktockplumbing.net,ticktockplumbing@gmail.com,,Hialeah FL,plumber,gmaps
phixser.com,https://phixser.com,phixser.com,info@phixser.com,,Hialeah FL,plumber,gmaps
championseptictank.com,https://championseptictank.com,championseptictank.com,support@championseptictank.com,,Hialeah FL,plumber,gmaps
masterwaterworks.com,https://masterwaterworks.com,masterwaterworks.com,ken@masterwaterworks.com,,Hialeah FL,plumber,gmaps
yerbillaservices.com,https://yerbillaservices.com,yerbillaservices.com,info@yerbillaservices.com,,Hialeah FL,plumber,gmaps
dpaulplumbing.com,https://dpaulplumbing.com,dpaulplumbing.com,dpaulplumbing@gmail.com,,Hialeah FL,plumber,gmaps
plumbingservice.vip,https://plumbingservice.vip,plumbingservice.vip,saligatorllc@gmail.com,,Miami Gardens FL,plumber,gmaps
josephplumbing.net,https://josephplumbing.net,josephplumbing.net,service@josephplumbing.net,,Miami Gardens FL,plumber,gmaps
allcountiesplumbinginc.com,https://allcountiesplumbinginc.com,allcountiesplumbinginc.com,allcountiesplumbinginc@gmail.com,,Miami Gardens FL,plumber,gmaps
dovisplumbing.com,https://dovisplumbing.com,dovisplumbing.com,info@dovisplumbing.com,,Miami Gardens FL,plumber,gmaps
homeprosplumbing.net,https://homeprosplumbing.net,homeprosplumbing.net,homeprosmia@yahoo.com,,Miami Gardens FL,plumber,gmaps
2brosplumbingservices.com,https://2brosplumbingservices.com,2brosplumbingservices.com,2brosplumbingllc@gmail.com,,Miami Gardens FL,plumber,gmaps
asapplumbingrepairs.com,https://asapplumbingrepairs.com,asapplumbingrepairs.com,info@asapplumbing.com,,Miami Gardens FL,plumber,gmaps
marlinplumbing.net,https://marlinplumbing.net,marlinplumbing.net,marlinplumbing@aol.com,,Miami Gardens FL,plumber,gmaps
diamondplumbingmiami.com,https://diamondplumbingmiami.com,diamondplumbingmiami.com,info@diamondplumbingusa.com,,Miami Gardens FL,plumber,gmaps
trustplumbingcorp.com,https://trustplumbingcorp.com,trustplumbingcorp.com,indirah@trustplumbingcorp.com,,Miami Gardens FL,plumber,gmaps
arkplumb.com,https://arkplumb.com,arkplumb.com,ms@artplumb.com,,Miami Gardens FL,plumber,gmaps
ondemandplumbingandseptic.com,https://ondemandplumbingandseptic.com,ondemandplumbingandseptic.com,ondemandplumbingandseptic@gmail.com,,Miami Gardens FL,plumber,gmaps
bearplumbing.com,https://bearplumbing.com,bearplumbing.com,bearplumbing70@gmail.com,,Miami Gardens FL,plumber,gmaps
kunesplumbing.com,https://kunesplumbing.com,kunesplumbing.com,admin@airodigital.com,,Miami Gardens FL,plumber,gmaps
aaeagleplumbing.com,https://aaeagleplumbing.com,aaeagleplumbing.com,floridapumpssolution@yahoo.com,,Miami Gardens FL,plumber,gmaps
asapstatewideseptic.com,https://asapstatewideseptic.com,asapstatewideseptic.com,admin@asapstatewideseptic.com,,Miami Gardens FL,plumber,gmaps
plumbingaroundtheclock.com,https://plumbingaroundtheclock.com,plumbingaroundtheclock.com,info@plumbingaroundtheclock.com,,Miami Gardens FL,plumber,gmaps
willplumbingservice.com,https://willplumbingservice.com,willplumbingservice.com,dedenf@gmail.com,,Miami Gardens FL,plumber,gmaps
kemetsepticservice.com,https://kemetsepticservice.com,kemetsepticservice.com,,,Miami Gardens FL,plumber,gmaps
pipeheroesplumbing.com,https://pipeheroesplumbing.com,pipeheroesplumbing.com,admin@pipeheroesplumbing.com,,Homestead FL,plumber,gmaps
miamiserviceplumbers.com,https://miamiserviceplumbers.com,miamiserviceplumbers.com,service@miamiserviceplumbers.com,,Homestead FL,plumber,gmaps
beakplumbing.com,https://beakplumbing.com,beakplumbing.com,info@beakplumbing.com,,Homestead FL,plumber,gmaps
fixaleakplumbingsfl.com,https://fixaleakplumbingsfl.com,fixaleakplumbingsfl.com,fixaleak.southflorida@gmail.com,,Homestead FL,plumber,gmaps
fastresponseplumbingfl.com,https://fastresponseplumbingfl.com,fastresponseplumbingfl.com,miamifastresponse@gmail.com,,Homestead FL,plumber,gmaps
apexplumbingflorida.com,https://apexplumbingflorida.com,apexplumbingflorida.com,info@apexplumbingflorida.com,,Homestead FL,plumber,gmaps
mbpprofessionalplumbing.com,https://mbpprofessionalplumbing.com,mbpprofessionalplumbing.com,mbordon@mbpprofessionalplumbing.com,,Homestead FL,plumber,gmaps
bycodeplumbing.com,https://bycodeplumbing.com,bycodeplumbing.com,bycodeplumbingllc@gmail.com,,Homestead FL,plumber,gmaps
rnplumbing.net,https://rnplumbing.net,rnplumbing.net,rotero68@yahoo.com,,Homestead FL,plumber,gmaps
coralreefplumbing.com,https://coralreefplumbing.com,coralreefplumbing.com,estimator@coralreefplumbing.com,,Homestead FL,plumber,gmaps
cutlerbayplumbing.com,https://cutlerbayplumbing.com,cutlerbayplumbing.com,cutlerbayplumbing@gmail.com,,Homestead FL,plumber,gmaps
floridablueplumbing.com,https://floridablueplumbing.com,floridablueplumbing.com,floridablueplumbing@yahoo.com,,Homestead FL,plumber,gmaps
seawayplumbing.com,https://seawayplumbing.com,seawayplumbing.com,info@seawayplumbing.com,,Homestead FL,plumber,gmaps
f1plumbing.com,https://f1plumbing.com,f1plumbing.com,service@f1plumbing.com,,Homestead FL,plumber,gmaps
tdservicesofsouthfloridainc.godaddysites.com,https://tdservicesofsouthfloridainc.godaddysites.com,tdservicesofsouthfloridainc.godaddysites.com,info@indiantypefoundry.com,,Homestead FL,plumber,gmaps
ateamplumbingservice.com,https://ateamplumbingservice.com,ateamplumbingservice.com,ateamplumbing1serv@gmail.com,,Homestead FL,plumber,gmaps
borkatplumbing.com,https://borkatplumbing.com,borkatplumbing.com,office@borkatplumbing.com,,Homestead FL,plumber,gmaps
galplumbingservice.com,https://galplumbingservice.com,galplumbingservice.com,glplumbings@gmail.com,,Homestead FL,plumber,gmaps
alltestpar.com,https://alltestpar.com,alltestpar.com,matt@pixelspread.com,,Homestead FL,plumber,gmaps
profesionaltrenchlessrepair.com,https://profesionaltrenchlessrepair.com,profesionaltrenchlessrepair.com,professionaltrenchlessrepair@gmail.com,,Homestead FL,plumber,gmaps
newpipeplumbingfl.com,https://newpipeplumbingfl.com,newpipeplumbingfl.com,astigma@astigmatic.com,,Homestead FL,plumber,gmaps
sevaplumbing.com,https://sevaplumbing.com,sevaplumbing.com,services@sevaplumbing.com,,Homestead FL,plumber,gmaps
ihmplumbingservices.com,https://ihmplumbingservices.com,ihmplumbingservices.com,info@ihmplumbingservices.com,,Homestead FL,plumber,gmaps
knightsplumbingservices.com,https://knightsplumbingservices.com,knightsplumbingservices.com,info@knightsplumbingservices.com,,Homestead FL,plumber,gmaps
mokherplumbing.com,https://mokherplumbing.com,mokherplumbing.com,info@mokherplumbing.com,,Homestead FL,plumber,gmaps
rcrplumbingservices.com,https://rcrplumbingservices.com,rcrplumbingservices.com,services@rcrplumbing.com,,Homestead FL,plumber,gmaps
ptsewerrepair.com,https://ptsewerrepair.com,ptsewerrepair.com,newjulio1@gmail.com,,Homestead FL,plumber,gmaps
1stopplumbing.net,https://1stopplumbing.net,1stopplumbing.net,info@onestopplumbing.com,,Kendall FL,plumber,gmaps
plumbing-diagnostics.com,https://plumbing-diagnostics.com,plumbing-diagnostics.com,plumbingdiagnostics@gmail.com,,Kendall FL,plumber,gmaps
kendallplumbingservices.com,https://kendallplumbingservices.com,kendallplumbingservices.com,kendallplumbingllc@gmail.com,,Kendall FL,plumber,gmaps
justforyouplumbers.com,https://justforyouplumbers.com,justforyouplumbers.com,m@tidakada.com,,Kendall FL,plumber,gmaps
arooter.net,https://arooter.net,arooter.net,arooter@comcast.net,,Kendall FL,plumber,gmaps
usaplumbingandtrenchless.com,https://usaplumbingandtrenchless.com,usaplumbingandtrenchless.com,contact@plumber.com,,Kendall FL,plumber,gmaps
supremeplumbingcontractorsinc.godaddysites.com,https://supremeplumbingcontractorsinc.godaddysites.com,supremeplumbingcontractorsinc.godaddysites.com,supremeplumbingcontractors@gmail.com,,Kendall FL,plumber,gmaps
pozoplumbingmiami.com,https://pozoplumbingmiami.com,pozoplumbingmiami.com,info@pozoplumbing.com,,Kendall FL,plumber,gmaps
theflowprosplumbing.com,https://theflowprosplumbing.com,theflowprosplumbing.com,flowprosplumbing26@gmail.com,,Kendall FL,plumber,gmaps
sewermainrepairsmiami.com,https://sewermainrepairsmiami.com,sewermainrepairsmiami.com,leakexpertsmiami@gmail.com,,Kendall FL,plumber,gmaps
sternbrothersplumbingsupply.com,https://sternbrothersplumbingsupply.com,sternbrothersplumbingsupply.com,contact@sternbrothersplumbingsupply.com,,Kendall FL,plumber,gmaps
brothersservicesplumbing.com,https://brothersservicesplumbing.com,brothersservicesplumbing.com,fcarcini@dharmamarketing.cloud,,Kendall FL,plumber,gmaps
horneplumbing.com,https://horneplumbing.com,horneplumbing.com,office@horneplumbing.com,,Kendall FL,plumber,gmaps
brothersbackflow.com,https://brothersbackflow.com,brothersbackflow.com,ashley@brothersbackflow.com,,Kendall FL,plumber,gmaps
jlcpipesolutions.com,https://jlcpipesolutions.com,jlcpipesolutions.com,jlcpipesolutions@gmail.com,,Kendall FL,plumber,gmaps
galplumbing.com,https://galplumbing.com,galplumbing.com,office@galplumbing.com,,Kendall FL,plumber,gmaps
lionplumbinginc.com,https://lionplumbinginc.com,lionplumbinginc.com,info@lionplumbinginc.com,,Doral FL,plumber,gmaps
wmplumbinginc.com,https://wmplumbinginc.com,wmplumbinginc.com,info@wmplumbinginc.com,,Doral FL,plumber,gmaps
nextps.com,https://nextps.com,nextps.com,sales@nextps.com,,Doral FL,plumber,gmaps
jdenxplumbing.com,https://jdenxplumbing.com,jdenxplumbing.com,jdenxsolutions@gmail.com,,Doral FL,plumber,gmaps
thetankless.com,https://thetankless.com,thetankless.com,thetankless@aol.com,,Doral FL,plumber,gmaps
yourplumbingsolutionsfl.com,https://yourplumbingsolutionsfl.com,yourplumbingsolutionsfl.com,service@yourplumbingsolutionfl.com,,Doral FL,plumber,gmaps
misterplunger.com,https://misterplunger.com,misterplunger.com,info@misterplunger.com,,Doral FL,plumber,gmaps
dadeplumbingservicesllc.com,https://dadeplumbingservicesllc.com,dadeplumbingservicesllc.com,dadeplumbingservicesllc@gmail.com,,Doral FL,plumber,gmaps
primehvaconline.com,https://primehvaconline.com,primehvaconline.com,info@primehvaconline.com,,Doral FL,plumber,gmaps
detailcorp.com,https://detailcorp.com,detailcorp.com,info@detailcorp.com,,Doral FL,plumber,gmaps
aquatrustplumbing.com,https://aquatrustplumbing.com,aquatrustplumbing.com,info@aquatrustplumbing.com,,Coral Gables FL,plumber,gmaps
danddplumbingcorp.com,https://danddplumbingcorp.com,danddplumbingcorp.com,team@latofonts.com,,Coral Gables FL,plumber,gmaps
events.miami.edu,https://events.miami.edu,events.miami.edu,conferences@miami.edu,,Coral Gables FL,plumber,gmaps
remontion.com,https://remontion.com,remontion.com,remontion305@gmail.com,,Coral Gables FL,plumber,gmaps
4starplumbing.com,https://4starplumbing.com,4starplumbing.com,info@4starservices.com,,Fort Lauderdale FL,plumber,gmaps
plumbersofsfl.com,https://plumbersofsfl.com,plumbersofsfl.com,admin@plumbersofsfl.com,,Fort Lauderdale FL,plumber,gmaps
mainlineplumbingservice.com,https://mainlineplumbingservice.com,mainlineplumbingservice.com,info@mainlineplumbingservice.com,,Fort Lauderdale FL,plumber,gmaps
housedoctorplumbing.com,https://housedoctorplumbing.com,housedoctorplumbing.com,usahousedoctor@gmail.com,,Fort Lauderdale FL,plumber,gmaps
emergencyplumbingsfl.com,https://emergencyplumbingsfl.com,emergencyplumbingsfl.com,info@emergencyplumbingsfl.com,,Fort Lauderdale FL,plumber,gmaps
terrysplumbingco.com,https://terrysplumbingco.com,terrysplumbingco.com,terrytheplumber@yahoo.com,,Fort Lauderdale FL,plumber,gmaps
needaplumberinc.com,https://needaplumberinc.com,needaplumberinc.com,services@needaplumberinc.com,,Fort Lauderdale FL,plumber,gmaps
plumbing24service.com,https://plumbing24service.com,plumbing24service.com,contact@plumbing24service.com,,Fort Lauderdale FL,plumber,gmaps
johntheplumberfl.com,https://johntheplumberfl.com,johntheplumberfl.com,info@johntheplumberfl.com,,Fort Lauderdale FL,plumber,gmaps
mjsplumbingservices.com,https://mjsplumbingservices.com,mjsplumbingservices.com,info@mysite.com,,Fort Lauderdale FL,plumber,gmaps
amysplumbing.com,https://amysplumbing.com,amysplumbing.com,service@amysplumbing.com,,Fort Lauderdale FL,plumber,gmaps
browardplumber.com,https://browardplumber.com,browardplumber.com,info@browardplumber.com,,Fort Lauderdale FL,plumber,gmaps
kyleplumbing.com,https://kyleplumbing.com,kyleplumbing.com,service@kyleplumbing.com,,Fort Lauderdale FL,plumber,gmaps
247plumbingfl.com,https://247plumbingfl.com,247plumbingfl.com,247flplumbing@gmail.com,,Fort Lauderdale FL,plumber,gmaps
priscillasplumbing.com,https://priscillasplumbing.com,priscillasplumbing.com,support@priscillasplumbing.com,,Fort Lauderdale FL,plumber,gmaps
globalplumbingfl.com,https://globalplumbingfl.com,globalplumbingfl.com,service@globalplumbingfl.net,,Fort Lauderdale FL,plumber,gmaps
infinityplumbingfl.com,https://infinityplumbingfl.com,infinityplumbingfl.com,service@infinityplumbingfl.com,,Fort Lauderdale FL,plumber,gmaps
coastal-plumber.com,https://coastal-plumber.com,coastal-plumber.com,info@coastal-plumber.com,,Fort Lauderdale FL,plumber,gmaps
local.pro,https://local.pro,local.pro,dispatch@local.pro,,Fort Lauderdale FL,plumber,gmaps
plumbers24x7.com,https://plumbers24x7.com,plumbers24x7.com,usaplumbers24x7@gmail.com,,Fort Lauderdale FL,plumber,gmaps
trustrooter.com,https://trustrooter.com,trustrooter.com,info@trustrooter.com,,Fort Lauderdale FL,plumber,gmaps
ayplumbingservices.com,https://ayplumbingservices.com,ayplumbingservices.com,ayplumbingservices@gmail.com,,Fort Lauderdale FL,plumber,gmaps
castirondrainking.com,https://castirondrainking.com,castirondrainking.com,info@castirondrainking.com,,Fort Lauderdale FL,plumber,gmaps
cascade-plumbing.com,https://cascade-plumbing.com,cascade-plumbing.com,needhelp@company.com,,Fort Lauderdale FL,plumber,gmaps
everyonesplumber1.godaddysites.com,https://everyonesplumber1.godaddysites.com,everyonesplumber1.godaddysites.com,daniel@everyonesplumber.com,,Fort Lauderdale FL,plumber,gmaps
iamaplumber.com,https://iamaplumber.com,iamaplumber.com,iamaplumbersfl@gmail.com,,Fort Lauderdale FL,plumber,gmaps
romainsplumbing.com,https://romainsplumbing.com,romainsplumbing.com,romaineirving1393@gmail.com,,Fort Lauderdale FL,plumber,gmaps
purelyplumbingfl.com,https://purelyplumbingfl.com,purelyplumbingfl.com,eben@eyebytes.com,,Fort Lauderdale FL,plumber,gmaps
mayorplumbingservices.com,https://mayorplumbingservices.com,mayorplumbingservices.com,john@smith.com,,Fort Lauderdale FL,plumber,gmaps
cecplumbinginc.com,https://cecplumbinginc.com,cecplumbinginc.com,admin@covertmarketing.agency,,Fort Lauderdale FL,plumber,gmaps
baronplumbing.com,https://baronplumbing.com,baronplumbing.com,zalman@baronplumbing.com,,Fort Lauderdale FL,plumber,gmaps
plantationflplumber.net,https://plantationflplumber.net,plantationflplumber.net,californiacityplumbing@gmail.com,,Fort Lauderdale FL,plumber,gmaps
ecopipelining.com,https://ecopipelining.com,ecopipelining.com,scheduling@ecopipelining.com,,Fort Lauderdale FL,plumber,gmaps
iandjplumbing.com,https://iandjplumbing.com,iandjplumbing.com,info@iandjplumbing.com,,Fort Lauderdale FL,plumber,gmaps
epcfla.com,https://epcfla.com,epcfla.com,info@epcfla.com,,Fort Lauderdale FL,plumber,gmaps
britefutureplumbing.com,https://britefutureplumbing.com,britefutureplumbing.com,sales@britefutureplumbing.com,,Fort Lauderdale FL,plumber,gmaps
acesfplumbing.com,https://acesfplumbing.com,acesfplumbing.com,acesfplumbing@gmail.com,,Fort Lauderdale FL,plumber,gmaps
cdplumbing.net,https://cdplumbing.net,cdplumbing.net,info@cdplumbing.net,,Fort Lauderdale FL,plumber,gmaps
rootersewerdrainman.com,https://rootersewerdrainman.com,rootersewerdrainman.com,rootersewerdrainman@gmail.com,,Fort Lauderdale FL,plumber,gmaps
allcityseptic.com,https://allcityseptic.com,allcityseptic.com,alan@allcityseptic.com,,Fort Lauderdale FL,plumber,gmaps
aclassremodeling.com,https://aclassremodeling.com,aclassremodeling.com,aclassremodelingfl@gmail.com,,Fort Lauderdale FL,plumber,gmaps
atlasofhollywood.com,https://atlasofhollywood.com,atlasofhollywood.com,contact@atlasofhollywood.com,,Hollywood FL,plumber,gmaps
topchoiceplumbing247.com,https://topchoiceplumbing247.com,topchoiceplumbing247.com,topchoiceplumbing4000@outlook.com,,Hollywood FL,plumber,gmaps
expressdrainplumbing.com,https://expressdrainplumbing.com,expressdrainplumbing.com,info@expressservicesfl.com,,Hollywood FL,plumber,gmaps
leaktroopers.com,https://leaktroopers.com,leaktroopers.com,service@leaktroopers.com,,Hollywood FL,plumber,gmaps
sparkyplumbing.com,https://sparkyplumbing.com,sparkyplumbing.com,habibsiddiquillc@gmail.com,,Hollywood FL,plumber,gmaps
amjplumbing.com,https://amjplumbing.com,amjplumbing.com,amjplumbinginc@gmail.com,,Hollywood FL,plumber,gmaps
plumbingunlimitedllc.com,https://plumbingunlimitedllc.com,plumbingunlimitedllc.com,impallari@gmail.com,,Hollywood FL,plumber,gmaps
allyearcooling.com,https://allyearcooling.com,allyearcooling.com,info@allyearac.com,,Hollywood FL,plumber,gmaps
aaaplumbingsupply.com,https://aaaplumbingsupply.com,aaaplumbingsupply.com,adam.aaaplumbingsupply@gmail.com,,Hollywood FL,plumber,gmaps
wolfplumbingservice.com,https://wolfplumbingservice.com,wolfplumbingservice.com,team@latofonts.com,,Hollywood FL,plumber,gmaps
plumbingkingsfl.com,https://plumbingkingsfl.com,plumbingkingsfl.com,hensegal@gmail.com,,Hollywood FL,plumber,gmaps
fsplumbers.com,https://fsplumbers.com,fsplumbers.com,admin@fsplumbers.com,,Hollywood FL,plumber,gmaps
jacobtheplumber.com,https://jacobtheplumber.com,jacobtheplumber.com,plumber@jacobtheplumber.com,,Hollywood FL,plumber,gmaps
clogmasters.com,https://clogmasters.com,clogmasters.com,info@clogmasters.com,,Hollywood FL,plumber,gmaps
aaaronsuperrooter.com,https://aaaronsuperrooter.com,aaaronsuperrooter.com,aaronsuperrooter@gmail.com,,Hollywood FL,plumber,gmaps
americansmasterpipe.com,https://americansmasterpipe.com,americansmasterpipe.com,contact@americanmasterpipe.com,,Hollywood FL,plumber,gmaps
stirrupplumbing.com,https://stirrupplumbing.com,stirrupplumbing.com,stirrupplumbing@gmail.com,,Hollywood FL,plumber,gmaps
unitedplumbers.us,https://unitedplumbers.us,unitedplumbers.us,united@unitedplumbers.us,,Hollywood FL,plumber,gmaps
tiptop-plumbing.com,https://tiptop-plumbing.com,tiptop-plumbing.com,dispatch@tiptop-plumbing.com,,Hollywood FL,plumber,gmaps
totalrepairpros.com,https://totalrepairpros.com,totalrepairpros.com,info@totalappliance.net,,Hollywood FL,plumber,gmaps
oneworldpi.com,https://oneworldpi.com,oneworldpi.com,info@oneworldpi.com,,Hollywood FL,plumber,gmaps
paramountplumbingservices.com,https://paramountplumbingservices.com,paramountplumbingservices.com,inquiry@paramountplumbingservices.com,,Pembroke Pines FL,plumber,gmaps
grandrooter.com,https://grandrooter.com,grandrooter.com,service@grandrooter.com,,Pembroke Pines FL,plumber,gmaps
allin1plumbingfl.com,https://allin1plumbingfl.com,allin1plumbingfl.com,allin1plumbingfl@gmail.com,,Pembroke Pines FL,plumber,gmaps
leaktroopersplumbingmiramar.com,https://leaktroopersplumbingmiramar.com,leaktroopersplumbingmiramar.com,dummy@gmail.com,,Pembroke Pines FL,plumber,gmaps
sofloseweranddrain.com,https://sofloseweranddrain.com,sofloseweranddrain.com,sofloseweranddrain@gmail.com,,Pembroke Pines FL,plumber,gmaps
solidcandp.com,https://solidcandp.com,solidcandp.com,service@solidcandp.com,,Pembroke Pines FL,plumber,gmaps
amfloridabuilders.com,https://amfloridabuilders.com,amfloridabuilders.com,info@amfloridabuilders.com,,Pembroke Pines FL,plumber,gmaps
abpro-plumbing.com,https://abpro-plumbing.com,abpro-plumbing.com,abproplumbing@gmail.com,,Pembroke Pines FL,plumber,gmaps
plumbingmastersusa.com,https://plumbingmastersusa.com,plumbingmastersusa.com,example@mail.com,,Pembroke Pines FL,plumber,gmaps
pembrokepinesair.com,https://pembrokepinesair.com,pembrokepinesair.com,impallari@gmail.com,,Pembroke Pines FL,plumber,gmaps
dascorplumbing.com,https://dascorplumbing.com,dascorplumbing.com,service@dascorplumbing.com,,Pompano Beach FL,plumber,gmaps
drfinac.com,https://drfinac.com,drfinac.com,fin@drfinac.com,,Pompano Beach FL,plumber,gmaps
bobsmithplumbing.com,https://bobsmithplumbing.com,bobsmithplumbing.com,info@bobsmithplumbing.com,,Pompano Beach FL,plumber,gmaps
oaklandparkplumbing.com,https://oaklandparkplumbing.com,oaklandparkplumbing.com,oaklandparkplumbinginc@gmail.com,,Pompano Beach FL,plumber,gmaps
trplumbing.pro,https://trplumbing.pro,trplumbing.pro,richard@trplumbing.pro,,Pompano Beach FL,plumber,gmaps
getgreenteam.com,https://getgreenteam.com,getgreenteam.com,service@getgreenteam.com,,Pompano Beach FL,plumber,gmaps
handymanofpompano.com,https://handymanofpompano.com,handymanofpompano.com,ricky@handymanofpompano.com,,Pompano Beach FL,plumber,gmaps
dixieplumbing.com,https://dixieplumbing.com,dixieplumbing.com,estimatingdepartment@dixieplumbing.com,,Pompano Beach FL,plumber,gmaps
gimlerplumbing.com,https://gimlerplumbing.com,gimlerplumbing.com,gimlerplumbing@gmail.com,,Pompano Beach FL,plumber,gmaps
drainmaster-usa.com,https://drainmaster-usa.com,drainmaster-usa.com,service@drainmaster-usa.com,,Pompano Beach FL,plumber,gmaps
champagneplumbing.com,https://champagneplumbing.com,champagneplumbing.com,you@company.com,,Pompano Beach FL,plumber,gmaps
bgamericanplumbing.com,https://bgamericanplumbing.com,bgamericanplumbing.com,plumbsmile@gmail.com,,Pompano Beach FL,plumber,gmaps
tnaplumbing.com,https://tnaplumbing.com,tnaplumbing.com,tnasllc@gmail.com,,Pompano Beach FL,plumber,gmaps
lgplumbingfl.com,https://lgplumbingfl.com,lgplumbingfl.com,levi@lgplumbingfl.com,,Pompano Beach FL,plumber,gmaps
koselite.com,https://koselite.com,koselite.com,service@koselite.com,,Pompano Beach FL,plumber,gmaps
dcplumbingofsoflo.com,https://dcplumbingofsoflo.com,dcplumbingofsoflo.com,danny@dcplumbingofsoflo.com,,Pompano Beach FL,plumber,gmaps
floridaplumbingsolutions.com,https://floridaplumbingsolutions.com,floridaplumbingsolutions.com,johnm@floridaplumbingsolutions.com,,Pompano Beach FL,plumber,gmaps
victoryplumbinginc.com,https://victoryplumbinginc.com,victoryplumbinginc.com,eben@eyebytes.com,,Pompano Beach FL,plumber,gmaps
southshoreplumbing.com,https://southshoreplumbing.com,southshoreplumbing.com,sol-a@southshoreplumbing.com,,Pompano Beach FL,plumber,gmaps
totalcomfortplumbing.com,https://totalcomfortplumbing.com,totalcomfortplumbing.com,totalcomfortplumbing1@gmail.com,,Pompano Beach FL,plumber,gmaps
lmwilsonplumbing.com,https://lmwilsonplumbing.com,lmwilsonplumbing.com,olin@lmwilsonplumbing.com,,Pompano Beach FL,plumber,gmaps
prideac.com,https://prideac.com,prideac.com,info@prideac.com,,Pompano Beach FL,plumber,gmaps
camproplumbing.com,https://camproplumbing.com,camproplumbing.com,support@webador.com,,Pompano Beach FL,plumber,gmaps
ericasplumbing.com,https://ericasplumbing.com,ericasplumbing.com,info@ericasplumbing.com,,Boca Raton FL,plumber,gmaps
bocaratonemergencyplumbingsfl.com,https://bocaratonemergencyplumbingsfl.com,bocaratonemergencyplumbingsfl.com,info@bocaratonemergencyplumbingsfl.com,,Boca Raton FL,plumber,gmaps
bestwaterheater.com,https://bestwaterheater.com,bestwaterheater.com,info@bestwaterheater.com,,Boca Raton FL,plumber,gmaps
watermenplumbing.com,https://watermenplumbing.com,watermenplumbing.com,info@watermenplumbing.com,,Boca Raton FL,plumber,gmaps
southerncoastservices.com,https://southerncoastservices.com,southerncoastservices.com,leads@southerncoastservices.com,,Boca Raton FL,plumber,gmaps
eliteplumbingandbackflow.com,https://eliteplumbingandbackflow.com,eliteplumbingandbackflow.com,team@latofonts.com,,Boca Raton FL,plumber,gmaps
plumr24.com,https://plumr24.com,plumr24.com,plumserv22@gmail.com,,Boca Raton FL,plumber,gmaps
pompaflorida.com,https://pompaflorida.com,pompaflorida.com,pompa@pompaflorida.com,,Boca Raton FL,plumber,gmaps
teamplumbinganddrains.com,https://teamplumbinganddrains.com,teamplumbinganddrains.com,contact@teamplumbinganddrains.com,,Boca Raton FL,plumber,gmaps
gatorplumbingsfl.com,https://gatorplumbingsfl.com,gatorplumbingsfl.com,gatorplumbing@gmail.com,,Boca Raton FL,plumber,gmaps
blandonsplumbing.com,https://blandonsplumbing.com,blandonsplumbing.com,ricardo@blandonsplumbing.com,,Boca Raton FL,plumber,gmaps
leakprosandmore.com,https://leakprosandmore.com,leakprosandmore.com,office@leakprosandmore.com,,Boca Raton FL,plumber,gmaps
bergeronplumbing.com,https://bergeronplumbing.com,bergeronplumbing.com,admin@bergeronplumbing.com,,Boca Raton FL,plumber,gmaps
bestbocaratonhandyman.com,https://bestbocaratonhandyman.com,bestbocaratonhandyman.com,matthewblazerose@gmail.com,,Boca Raton FL,plumber,gmaps
plusco.com,https://plusco.com,plusco.com,orders@plusco.com,,Boca Raton FL,plumber,gmaps
plumbingparamedics.com,https://plumbingparamedics.com,plumbingparamedics.com,impallari@gmail.com,,Boca Raton FL,plumber,gmaps
ocarrollplumbing.com,https://ocarrollplumbing.com,ocarrollplumbing.com,ocarrollplumbing@gmail.com,,Boca Raton FL,plumber,gmaps
airiamflorida.com,https://airiamflorida.com,airiamflorida.com,adam@airiamflorida.com,,Boca Raton FL,plumber,gmaps
aboveallplumbinganddraincleaning.com,https://aboveallplumbinganddraincleaning.com,aboveallplumbinganddraincleaning.com,aboveallplumbingfl@gmail.com,,Boca Raton FL,plumber,gmaps
sflplumbingservices.com,https://sflplumbingservices.com,sflplumbingservices.com,mysflplumbingservices@gmail.com,,Davie FL,plumber,gmaps
aplusplumbinggas.net,https://aplusplumbinggas.net,aplusplumbinggas.net,info@aplusplumbinggas.net,,Davie FL,plumber,gmaps
ganzplumbing.com,https://ganzplumbing.com,ganzplumbing.com,ganzplumbing@bellsouth.net,,Davie FL,plumber,gmaps
clogbusters.com,https://clogbusters.com,clogbusters.com,legitplumber@gmail.com,,Davie FL,plumber,gmaps
firstcallwaterworks.site,https://firstcallwaterworks.site,firstcallwaterworks.site,priscilla@firstcallwaterworks.site,,Davie FL,plumber,gmaps
aj-trenchless.com,https://aj-trenchless.com,aj-trenchless.com,ajsewerrepair@outlook.com,,Davie FL,plumber,gmaps
rfuentesplumbing.com,https://rfuentesplumbing.com,rfuentesplumbing.com,info@rfuentesplumbing.com,,Davie FL,plumber,gmaps
hepconstruction.us,https://hepconstruction.us,hepconstruction.us,info@houseelectric.us,,Davie FL,plumber,gmaps
stellarplumbingfl.com,https://stellarplumbingfl.com,stellarplumbingfl.com,stellarplbg@gmail.com,,Sunrise FL,plumber,gmaps
bluecp.us,https://bluecp.us,bluecp.us,j@bluecp.us,,Sunrise FL,plumber,gmaps
waterleakflorida.com,https://waterleakflorida.com,waterleakflorida.com,rm.smartfl@gmail.com,,Sunrise FL,plumber,gmaps
acequalityplumbing.com,https://acequalityplumbing.com,acequalityplumbing.com,acequalityplumbing@gmail.com,,Sunrise FL,plumber,gmaps
specialopsplumbingservice.com,https://specialopsplumbingservice.com,specialopsplumbingservice.com,andrwg27@gmail.com,,Sunrise FL,plumber,gmaps
rightwayplumbing.com,https://rightwayplumbing.com,rightwayplumbing.com,contact@rightwayplumbing.com,,Sunrise FL,plumber,gmaps
plumbingheroess.com,https://plumbingheroess.com,plumbingheroess.com,plumbingheroesllc@gmail.com,,Sunrise FL,plumber,gmaps
rdplumber.com,https://rdplumber.com,rdplumber.com,user@website.com,,Sunrise FL,plumber,gmaps
nutechplumbingsolutions.com,https://nutechplumbingsolutions.com,nutechplumbingsolutions.com,jmplumber25@gmail.com,,Sunrise FL,plumber,gmaps
westonfloridaplumbers.com,https://westonfloridaplumbers.com,westonfloridaplumbers.com,example@mail.com,,Sunrise FL,plumber,gmaps
dynamicplumbingtechnology.com,https://dynamicplumbingtechnology.com,dynamicplumbingtechnology.com,dynamicplumbingtechnology@gmail.com,,Sunrise FL,plumber,gmaps
goldenairandplumbing.com,https://goldenairandplumbing.com,goldenairandplumbing.com,info@goldenairandplumbing.com,,Sunrise FL,plumber,gmaps
dougstubs.com,https://dougstubs.com,dougstubs.com,info@dougstubs.com,,Sunrise FL,plumber,gmaps
solid305.com,https://solid305.com,solid305.com,info@solid305.com,,Sunrise FL,plumber,gmaps
dattileandsonsplumbing.com,https://dattileandsonsplumbing.com,dattileandsonsplumbing.com,dattileandsonsplumbing@aol.com,,Coral Springs FL,plumber,gmaps
coreplumbing.net,https://coreplumbing.net,coreplumbing.net,info@coreplumbing.net,,Coral Springs FL,plumber,gmaps
moodyplumbing.com,https://moodyplumbing.com,moodyplumbing.com,admin@moodyplumbing.com,,Coral Springs FL,plumber,gmaps
plumbingbyus.com,https://plumbingbyus.com,plumbingbyus.com,jordan@plumbingbyus.com,,Coral Springs FL,plumber,gmaps
probowlplumbing.com,https://probowlplumbing.com,probowlplumbing.com,probowl4@aol.com,,Coral Springs FL,plumber,gmaps
uiplumbing.com,https://uiplumbing.com,uiplumbing.com,uiplumbingservice@gmail.com,,Coral Springs FL,plumber,gmaps
snyderac.com,https://snyderac.com,snyderac.com,snyderman@snyderac.com,,Coral Springs FL,plumber,gmaps
usa-pipelining.com,https://usa-pipelining.com,usa-pipelining.com,info@usa-pipelining.com,,Coral Springs FL,plumber,gmaps
1callleakexperts.com,https://1callleakexperts.com,1callleakexperts.com,jdelaune0826@gmail.com,,Coral Springs FL,plumber,gmaps
apolloplumbingofsouthflorida.com,https://apolloplumbingofsouthflorida.com,apolloplumbingofsouthflorida.com,john@smith.com,,Coral Springs FL,plumber,gmaps
masterplumberplumbingrepair.com,https://masterplumberplumbingrepair.com,masterplumberplumbingrepair.com,info@indiantypefoundry.com,,Coral Springs FL,plumber,gmaps
coolsolutionservices.com,https://coolsolutionservices.com,coolsolutionservices.com,eddy@coolsolutionservices.com,,Miami FL,hvac contractor,gmaps
vice-mechanical.com,https://vice-mechanical.com,vice-mechanical.com,management@vice-mechanical.com,,Miami FL,hvac contractor,gmaps
flowtechac.com,https://flowtechac.com,flowtechac.com,info@flowtechac.com,,Miami FL,hvac contractor,gmaps
hvac.filterbuy.com,https://hvac.filterbuy.com,hvac.filterbuy.com,hvacsolutions@filterbuy.com,,Miami FL,hvac contractor,gmaps
acextra.com,https://acextra.com,acextra.com,contact@acextra.com,,Miami FL,hvac contractor,gmaps
directac123.com,https://directac123.com,directac123.com,leads@directac123.com,,Miami FL,hvac contractor,gmaps
acbioclean.com,https://acbioclean.com,acbioclean.com,info@acbioclean.com,,Miami FL,hvac contractor,gmaps
alfresco-air.com,https://alfresco-air.com,alfresco-air.com,info@alfresco-air.com,,Miami FL,hvac contractor,gmaps
americanthermalservices.com,https://americanthermalservices.com,americanthermalservices.com,info@americanthermalservices.com,,Miami FL,hvac contractor,gmaps
wynwoodac.com,https://wynwoodac.com,wynwoodac.com,eben@eyebytes.com,,Miami FL,hvac contractor,gmaps
bhbas.com,https://bhbas.com,bhbas.com,hello@bhbas.com,,Miami FL,hvac contractor,gmaps
theacguyscontractors.com,https://theacguyscontractors.com,theacguyscontractors.com,info@theacguyscontractors.com,,Miami FL,hvac contractor,gmaps
truecoolac.com,https://truecoolac.com,truecoolac.com,terry@truecoolac.com,,Miami FL,hvac contractor,gmaps
thecoolingmasters.com,https://thecoolingmasters.com,thecoolingmasters.com,coolingmasters247@gmail.com,,Miami FL,hvac contractor,gmaps
expertcoldacrepairs.com,https://expertcoldacrepairs.com,expertcoldacrepairs.com,info@expertcoldacrepairs.com,,Miami FL,hvac contractor,gmaps
coolvacacrepairpros.com,https://coolvacacrepairpros.com,coolvacacrepairpros.com,info@coolvacacrepairpros.com,,Miami FL,hvac contractor,gmaps
acrepairmiamibeachflorida.com,https://acrepairmiamibeachflorida.com,acrepairmiamibeachflorida.com,j3mi@w.yt,,Miami FL,hvac contractor,gmaps
jjacservice.com,https://jjacservice.com,jjacservice.com,info@jjacservice.com,,Miami FL,hvac contractor,gmaps
acrepairmiamibeach.pro,https://acrepairmiamibeach.pro,acrepairmiamibeach.pro,info@acrepairmiamibeach.pro,,Miami FL,hvac contractor,gmaps
aircoolmiamiservicesinc.com,https://aircoolmiamiservicesinc.com,aircoolmiamiservicesinc.com,info@aircoolmiamiservicesinc.com,,Miami FL,hvac contractor,gmaps
resqservicesgroup.com,https://resqservicesgroup.com,resqservicesgroup.com,service@resqservicesgroup.com,,Miami FL,hvac contractor,gmaps
acrepairmiami.pro,https://acrepairmiami.pro,acrepairmiami.pro,info@acrepairmiami.pro,,Miami FL,hvac contractor,gmaps
hvacsolutionspro.com,https://hvacsolutionspro.com,hvacsolutionspro.com,info@hvacsolutionspro.com,,Miami FL,hvac contractor,gmaps
fusemia.com,https://fusemia.com,fusemia.com,support@fusemia.com,,Miami FL,hvac contractor,gmaps
localaccompany.com,https://localaccompany.com,localaccompany.com,service@local-ac.com,,Miami FL,hvac contractor,gmaps
frostmasters.pro,https://frostmasters.pro,frostmasters.pro,info@frostmasters.pro,,Miami FL,hvac contractor,gmaps
ti3dmartinsacorp.com,https://ti3dmartinsacorp.com,ti3dmartinsacorp.com,roelmartin91@icloud.com,,Miami FL,hvac contractor,gmaps
24hourairservice.com,https://24hourairservice.com,24hourairservice.com,24hrairsvc@bellsouth.net,,Miami FL,hvac contractor,gmaps
us1air.com,https://us1air.com,us1air.com,service@us1air.com,,Miami FL,hvac contractor,gmaps
actechcooling.com,https://actechcooling.com,actechcooling.com,info@actechcoolingservices.com,,Miami FL,hvac contractor,gmaps
acsolutionrgcorp.com,https://acsolutionrgcorp.com,acsolutionrgcorp.com,info@acsolutionrg.com,,Miami FL,hvac contractor,gmaps
doctorairhvac.com,https://doctorairhvac.com,doctorairhvac.com,ariel@doctorairhvac.com,,Miami FL,hvac contractor,gmaps
air-conservice.com,https://air-conservice.com,air-conservice.com,lucas@air-conservice.com,,Miami FL,hvac contractor,gmaps
miamihp.com,https://miamihp.com,miamihp.com,customerservice@miamihp.com,,Miami FL,hvac contractor,gmaps
hvac-profl.com,https://hvac-profl.com,hvac-profl.com,ottovilla65@gmail.com,,Hialeah FL,hvac contractor,gmaps
expressacmiami.com,https://expressacmiami.com,expressacmiami.com,expressac71@gmail.com,,Hialeah FL,hvac contractor,gmaps
sapphirehvac.net,https://sapphirehvac.net,sapphirehvac.net,support@sapphirehvac.net,,Hialeah FL,hvac contractor,gmaps
coolrunningsair.com,https://coolrunningsair.com,coolrunningsair.com,info@coolrunningsair.com,,Hialeah FL,hvac contractor,gmaps
allfloridaairandheat.com,https://allfloridaairandheat.com,allfloridaairandheat.com,arian@allfloridaairandheat.com,,Hialeah FL,hvac contractor,gmaps
24-7airconditioningservice.com,https://24-7airconditioningservice.com,24-7airconditioningservice.com,24.7aircservice@gmail.com,,Hialeah FL,hvac contractor,gmaps
floridahvaccontractorinc.com,https://floridahvaccontractorinc.com,floridahvaccontractorinc.com,info@flahvac.com,,Hialeah FL,hvac contractor,gmaps
sfheatandair.com,https://sfheatandair.com,sfheatandair.com,info@sfheatandair.com,,Hialeah FL,hvac contractor,gmaps
lombardacmiami.com,https://lombardacmiami.com,lombardacmiami.com,,,Hialeah FL,hvac contractor,gmaps
freezingmechanical.com,https://freezingmechanical.com,freezingmechanical.com,vfinalet@freezingmechanical.com,,Hialeah FL,hvac contractor,gmaps
airconmgt.com,https://airconmgt.com,airconmgt.com,contact@airconmgt.com,,Hialeah FL,hvac contractor,gmaps
esaacservices.com,https://esaacservices.com,esaacservices.com,admin@esaacservices.com,,Hialeah FL,hvac contractor,gmaps
quamec.net,https://quamec.net,quamec.net,info@quamec.net,,Hialeah FL,hvac contractor,gmaps
refricenter.net,https://refricenter.net,refricenter.net,brian@refricenter.net,,Hialeah FL,hvac contractor,gmaps
palmaair.com,https://palmaair.com,palmaair.com,emmanuelpalma@palmaair.com,,Hialeah FL,hvac contractor,gmaps
highflowheatingacrepair.com,https://highflowheatingacrepair.com,highflowheatingacrepair.com,info@highflowheatingacrepair.com,,Hialeah FL,hvac contractor,gmaps
actlgroup.com,https://actlgroup.com,actlgroup.com,,,Hialeah FL,hvac contractor,gmaps
acrepairhialeahpros.pro,https://acrepairhialeahpros.pro,acrepairhialeahpros.pro,info@acrepairhialeahpros.pro,,Hialeah FL,hvac contractor,gmaps
mainstreamhvacr.com,https://mainstreamhvacr.com,mainstreamhvacr.com,sales@mainstreamhvacr.com,,Hialeah FL,hvac contractor,gmaps
saezdistributors.com,https://saezdistributors.com,saezdistributors.com,support@saezdistributors.com,,Hialeah FL,hvac contractor,gmaps
xtremeairconditioning.com,https://xtremeairconditioning.com,xtremeairconditioning.com,xtremehvacinc@gmail.com,,Hialeah FL,hvac contractor,gmaps
thehunterair.com,https://thehunterair.com,thehunterair.com,usa@thehunterair.com,,Hialeah FL,hvac contractor,gmaps
aaasupply.com,https://aaasupply.com,aaasupply.com,customerservice@aaasupply.com,,Hialeah FL,hvac contractor,gmaps
alemanheatingcoolingservice.com,https://alemanheatingcoolingservice.com,alemanheatingcoolingservice.com,alemanheatingcoolingservice@gmail.com,,Hialeah FL,hvac contractor,gmaps
kingcoolacrepairs.com,https://kingcoolacrepairs.com,kingcoolacrepairs.com,info@kingcoolacrepairs.com,,Hialeah FL,hvac contractor,gmaps
arconacinc.com,https://arconacinc.com,arconacinc.com,service@arconacinc.com,,Hialeah FL,hvac contractor,gmaps
reliablecoolacrepairs.com,https://reliablecoolacrepairs.com,reliablecoolacrepairs.com,info@reliablecoolacrepairs.com,,Hialeah FL,hvac contractor,gmaps
triumphac.com,https://triumphac.com,triumphac.com,info@triumphac.com,,Hialeah FL,hvac contractor,gmaps
aircoolfl.com,https://aircoolfl.com,aircoolfl.com,info@aircoolfl.com,,Hialeah FL,hvac contractor,gmaps
happybreezeheatingcooling.com,https://happybreezeheatingcooling.com,happybreezeheatingcooling.com,info@happybreezeheatingcooling.com,,Hialeah FL,hvac contractor,gmaps
aircondmechanical.com,https://aircondmechanical.com,aircondmechanical.com,support@aircondmechanical.com,,Hialeah FL,hvac contractor,gmaps
norcaair.com,https://norcaair.com,norcaair.com,info@norcaair.com,,Hialeah FL,hvac contractor,gmaps
prestigecoolingsolutions.com,https://prestigecoolingsolutions.com,prestigecoolingsolutions.com,info@mysite.com,,Miami Gardens FL,hvac contractor,gmaps
rockethvacr.com,https://rockethvacr.com,rockethvacr.com,willys@rockethvacr.com,,Miami Gardens FL,hvac contractor,gmaps
acpulses.com,https://acpulses.com,acpulses.com,micah@micahrich.com,,Miami Gardens FL,hvac contractor,gmaps
unlimitedacsolutions.com,https://unlimitedacsolutions.com,unlimitedacsolutions.com,layerdrops@gmail.com,,Miami Gardens FL,hvac contractor,gmaps
airsolutionrepair.com,https://airsolutionrepair.com,airsolutionrepair.com,admin@airsolutionrepair.com,,Miami Gardens FL,hvac contractor,gmaps
hopehvacfl.com,https://hopehvacfl.com,hopehvacfl.com,hopeacexperts@outlook.com,,Miami Gardens FL,hvac contractor,gmaps
acserviceexperts.com,https://acserviceexperts.com,acserviceexperts.com,contact@acserviceexperts.com,,Miami Gardens FL,hvac contractor,gmaps
ecoacflorida.com,https://ecoacflorida.com,ecoacflorida.com,info@ecoacflorida.com,,Miami Gardens FL,hvac contractor,gmaps
firstchoiceairheat.com,https://firstchoiceairheat.com,firstchoiceairheat.com,firstchoiceairheat@gmail.com,,Miami Gardens FL,hvac contractor,gmaps
floridacleanairplus.com,https://floridacleanairplus.com,floridacleanairplus.com,contact@floridacleanairplus.com,,Miami Gardens FL,hvac contractor,gmaps
royalairfl.com,https://royalairfl.com,royalairfl.com,info@royalairfl.com,,Miami Gardens FL,hvac contractor,gmaps
moralesandsonac.com,https://moralesandsonac.com,moralesandsonac.com,service@moralesandson.com,,Miami Gardens FL,hvac contractor,gmaps
masseuscooling.com,https://masseuscooling.com,masseuscooling.com,info@masseuscooling.com,,Miami Gardens FL,hvac contractor,gmaps
airductsspecialists.com,https://airductsspecialists.com,airductsspecialists.com,airductspecialistsllc@gmail.com,,Miami Gardens FL,hvac contractor,gmaps
miamiairductsolution.com,https://miamiairductsolution.com,miamiairductsolution.com,miamiairductsolution@gmail.com,,Miami Gardens FL,hvac contractor,gmaps
empireacservices.com,https://empireacservices.com,empireacservices.com,hello@landio.com,,Miami Gardens FL,hvac contractor,gmaps
daikincomfort.com,https://daikincomfort.com,daikincomfort.com,test@salesforce.com,,Miami Gardens FL,hvac contractor,gmaps
americanfreezingpoint.com,https://americanfreezingpoint.com,americanfreezingpoint.com,rizwan@dijitalroi.com,,Miami Gardens FL,hvac contractor,gmaps
cyclonemechanical.net,https://cyclonemechanical.net,cyclonemechanical.net,info@cyclonemechanical.net,,Miami Gardens FL,hvac contractor,gmaps
thomasairconditioning.com,https://thomasairconditioning.com,thomasairconditioning.com,,,Miami Gardens FL,hvac contractor,gmaps
staykool.net,https://staykool.net,staykool.net,jonpinhorn.typedesign@gmail.com,,Miami Gardens FL,hvac contractor,gmaps
coolguysflorida.com,https://coolguysflorida.com,coolguysflorida.com,info@coolguysflorida.com,,Miami Gardens FL,hvac contractor,gmaps
electricacsolutions.com,https://electricacsolutions.com,electricacsolutions.com,info@electricacsolutions.com,,Homestead FL,hvac contractor,gmaps
dunyairconditioning.mightysites.com,https://dunyairconditioning.mightysites.com,dunyairconditioning.mightysites.com,dunyacservices@gmail.com,,Homestead FL,hvac contractor,gmaps
guisanac.com,https://guisanac.com,guisanac.com,teamguisan@guisanac.com,,Homestead FL,hvac contractor,gmaps
getkingair.com,https://getkingair.com,getkingair.com,kingairmatt@gmail.com,,Homestead FL,hvac contractor,gmaps
blueislandairconditioningandrefrigeration.jobbersites.com,https://blueislandairconditioningandrefrigeration.jobbersites.com,blueislandairconditioningandrefrigeration.jobbersites.com,contact@blueislandair.com,,Homestead FL,hvac contractor,gmaps
acrepairhomestead.pro,https://acrepairhomestead.pro,acrepairhomestead.pro,info@acrepairhomestead.pro,,Homestead FL,hvac contractor,gmaps
mechanicalcoolingservices.com,https://mechanicalcoolingservices.com,mechanicalcoolingservices.com,service@mechanicalcoolingservices.com,,Homestead FL,hvac contractor,gmaps
airnovation.pro,https://airnovation.pro,airnovation.pro,info@airnovation.pro,,Homestead FL,hvac contractor,gmaps
hvacproviders.com,https://hvacproviders.com,hvacproviders.com,acernie@hvacproviders.com,,Homestead FL,hvac contractor,gmaps
breezehvacair.com,https://breezehvacair.com,breezehvacair.com,info@breezehvacair.com,,Homestead FL,hvac contractor,gmaps
airconnectionmechanical.com,https://airconnectionmechanical.com,airconnectionmechanical.com,airconnectionmechanical@yahoo.com,,Homestead FL,hvac contractor,gmaps
immanuelairconditioning.com,https://immanuelairconditioning.com,immanuelairconditioning.com,info@immanuelairconditioning.com,,Homestead FL,hvac contractor,gmaps
level5hvac.com,https://level5hvac.com,level5hvac.com,acdirector@level5hvac.com,,Homestead FL,hvac contractor,gmaps
coastlineac.com,https://coastlineac.com,coastlineac.com,coastlineac305@gmail.com,,Homestead FL,hvac contractor,gmaps
qqserviceandrepaircorp.com,https://qqserviceandrepaircorp.com,qqserviceandrepaircorp.com,carlos@qqserviceandrepaircorp.com,,Homestead FL,hvac contractor,gmaps
freezeeasyacrepairs.com,https://freezeeasyacrepairs.com,freezeeasyacrepairs.com,info@freezeeasyacrepairs.com,,Homestead FL,hvac contractor,gmaps
southernair.rocks,https://southernair.rocks,southernair.rocks,coldair@southernair.rocks,,Homestead FL,hvac contractor,gmaps
all-air.com,https://all-air.com,all-air.com,webmaster@all-air.com,,Homestead FL,hvac contractor,gmaps
airconditionrepairnow.site,https://airconditionrepairnow.site,airconditionrepairnow.site,info@airconditionrepairnow.site,,Homestead FL,hvac contractor,gmaps
kendaleair.com,https://kendaleair.com,kendaleair.com,,,Kendall FL,hvac contractor,gmaps
panthermiami.com,https://panthermiami.com,panthermiami.com,info@panthermiami.com,,Kendall FL,hvac contractor,gmaps
centralcomfortairconditioning.com,https://centralcomfortairconditioning.com,centralcomfortairconditioning.com,your@mail.com,,Kendall FL,hvac contractor,gmaps
temprosair.com,https://temprosair.com,temprosair.com,temprosair@gmail.com,,Kendall FL,hvac contractor,gmaps
a-maxac.com,https://a-maxac.com,a-maxac.com,hello@a-maxac.com,,Kendall FL,hvac contractor,gmaps
coolingmode.com,https://coolingmode.com,coolingmode.com,example@mysite.com,,Kendall FL,hvac contractor,gmaps
coollogixac.com,https://coollogixac.com,coollogixac.com,david@coollogixhvac.com,,Kendall FL,hvac contractor,gmaps
argenair.com,https://argenair.com,argenair.com,jlescano@argenair.com,,Kendall FL,hvac contractor,gmaps
coolzoneengineering.com,https://coolzoneengineering.com,coolzoneengineering.com,info@coolzoneengineering.com,,Kendall FL,hvac contractor,gmaps
ameritempac.com,https://ameritempac.com,ameritempac.com,service@ameritempac.com,,Kendall FL,hvac contractor,gmaps
allnationsac.com,https://allnationsac.com,allnationsac.com,allnationsac@gmail.com,,Kendall FL,hvac contractor,gmaps
polluxair.com,https://polluxair.com,polluxair.com,john.doe@gmail.com,,Kendall FL,hvac contractor,gmaps
rickscooling.com,https://rickscooling.com,rickscooling.com,rickscoolingmiami@yahoo.com,,Kendall FL,hvac contractor,gmaps
hi-techairservice.com,https://hi-techairservice.com,hi-techairservice.com,office@hi-techairservice.com,,Kendall FL,hvac contractor,gmaps
southerncomfortac.com,https://southerncomfortac.com,southerncomfortac.com,service@southerncomfortac.com,,Kendall FL,hvac contractor,gmaps
saboridoac.com,https://saboridoac.com,saboridoac.com,info@saboridoac.com,,Kendall FL,hvac contractor,gmaps
weathermakers.net,https://weathermakers.net,weathermakers.net,service@weathermakers.net,,Kendall FL,hvac contractor,gmaps
icecityac.com,https://icecityac.com,icecityac.com,icecityac@gmail.com,,Kendall FL,hvac contractor,gmaps
aircontracting.com,https://aircontracting.com,aircontracting.com,service@aircontracting.com,,Kendall FL,hvac contractor,gmaps
dadelandhvac.com,https://dadelandhvac.com,dadelandhvac.com,info@dadelandhvac.com,,Kendall FL,hvac contractor,gmaps
cool-breezeac.com,https://cool-breezeac.com,cool-breezeac.com,service@cool-breezeac.com,,Kendall FL,hvac contractor,gmaps
jdhvacsolutions.com,https://jdhvacsolutions.com,jdhvacsolutions.com,support@webador.com,,Kendall FL,hvac contractor,gmaps
chillionairehvac.com,https://chillionairehvac.com,chillionairehvac.com,technation305@gmail.com,,Kendall FL,hvac contractor,gmaps
coolfortacsolutionscorp.com,https://coolfortacsolutionscorp.com,coolfortacsolutionscorp.com,info@coolfortacsolutionscorp.com,,Kendall FL,hvac contractor,gmaps
optimushomepros.com,https://optimushomepros.com,optimushomepros.com,info@optimushomepros.com,,Kendall FL,hvac contractor,gmaps
ar-supply.com,https://ar-supply.com,ar-supply.com,salesdoral@ar-supply.com,,Kendall FL,hvac contractor,gmaps
maxhvacacrepair.com,https://maxhvacacrepair.com,maxhvacacrepair.com,info@maxhvacacrepair.com,,Kendall FL,hvac contractor,gmaps
chillsairconditioning.com,https://chillsairconditioning.com,chillsairconditioning.com,info@chillsairconditioning.com,,Kendall FL,hvac contractor,gmaps
airbestpros.com,https://airbestpros.com,airbestpros.com,airbestpross@gmail.com,,Kendall FL,hvac contractor,gmaps
qualitycoolandheat.com,https://qualitycoolandheat.com,qualitycoolandheat.com,info@qualitycoolandheat.com,,Kendall FL,hvac contractor,gmaps
macairserviceinc.com,https://macairserviceinc.com,macairserviceinc.com,info@macairserviceinc.com,,Kendall FL,hvac contractor,gmaps
proacrepaircoolingsolutions.com,https://proacrepaircoolingsolutions.com,proacrepaircoolingsolutions.com,info@proacrepaircoolingsolutions.com,,Kendall FL,hvac contractor,gmaps
vicreymultiservices.com,https://vicreymultiservices.com,vicreymultiservices.com,vicreymultiservices@gmail.com,,Kendall FL,hvac contractor,gmaps
airmaxservice.net,https://airmaxservice.net,airmaxservice.net,officemanager@airmaxservice.net,,Kendall FL,hvac contractor,gmaps
xelorair.com,https://xelorair.com,xelorair.com,service@xelorair.com,,Doral FL,hvac contractor,gmaps
servicedoral.com,https://servicedoral.com,servicedoral.com,sales@servicedoral.com,,Doral FL,hvac contractor,gmaps
vista-mechanical.com,https://vista-mechanical.com,vista-mechanical.com,office@vista-mechanical.com,,Doral FL,hvac contractor,gmaps
tcirefrigeration.net,https://tcirefrigeration.net,tcirefrigeration.net,ciro.ordaz@tcirefrigeration.com,,Doral FL,hvac contractor,gmaps
aamechanicalgroup.com,https://aamechanicalgroup.com,aamechanicalgroup.com,office@aamechanicalgroup.com,,Doral FL,hvac contractor,gmaps
bestairsolutions.com,https://bestairsolutions.com,bestairsolutions.com,info@bestairsolutions.com,,Doral FL,hvac contractor,gmaps
smcfla.com,https://smcfla.com,smcfla.com,manager@smcfla.com,,Doral FL,hvac contractor,gmaps
coldtimemiami.com,https://coldtimemiami.com,coldtimemiami.com,coldtimemiami@gmail.com,,Doral FL,hvac contractor,gmaps
acrepairdoral.pro,https://acrepairdoral.pro,acrepairdoral.pro,info@acrepairdoral.pro,,Doral FL,hvac contractor,gmaps
daircon.com,https://daircon.com,daircon.com,info@daircon.com,,Doral FL,hvac contractor,gmaps
pilarservices.com,https://pilarservices.com,pilarservices.com,info@pilarservices.com,,Doral FL,hvac contractor,gmaps
cordesservice.com,https://cordesservice.com,cordesservice.com,cordessales@gmail.com,,Doral FL,hvac contractor,gmaps
tropicmechanical.com,https://tropicmechanical.com,tropicmechanical.com,info@tropicmechanical.com,,Doral FL,hvac contractor,gmaps
oscarair.com,https://oscarair.com,oscarair.com,oac@oscarairconditioning.com,,Doral FL,hvac contractor,gmaps
llarenaair.com,https://llarenaair.com,llarenaair.com,llarenaservice@yahoo.com,,Doral FL,hvac contractor,gmaps
coldurbanacrepairs.com,https://coldurbanacrepairs.com,coldurbanacrepairs.com,info@coldurbanacrepairs.com,,Doral FL,hvac contractor,gmaps
nexairacrepairs.com,https://nexairacrepairs.com,nexairacrepairs.com,info@nexairacrepairs.com,,Doral FL,hvac contractor,gmaps
aventuraroofingexperts.com,https://aventuraroofingexperts.com,aventuraroofingexperts.com,aventuraroofingexperts@gmail.com,,Aventura FL,roofing contractor,gmaps
procontractorsusa.com,https://procontractorsusa.com,procontractorsusa.com,steve@procontractorsusa.com,,Aventura FL,roofing contractor,gmaps
aventurametalroof.com,https://aventurametalroof.com,aventurametalroof.com,info@aventurametalroof.com,,Aventura FL,roofing contractor,gmaps
buildforceusa.com,https://buildforceusa.com,buildforceusa.com,kolby.buildforce@gmail.com,,Aventura FL,roofing contractor,gmaps
cherryroofs.com,https://cherryroofs.com,cherryroofs.com,info@cloudlandmark.com,,Aventura FL,roofing contractor,gmaps
theflatroofs.com,https://theflatroofs.com,theflatroofs.com,lucacarolli.lc@gmail.com,,Aventura FL,roofing contractor,gmaps
mightydogroofing.com,https://mightydogroofing.com,mightydogroofing.com,help@mightydogroofing.com,,Aventura FL,roofing contractor,gmaps
seasideguardroofing.com,https://seasideguardroofing.com,seasideguardroofing.com,info@seasideguardroofing.com,,Aventura FL,roofing contractor,gmaps
tropicalroofingproducts.com,https://tropicalroofingproducts.com,tropicalroofingproducts.com,infomarketing@soprema.us,,Aventura FL,roofing contractor,gmaps
iroofing.org,https://iroofing.org,iroofing.org,info@iroofing.org,,Aventura FL,roofing contractor,gmaps
trustconstructionsfl.com,https://trustconstructionsfl.com,trustconstructionsfl.com,trustconstructionfl@gmail.com,,Aventura FL,roofing contractor,gmaps
flgreendevelopment.com,https://flgreendevelopment.com,flgreendevelopment.com,hello@flgreendevelopment.com,,Aventura FL,roofing contractor,gmaps
pabloremodelinggroup.com,https://pabloremodelinggroup.com,pabloremodelinggroup.com,pabloremodelinggroup@gmail.com,,Aventura FL,roofing contractor,gmaps
crowndesignbuilders.com,https://crowndesignbuilders.com,crowndesignbuilders.com,info@crowndesignbuilders.com,,Aventura FL,roofing contractor,gmaps
remodelsouthflorida.com,https://remodelsouthflorida.com,remodelsouthflorida.com,info@gulfatlanticindustries.com,,Aventura FL,roofing contractor,gmaps
nmbremodel.com,https://nmbremodel.com,nmbremodel.com,info@nmbremodel.com,,Aventura FL,roofing contractor,gmaps
genereve.com,https://genereve.com,genereve.com,info@genereve.com,,Aventura FL,roofing contractor,gmaps
roofsinabox.com,https://roofsinabox.com,roofsinabox.com,info@roofsinabox.com,,Aventura FL,roofing contractor,gmaps
balharbourroofers.com,https://balharbourroofers.com,balharbourroofers.com,info@balharbour.com,,Bal Harbour FL,roofing contractor,gmaps
harborislandsroofing.com,https://harborislandsroofing.com,harborislandsroofing.com,info@harborislandsroofing.com,,Bal Harbour FL,roofing contractor,gmaps
surfsideroofmasters.com,https://surfsideroofmasters.com,surfsideroofmasters.com,info@balharbour.com,,Bal Harbour FL,roofing contractor,gmaps
psrroofingcompanyofmiami.com,https://psrroofingcompanyofmiami.com,psrroofingcompanyofmiami.com,info@psrroofingmiami.com,,Bal Harbour FL,roofing contractor,gmaps
rayslateconstruction.com,https://rayslateconstruction.com,rayslateconstruction.com,rayslate33@gmail.com,,Bal Harbour FL,roofing contractor,gmaps
shamaconstructions.net,https://shamaconstructions.net,shamaconstructions.net,info@shamaconstructions.net,,Bal Harbour FL,roofing contractor,gmaps
elusiveremodel.com,https://elusiveremodel.com,elusiveremodel.com,marceljreinosa@gmail.com,,Bal Harbour FL,roofing contractor,gmaps
miamibeachroofrepair.com,https://miamibeachroofrepair.com,miamibeachroofrepair.com,info@miamibeachroofrepair.com,,Bal Harbour FL,roofing contractor,gmaps
kconstructioncorp.com,https://kconstructioncorp.com,kconstructioncorp.com,kconstruct@gmail.com,,Bal Harbour FL,roofing contractor,gmaps
decoroofingllc.jobbersites.com,https://decoroofingllc.jobbersites.com,decoroofingllc.jobbersites.com,info@decoroofllc.com,,Bal Harbour FL,roofing contractor,gmaps
roofcontractormiami.com,https://roofcontractormiami.com,roofcontractormiami.com,admin@roofcontractormiami.com,,Bal Harbour FL,roofing contractor,gmaps
diamondremodelers.com,https://diamondremodelers.com,diamondremodelers.com,jeff@diamondremodelers.com,,Bal Harbour FL,roofing contractor,gmaps
sjjsroofing.com,https://sjjsroofing.com,sjjsroofing.com,info@sjjsroofing.com,,Bal Harbour FL,roofing contractor,gmaps
pg-roofing.com,https://pg-roofing.com,pg-roofing.com,info@pg-roofing.com,,Bal Harbour FL,roofing contractor,gmaps
sunshineroofingsolutions.com,https://sunshineroofingsolutions.com,sunshineroofingsolutions.com,avalente@sunshineroofingsolutions.com,,Bal Harbour FL,roofing contractor,gmaps
vistarconstruction.com,https://vistarconstruction.com,vistarconstruction.com,impallari@gmail.com,,Bal Harbour FL,roofing contractor,gmaps
intotheblueroofing.com,https://intotheblueroofing.com,intotheblueroofing.com,office@intotheblueroofing.com,,Bay Harbor Islands FL,roofing contractor,gmaps
floridaclosetpros.com,https://floridaclosetpros.com,floridaclosetpros.com,,,Bay Harbor Islands FL,roofing contractor,gmaps
superiorroofingfl.com,https://superiorroofingfl.com,superiorroofingfl.com,jose@superiorroofingfl.com,,Bay Harbor Islands FL,roofing contractor,gmaps
floridaroofbros.com,https://floridaroofbros.com,floridaroofbros.com,info@floridaroofbros.com,,Bay Harbor Islands FL,roofing contractor,gmaps
precisionroofrepair.com,https://precisionroofrepair.com,precisionroofrepair.com,admin@precisionroofrepair.com,,Bay Harbor Islands FL,roofing contractor,gmaps
beachpropertyservicesmiami.com,https://beachpropertyservicesmiami.com,beachpropertyservicesmiami.com,office.beachpropertyservices@gmail.com,,Bay Harbor Islands FL,roofing contractor,gmaps
mimoroofingandwaterproofing.com,https://mimoroofingandwaterproofing.com,mimoroofingandwaterproofing.com,info@mimoconstructionanddevelopment.com,,Bay Harbor Islands FL,roofing contractor,gmaps
thefloridaroofers.com,https://thefloridaroofers.com,thefloridaroofers.com,thefloridaroofers@gmail.com,,Bay Harbor Islands FL,roofing contractor,gmaps
goinvista.com,https://goinvista.com,goinvista.com,webmaster@goinvista.com,,Bay Harbor Islands FL,roofing contractor,gmaps
advancedroofingsouth.com,https://advancedroofingsouth.com,advancedroofingsouth.com,advancedroofing96@gmail.com,,Bay Harbor Islands FL,roofing contractor,gmaps
threepointbuilders.lovable.app,https://threepointbuilders.lovable.app,threepointbuilders.lovable.app,hello@threepointbuilders.com,,Bay Harbor Islands FL,roofing contractor,gmaps
gatorconstructions.com,https://gatorconstructions.com,gatorconstructions.com,info@gatorconstructions.com,,Bay Harbor Islands FL,roofing contractor,gmaps
gulfcoastroofingrepairs.com,https://gulfcoastroofingrepairs.com,gulfcoastroofingrepairs.com,gulfcoast.palmharbor@gmail.com,,Bay Harbor Islands FL,roofing contractor,gmaps
jjqualitybuilder.com,https://jjqualitybuilder.com,jjqualitybuilder.com,jesus@jjqualitybuilders.com,,Bay Harbor Islands FL,roofing contractor,gmaps
parkroofconstructions.com,https://parkroofconstructions.com,parkroofconstructions.com,info@parkroofconstructions.com,,Biscayne Park FL,roofing contractor,gmaps
biscaynebayroofers.com,https://biscaynebayroofers.com,biscaynebayroofers.com,info@biscaynebayroofers.com,,Biscayne Park FL,roofing contractor,gmaps
miamishoresroofers.com,https://miamishoresroofers.com,miamishoresroofers.com,info@miamishoresroofers.com,,Biscayne Park FL,roofing contractor,gmaps
elportalroofing.com,https://elportalroofing.com,elportalroofing.com,info@elportalroofing.com,,Biscayne Park FL,roofing contractor,gmaps
graniteroofingco.com,https://graniteroofingco.com,graniteroofingco.com,info@graniteroofingco.com,,Biscayne Park FL,roofing contractor,gmaps
serraroofing.com,https://serraroofing.com,serraroofing.com,serra@serraroofing.com,,Biscayne Park FL,roofing contractor,gmaps
agkgc.com,https://agkgc.com,agkgc.com,info@agkgc.com,,Biscayne Park FL,roofing contractor,gmaps
puroclean.com,https://puroclean.com,puroclean.com,apericchi@puroclean.com,,Boca Raton FL,roofing contractor,gmaps
boyntonbeachflroofing.com,https://boyntonbeachflroofing.com,boyntonbeachflroofing.com,,,Boynton Beach FL,roofing contractor,gmaps
stronghousebrands.com,https://stronghousebrands.com,stronghousebrands.com,pmaloney@stronghousebrands.com,,Boynton Beach FL,roofing contractor,gmaps
oceanridgeroofers.com,https://oceanridgeroofers.com,oceanridgeroofers.com,info@oceanridgeroofers.com,,Boynton Beach FL,roofing contractor,gmaps
herculesroofing.com,https://herculesroofing.com,herculesroofing.com,gil@herculesroofing.com,,Boynton Beach FL,roofing contractor,gmaps
brightsummitroofers.com,https://brightsummitroofers.com,brightsummitroofers.com,info@brightsummitroofers.com,,Boynton Beach FL,roofing contractor,gmaps
brinybreezesroofing.com,https://brinybreezesroofing.com,brinybreezesroofing.com,info@brinybreezesroofing.com,,Boynton Beach FL,roofing contractor,gmaps
acroofing.com,https://acroofing.com,acroofing.com,info@acroofing.com,,Boynton Beach FL,roofing contractor,gmaps
timberskyroofing.com,https://timberskyroofing.com,timberskyroofing.com,info@timberskyroofing.com,,Boynton Beach FL,roofing contractor,gmaps
paradiseexteriors.com,https://paradiseexteriors.com,paradiseexteriors.com,info@paradiseexteriors.com,,Boynton Beach FL,roofing contractor,gmaps
floridastateroofsystems.com,https://floridastateroofsystems.com,floridastateroofsystems.com,hello@floridastateroofsystems.com,,Boynton Beach FL,roofing contractor,gmaps
coastalroofingofsouthflorida.com,https://coastalroofingofsouthflorida.com,coastalroofingofsouthflorida.com,office@coastalroofingofsouthflorida.com,,Boynton Beach FL,roofing contractor,gmaps
rossiroofingfl.com,https://rossiroofingfl.com,rossiroofingfl.com,office@rossiroofingfl.com,,Boynton Beach FL,roofing contractor,gmaps
heroicroofing.com,https://heroicroofing.com,heroicroofing.com,info@heroicconstruction.com,,Boynton Beach FL,roofing contractor,gmaps
kandbgutters.com,https://kandbgutters.com,kandbgutters.com,info@bauerx.com,,Boynton Beach FL,roofing contractor,gmaps
riptideroofing.org,https://riptideroofing.org,riptideroofing.org,doug@riptideroofing.org,,Boynton Beach FL,roofing contractor,gmaps
superiorrooffl.com,https://superiorrooffl.com,superiorrooffl.com,info@superiorrooffl.com,,Boynton Beach FL,roofing contractor,gmaps
coastalcoppergutters.com,https://coastalcoppergutters.com,coastalcoppergutters.com,coastalcoppergutters@gmail.com,,Boynton Beach FL,roofing contractor,gmaps
allphaseroofing.net,https://allphaseroofing.net,allphaseroofing.net,allphaseroofing19@gmail.com,,Boynton Beach FL,roofing contractor,gmaps
classicrooferssolutions.com,https://classicrooferssolutions.com,classicrooferssolutions.com,info@classicrooferssolutions.com,,Boynton Beach FL,roofing contractor,gmaps
1oakfl.com,https://1oakfl.com,1oakfl.com,info@1oakfl.com,,Boynton Beach FL,roofing contractor,gmaps
fiddlerroofcleaning.com,https://fiddlerroofcleaning.com,fiddlerroofcleaning.com,fiddlerroofcleaning72@gmail.com,,Boynton Beach FL,roofing contractor,gmaps
pitchroofing.com,https://pitchroofing.com,pitchroofing.com,hello@pitchroofing.com,,Boynton Beach FL,roofing contractor,gmaps
elitecontractorspro.com,https://elitecontractorspro.com,elitecontractorspro.com,info@elitecontractorspro.com,,Boynton Beach FL,roofing contractor,gmaps
southflorida.roofrightnow.com,https://southflorida.roofrightnow.com,southflorida.roofrightnow.com,jason@roofrightnow.com,,Boynton Beach FL,roofing contractor,gmaps
southernsheetmetalfl.com,https://southernsheetmetalfl.com,southernsheetmetalfl.com,ssm-john@outlook.com,,Boynton Beach FL,roofing contractor,gmaps
atlanticviewbuilders.com,https://atlanticviewbuilders.com,atlanticviewbuilders.com,atlanticviewbuilders@gmail.com,,Boynton Beach FL,roofing contractor,gmaps
competentroofservices.com,https://competentroofservices.com,competentroofservices.com,competentroofservices@gmail.com,,Boynton Beach FL,roofing contractor,gmaps
roofingbuilttolast.com,https://roofingbuilttolast.com,roofingbuilttolast.com,info@roofingbuilttolast.com,,Boynton Beach FL,roofing contractor,gmaps
qxo.com,https://qxo.com,qxo.com,sitesupport@qxo.com,,Boynton Beach FL,roofing contractor,gmaps
roofingpalmsprings.com,https://roofingpalmsprings.com,roofingpalmsprings.com,aandjcontractors@hotmail.com,,Boynton Beach FL,roofing contractor,gmaps
floridagc.com,https://floridagc.com,floridagc.com,admin@floridagc.com,,Boynton Beach FL,roofing contractor,gmaps
oceanarchitecturalsheetmetals.com,https://oceanarchitecturalsheetmetals.com,oceanarchitecturalsheetmetals.com,brad.ocmrs@gmail.com,,Boynton Beach FL,roofing contractor,gmaps
mrbalanllc.lovable.app,https://mrbalanllc.lovable.app,mrbalanllc.lovable.app,mr.balanllc@gmail.com,,Boynton Beach FL,roofing contractor,gmaps
jroofingservices.com,https://jroofingservices.com,jroofingservices.com,info@jroofingservices.com,,Boynton Beach FL,roofing contractor,gmaps
gipainters.com,https://gipainters.com,gipainters.com,customercare@stronghousebrands.com,,Boynton Beach FL,roofing contractor,gmaps
safeguardcc.net,https://safeguardcc.net,safeguardcc.net,office@safeguardcc.net,,Boynton Beach FL,roofing contractor,gmaps
customtrussllc.com,https://customtrussllc.com,customtrussllc.com,customtrussllc@gmail.com,,Boynton Beach FL,roofing contractor,gmaps
palmgroveroofrepair.com,https://palmgroveroofrepair.com,palmgroveroofrepair.com,info@palmgroveroofrepair.com,,Coconut Creek FL,roofing contractor,gmaps
hillsboropinesroofing.com,https://hillsboropinesroofing.com,hillsboropinesroofing.com,info@hillsboropinesroofing.com,,Coconut Creek FL,roofing contractor,gmaps
euroconstructiononline.com,https://euroconstructiononline.com,euroconstructiononline.com,info@euroconstructiononline.com,,Coconut Creek FL,roofing contractor,gmaps
clarityroofingfl.com,https://clarityroofingfl.com,clarityroofingfl.com,info@clarityroofingfl.com,,Coconut Creek FL,roofing contractor,gmaps
lelack.com,https://lelack.com,lelack.com,team@latofonts.com,,Coconut Creek FL,roofing contractor,gmaps
floridamaxhome.services,https://floridamaxhome.services,floridamaxhome.services,maxserviceusa@gmail.com,,Coconut Creek FL,roofing contractor,gmaps
tectaamerica.com,https://tectaamerica.com,tectaamerica.com,info@tectaamerica.com,,Coconut Creek FL,roofing contractor,gmaps
compassroofingco.com,https://compassroofingco.com,compassroofingco.com,anthony@advantageitmarketing.com,,Coconut Creek FL,roofing contractor,gmaps
brightpathroofing.com,https://brightpathroofing.com,brightpathroofing.com,info@brightpathroofing.com,,Coconut Grove FL,roofing contractor,gmaps
oceanbluecontractor.com,https://oceanbluecontractor.com,oceanbluecontractor.com,info@oceanbluecontractor.com,,Coconut Grove FL,roofing contractor,gmaps
akgspecialtyinc.com,https://akgspecialtyinc.com,akgspecialtyinc.com,coordinator@akgspecialtyinc.com,,Coconut Grove FL,roofing contractor,gmaps
roofingandbeyondusa.com,https://roofingandbeyondusa.com,roofingandbeyondusa.com,info@roofingandbeyondusa.com,,Cooper City FL,roofing contractor,gmaps
floridatoproofs.com,https://floridatoproofs.com,floridatoproofs.com,email@gmail.com,,Coral Gables FL,roofing contractor,gmaps
coralspringspressurecleaninginc.com,https://coralspringspressurecleaninginc.com,coralspringspressurecleaninginc.com,scott@coralspringspressurecleaninginc.com,,Coral Springs FL,roofing contractor,gmaps
proroofingservices.net,https://proroofingservices.net,proroofingservices.net,wb.proroofing@gmail.com,,Coral Springs FL,roofing contractor,gmaps
navarroroofingcorp.com,https://navarroroofingcorp.com,navarroroofingcorp.com,froofing@bellsouth.net,,Coral Terrace FL,roofing contractor,gmaps
northviewroofing.com,https://northviewroofing.com,northviewroofing.com,info@northviewroofing.com,,Country Club FL,roofing contractor,gmaps
premiumcsinc.com,https://premiumcsinc.com,premiumcsinc.com,info@premiumcsinc.com,,Country Club FL,roofing contractor,gmaps
cgproroof.com,https://cgproroof.com,cgproroof.com,cgcontractorinc@aol.com,,Country Club FL,roofing contractor,gmaps
atlanticmetalroofinginc.com,https://atlanticmetalroofinginc.com,atlanticmetalroofinginc.com,info@atlanticmetalroofinginc.com,,Cutler Bay FL,roofing contractor,gmaps
bayroofingmasters.com,https://bayroofingmasters.com,bayroofingmasters.com,info@bayroofingmasters.com,,Cutler Bay FL,roofing contractor,gmaps
sagabayroofing.com,https://sagabayroofing.com,sagabayroofing.com,info@sagabayroofing.com,,Cutler Bay FL,roofing contractor,gmaps
palmettobayroofing.com,https://palmettobayroofing.com,palmettobayroofing.com,info@palmettobayroofing.com,,Cutler Bay FL,roofing contractor,gmaps
perrineroofingmasters.com,https://perrineroofingmasters.com,perrineroofingmasters.com,info@perrineroofingmasters.com,,Cutler Bay FL,roofing contractor,gmaps
nexlevelgcroof.com,https://nexlevelgcroof.com,nexlevelgcroof.com,jnodal@nexlevelgcroof.com,,Cutler Bay FL,roofing contractor,gmaps
greenerroofingandsolar.com,https://greenerroofingandsolar.com,greenerroofingandsolar.com,sales@greenerroofingnsolar.com,,Cutler Bay FL,roofing contractor,gmaps
gouldsroofingworks.com,https://gouldsroofingworks.com,gouldsroofingworks.com,info@gouldsroofingworks.com,,Cutler Bay FL,roofing contractor,gmaps
palmettoestatesroofing.com,https://palmettoestatesroofing.com,palmettoestatesroofing.com,info@palmettoestatesroofing.com,,Cutler Bay FL,roofing contractor,gmaps
eiroofingdesigns.com,https://eiroofingdesigns.com,eiroofingdesigns.com,enidesignsfl@gmail.com,,Cutler Bay FL,roofing contractor,gmaps
ajroofingcontractors.com,https://ajroofingcontractors.com,ajroofingcontractors.com,office@ajroofingcontractors.com,,Cutler Bay FL,roofing contractor,gmaps
tntroofingmiami.com,https://tntroofingmiami.com,tntroofingmiami.com,tntroofingmiami@gmail.com,,Cutler Bay FL,roofing contractor,gmaps
smartincroofing.com,https://smartincroofing.com,smartincroofing.com,jmorales@smartincroofing.com,,Cutler Bay FL,roofing contractor,gmaps
j-a-roofing-inc.ueniweb.com,https://j-a-roofing-inc.ueniweb.com,j-a-roofing-inc.ueniweb.com,veronicascot44@gmail.com,,Dania Beach FL,roofing contractor,gmaps
mroofers.com,https://mroofers.com,mroofers.com,info@mroofers.com,,Dania Beach FL,roofing contractor,gmaps
usahomeimprovement.com,https://usahomeimprovement.com,usahomeimprovement.com,info@gousahi.com,,Dania Beach FL,roofing contractor,gmaps
ehodgesroofing.com,https://ehodgesroofing.com,ehodgesroofing.com,micah@micahrich.com,,Dania Beach FL,roofing contractor,gmaps
victronics.org,https://victronics.org,victronics.org,jorgealba@victronics.org,,Dania Beach FL,roofing contractor,gmaps
velerosroofing.com,https://velerosroofing.com,velerosroofing.com,velerosroofing@gmail.com,,Dania Beach FL,roofing contractor,gmaps
nafconstructionfl.com,https://nafconstructionfl.com,nafconstructionfl.com,nafconstruction01@gmail.com,,Davie FL,roofing contractor,gmaps
trediciroofing.com,https://trediciroofing.com,trediciroofing.com,fred@trediciroofing.com,,Deerfield Beach FL,roofing contractor,gmaps
atlasroofingfl.com,https://atlasroofingfl.com,atlasroofingfl.com,pete@atlasroofingfl.com,,Deerfield Beach FL,roofing contractor,gmaps
bpchomeservice.com,https://bpchomeservice.com,bpchomeservice.com,patricio@localizr.co,,Deerfield Beach FL,roofing contractor,gmaps
goldenrnb.com,https://goldenrnb.com,goldenrnb.com,info@goldenrnb.com,,Deerfield Beach FL,roofing contractor,gmaps
universalgrc.com,https://universalgrc.com,universalgrc.com,info@universalgrc.com,,Deerfield Beach FL,roofing contractor,gmaps
ecofla.com,https://ecofla.com,ecofla.com,office@ecorestorationandconstruction.com,,Deerfield Beach FL,roofing contractor,gmaps
qualitechhomeservices.com,https://qualitechhomeservices.com,qualitechhomeservices.com,qualitechhomeservices@gmail.com,,Deerfield Beach FL,roofing contractor,gmaps
aaguttersflorida.com,https://aaguttersflorida.com,aaguttersflorida.com,info@aaguttersflorida.com,,Deerfield Beach FL,roofing contractor,gmaps
ccjrconstruction.com,https://ccjrconstruction.com,ccjrconstruction.com,contact@ccjrconstruction.com,,Deerfield Beach FL,roofing contractor,gmaps
teamdmsi.com,https://teamdmsi.com,teamdmsi.com,adminasst@dmsi.co,,Deerfield Beach FL,roofing contractor,gmaps
goodroofer.com,https://goodroofer.com,goodroofer.com,info@goodroofer.com,,Delray Beach FL,roofing contractor,gmaps
pointviewroofers.com,https://pointviewroofers.com,pointviewroofers.com,info@pointviewroofers.com,,Delray Beach FL,roofing contractor,gmaps
roofteccorp.com,https://roofteccorp.com,roofteccorp.com,office@roofteccorp.com,,Delray Beach FL,roofing contractor,gmaps
honestroofingfl.com,https://honestroofingfl.com,honestroofingfl.com,rich@honestroofingfl.com,,Delray Beach FL,roofing contractor,gmaps
bradsroofingco.com,https://bradsroofingco.com,bradsroofingco.com,contact@bradsroofing.net,,Delray Beach FL,roofing contractor,gmaps
imperialroofinggroup.com,https://imperialroofinggroup.com,imperialroofinggroup.com,info@imperialroofinggroup.com,,Delray Beach FL,roofing contractor,gmaps
delraybeachroofingexperts.com,https://delraybeachroofingexperts.com,delraybeachroofingexperts.com,delraybeachroofingexperts@gmail.com,,Delray Beach FL,roofing contractor,gmaps
prs-fl.com,https://prs-fl.com,prs-fl.com,info@prs-fl.com,,Delray Beach FL,roofing contractor,gmaps
letrenova.com,https://letrenova.com,letrenova.com,hello@letrenova.com,,Delray Beach FL,roofing contractor,gmaps
renova-signature.com,https://renova-signature.com,renova-signature.com,hello@letrenova.com,,Delray Beach FL,roofing contractor,gmaps
roofclaim.com,https://roofclaim.com,roofclaim.com,info@roofclaim.com,,Delray Beach FL,roofing contractor,gmaps
fairwayroofinginc.com,https://fairwayroofinginc.com,fairwayroofinginc.com,impallari@gmail.com,,Delray Beach FL,roofing contractor,gmaps
aahomesolutions.us,https://aahomesolutions.us,aahomesolutions.us,info@aahomesolutions.us,,Delray Beach FL,roofing contractor,gmaps
trustadr.com,https://trustadr.com,trustadr.com,info@trustadr.com,,Delray Beach FL,roofing contractor,gmaps
vannicompanies.com,https://vannicompanies.com,vannicompanies.com,gio@vanniconst.com,,Delray Beach FL,roofing contractor,gmaps
shellrazors.com,https://shellrazors.com,shellrazors.com,cblitton@bellsouth.net,,Delray Beach FL,roofing contractor,gmaps
wcufl.com,https://wcufl.com,wcufl.com,info@wcufl.com,,Delray Beach FL,roofing contractor,gmaps
mccabecorp.com,https://mccabecorp.com,mccabecorp.com,office@mccabecorp.com,,Delray Beach FL,roofing contractor,gmaps
meadowbrookroomaddition.homes,https://meadowbrookroomaddition.homes,meadowbrookroomaddition.homes,info@meadowbrookroomaddition.com,,Delray Beach FL,roofing contractor,gmaps
syzygyglobal.com,https://syzygyglobal.com,syzygyglobal.com,info@syzygyglobal.com,,Delray Beach FL,roofing contractor,gmaps
urccorp.com,https://urccorp.com,urccorp.com,pg05@me.com,,El Portal FL,roofing contractor,gmaps
floridaroofingandconstruction.com,https://floridaroofingandconstruction.com,floridaroofingandconstruction.com,info@fl-rc.net,,Florida City FL,roofing contractor,gmaps
westchesterroofingworks.com,https://westchesterroofingworks.com,westchesterroofingworks.com,info@westchesterroofingworks.com,,Fontainebleau FL,roofing contractor,gmaps
goldenbeachroofers.com,https://goldenbeachroofers.com,goldenbeachroofers.com,info@goldenbeachroofers.com,,Golden Beach FL,roofing contractor,gmaps
greenacresroofingco.com,https://greenacresroofingco.com,greenacresroofingco.com,info@greenacresroofingco.com,,Greenacres FL,roofing contractor,gmaps
bestamericanroofing1.com,https://bestamericanroofing1.com,bestamericanroofing1.com,bestamericanroofing@yahoo.com,,Greenacres FL,roofing contractor,gmaps
a1proroofingllc.com,https://a1proroofingllc.com,a1proroofingllc.com,info@a1proroofing.com,,Greenacres FL,roofing contractor,gmaps
kenwoodroofingmasters.com,https://kenwoodroofingmasters.com,kenwoodroofingmasters.com,info@kenwoodroofingmasters.com,,Greenacres FL,roofing contractor,gmaps
floridacoastcontracting.com,https://floridacoastcontracting.com,floridacoastcontracting.com,info@floridacoastcontracting.com,,Greenacres FL,roofing contractor,gmaps
contiroofing.us,https://contiroofing.us,contiroofing.us,anthony@contiroofing.us,,Greenacres FL,roofing contractor,gmaps
jeffalbertroofing.com,https://jeffalbertroofing.com,jeffalbertroofing.com,contact@jeffalbertroofing.com,,Greenacres FL,roofing contractor,gmaps
hi-techroofing.com,https://hi-techroofing.com,hi-techroofing.com,estimating@hi-techroofing.com,,Greenacres FL,roofing contractor,gmaps
rainbowroofingexperts.com,https://rainbowroofingexperts.com,rainbowroofingexperts.com,accounting@rainbowroofing.net,,Greenacres FL,roofing contractor,gmaps
niksroofing.com,https://niksroofing.com,niksroofing.com,besnik@niksroofing.com,,Greenacres FL,roofing contractor,gmaps
roofpbc.com,https://roofpbc.com,roofpbc.com,info@jandmcontractors.com,,Greenacres FL,roofing contractor,gmaps
allprobuildersroofing.com,https://allprobuildersroofing.com,allprobuildersroofing.com,sales@allprobuildersroofing.com,,Greenacres FL,roofing contractor,gmaps
klrroofing.com,https://klrroofing.com,klrroofing.com,michael@klrroofing.com,,Greenacres FL,roofing contractor,gmaps
myroofsystem.com,https://myroofsystem.com,myroofsystem.com,office@myroofsystem.com,,Greenacres FL,roofing contractor,gmaps
wpbhomeservices.com,https://wpbhomeservices.com,wpbhomeservices.com,spotlesslyclean350@gmail.com,,Greenacres FL,roofing contractor,gmaps
jsconstruction.us,https://jsconstruction.us,jsconstruction.us,enterprise@jsconstruction.us,,Greenacres FL,roofing contractor,gmaps
bravosroof.com,https://bravosroof.com,bravosroof.com,info@bravosroof.com,,Greenacres FL,roofing contractor,gmaps
insulationcommandos.com,https://insulationcommandos.com,insulationcommandos.com,info@insulationcommandos.com,,Greenacres FL,roofing contractor,gmaps
envisionroomaddition.homes,https://envisionroomaddition.homes,envisionroomaddition.homes,info@envisionroomaddition.com,,Greenacres FL,roofing contractor,gmaps
bluroofingfl.com,https://bluroofingfl.com,bluroofingfl.com,hello@bluroofingfl.com,,Greenacres FL,roofing contractor,gmaps
southfloridaroofingfl.com,https://southfloridaroofingfl.com,southfloridaroofingfl.com,info@southflroofing.com,,Greenacres FL,roofing contractor,gmaps
americanroofingoriginal.com,https://americanroofingoriginal.com,americanroofingoriginal.com,americanroofingc@bellsouth.net,,Greenacres FL,roofing contractor,gmaps
hermesroofing.com,https://hermesroofing.com,hermesroofing.com,office@hermesroofing.com,,Greenacres FL,roofing contractor,gmaps
hammerheadroofing.com,https://hammerheadroofing.com,hammerheadroofing.com,info@hammerheadroofing.com,,Greenacres FL,roofing contractor,gmaps
jdroofinginc.com,https://jdroofinginc.com,jdroofinginc.com,example@mysite.com,,Greenacres FL,roofing contractor,gmaps
flroofingwindows.com,https://flroofingwindows.com,flroofingwindows.com,anthony@advantageitmarketing.com,,Greenacres FL,roofing contractor,gmaps
rhinoroofcontractors.com,https://rhinoroofcontractors.com,rhinoroofcontractors.com,rhinoroofs@icloud.com,,Greenacres FL,roofing contractor,gmaps
roofrightbysoleil.com,https://roofrightbysoleil.com,roofrightbysoleil.com,popasoleil369@gmail.com,,Hallandale Beach FL,roofing contractor,gmaps
apextileroofers.com,https://apextileroofers.com,apextileroofers.com,info@apextileroofers.com,,Hallandale Beach FL,roofing contractor,gmaps
smartroofersfl.com,https://smartroofersfl.com,smartroofersfl.com,smartroofersfl@gmail.com,,Hallandale Beach FL,roofing contractor,gmaps
tellaroofing.com,https://tellaroofing.com,tellaroofing.com,info@tellaroofing.com,,Hallandale Beach FL,roofing contractor,gmaps
nfhomeimprovement.com,https://nfhomeimprovement.com,nfhomeimprovement.com,info@nfhomeimprovement.com,,Hallandale Beach FL,roofing contractor,gmaps
sandstonebuildingcontractors.homes,https://sandstonebuildingcontractors.homes,sandstonebuildingcontractors.homes,info@sandstonebuildingcontractors.com,,Hallandale Beach FL,roofing contractor,gmaps
greenhomeinnovation.com,https://greenhomeinnovation.com,greenhomeinnovation.com,info@greenhomeinnovation.com,,Hallandale Beach FL,roofing contractor,gmaps
ecohiveinv.com,https://ecohiveinv.com,ecohiveinv.com,administration@ecohiveinv.com,,Hallandale Beach FL,roofing contractor,gmaps
vistaguardfl.com,https://vistaguardfl.com,vistaguardfl.com,info@vistaguardfl.com,,Hallandale Beach FL,roofing contractor,gmaps
inoutconstructioninc.com,https://inoutconstructioninc.com,inoutconstructioninc.com,inoutconstructioninc@gmail.com,,Hallandale Beach FL,roofing contractor,gmaps
ramconcorp.com,https://ramconcorp.com,ramconcorp.com,info@ramconcorp.com,,Hallandale Beach FL,roofing contractor,gmaps
roofermikeinc.com,https://roofermikeinc.com,roofermikeinc.com,roofermike2006@gmail.com,,Hialeah FL,roofing contractor,gmaps
greenfieldroofrepair.com,https://greenfieldroofrepair.com,greenfieldroofrepair.com,info@greenfieldroofrepair.com,,Hialeah Gardens FL,roofing contractor,gmaps
west-roofers.ueniweb.com,https://west-roofers.ueniweb.com,west-roofers.ueniweb.com,+claudebot@anthropic.com,,Hialeah Gardens FL,roofing contractor,gmaps
floridaresidentialroofing.com,https://floridaresidentialroofing.com,floridaresidentialroofing.com,info@floridaresidentialroofing.com,,Hialeah Gardens FL,roofing contractor,gmaps
dumastetroofing.com,https://dumastetroofing.com,dumastetroofing.com,denist26@hotmail.com,,Hialeah Gardens FL,roofing contractor,gmaps
homenterprisesllc.com,https://homenterprisesllc.com,homenterprisesllc.com,aldo@homenterprisesllc.com,,Hialeah Gardens FL,roofing contractor,gmaps
mrroofingmiami.com,https://mrroofingmiami.com,mrroofingmiami.com,mario@mrroofingmiami.com,,Hialeah Gardens FL,roofing contractor,gmaps
apexroofingsolution.com,https://apexroofingsolution.com,apexroofingsolution.com,brandon@apexroofingsolution.com,,Hialeah Gardens FL,roofing contractor,gmaps
toppointroofing.com,https://toppointroofing.com,toppointroofing.com,info@toppointroofing.com,,Hialeah Gardens FL,roofing contractor,gmaps
vyconstructionusa.com,https://vyconstructionusa.com,vyconstructionusa.com,info@vyconstructionusa.com,,Hialeah Gardens FL,roofing contractor,gmaps
dmausa.net,https://dmausa.net,dmausa.net,info@dmausa.net,,Hillsboro Beach FL,roofing contractor,gmaps
cjmcorp.com,https://cjmcorp.com,cjmcorp.com,ashley@cjmpcorp.com,,Hillsboro Beach FL,roofing contractor,gmaps
supergutter.com,https://supergutter.com,supergutter.com,,,Hillsboro Beach FL,roofing contractor,gmaps
heroroofingfl.com,https://heroroofingfl.com,heroroofingfl.com,info@heroroofingfl.com,,Hillsboro Beach FL,roofing contractor,gmaps
jwrconstruction.com,https://jwrconstruction.com,jwrconstruction.com,jwr@jwrconstruction.com,,Hillsboro Beach FL,roofing contractor,gmaps
thepressuresonfl.com,https://thepressuresonfl.com,thepressuresonfl.com,info@thepressuresonfl.com,,Hillsboro Beach FL,roofing contractor,gmaps
buchananservices.com,https://buchananservices.com,buchananservices.com,julie@buchananservices.com,,Hillsboro Beach FL,roofing contractor,gmaps
torressonsroofing.my.canva.site,https://torressonsroofing.my.canva.site,torressonsroofing.my.canva.site,dannitorres16@gmail.com,,Hillsboro Beach FL,roofing contractor,gmaps
roofinghollywoodfl.com,https://roofinghollywoodfl.com,roofinghollywoodfl.com,contact@roofinghollywoodfl.com,,Hollywood FL,roofing contractor,gmaps
windproofroofsystems.com,https://windproofroofsystems.com,windproofroofsystems.com,roofrestor@bellsouth.net,,Hollywood FL,roofing contractor,gmaps
luxebuildergroup.com,https://luxebuildergroup.com,luxebuildergroup.com,info@luxebuildergroup.com,,Jupiter FL,roofing contractor,gmaps
visionroofingservices.com,https://visionroofingservices.com,visionroofingservices.com,info@visioncommercialroofing.com,,Jupiter FL,roofing contractor,gmaps
farmshavenroofing.com,https://farmshavenroofing.com,farmshavenroofing.com,info@farmshavenroofing.com,,Jupiter FL,roofing contractor,gmaps
priorityroofs.com,https://priorityroofs.com,priorityroofs.com,newmexico@priorityroofs.com,,Jupiter FL,roofing contractor,gmaps
embickroofing.com,https://embickroofing.com,embickroofing.com,info@embickroofing.com,,Jupiter FL,roofing contractor,gmaps
joewardroofing.com,https://joewardroofing.com,joewardroofing.com,joewardroofing561@gmail.com,,Jupiter FL,roofing contractor,gmaps
horizonstarroofers.com,https://horizonstarroofers.com,horizonstarroofers.com,info@horizonstarroofers.com,,Jupiter FL,roofing contractor,gmaps
diversifiedroofingfl.com,https://diversifiedroofingfl.com,diversifiedroofingfl.com,peter@diversifiedroofingfl.com,,Jupiter FL,roofing contractor,gmaps
talbotcompanies.com,https://talbotcompanies.com,talbotcompanies.com,info@talbotcompanies.com,,Jupiter FL,roofing contractor,gmaps
prestigeroofsfl.com,https://prestigeroofsfl.com,prestigeroofsfl.com,info@prestigeroofsfl.com,,Jupiter FL,roofing contractor,gmaps
tequestaroofmasters.com,https://tequestaroofmasters.com,tequestaroofmasters.com,info@tequestaroofmasters.com,,Jupiter FL,roofing contractor,gmaps
brytonconstruction.com,https://brytonconstruction.com,brytonconstruction.com,april@brytonconstruction.com,,Jupiter FL,roofing contractor,gmaps
stuartmledisbuildingroofing.com,https://stuartmledisbuildingroofing.com,stuartmledisbuildingroofing.com,okventures@aol.com,,Jupiter FL,roofing contractor,gmaps
perdenroofing.com,https://perdenroofing.com,perdenroofing.com,kyle.perdenroofing@gmail.com,,Jupiter FL,roofing contractor,gmaps
banyanconstructiongroup.com,https://banyanconstructiongroup.com,banyanconstructiongroup.com,admin@banyanconstructiongroup.com,,Jupiter FL,roofing contractor,gmaps
platformroofingcorp.com,https://platformroofingcorp.com,platformroofingcorp.com,info@platformroofingcorp.com,,Jupiter FL,roofing contractor,gmaps
drcleanroof.com,https://drcleanroof.com,drcleanroof.com,office@drcleanroof.com,,Jupiter FL,roofing contractor,gmaps
kalaharisolar.com,https://kalaharisolar.com,kalaharisolar.com,cyle@kalaharisolar.com,,Jupiter FL,roofing contractor,gmaps
neelzcontracting.com,https://neelzcontracting.com,neelzcontracting.com,office@neelzco.com,,Jupiter FL,roofing contractor,gmaps
xactconstruction.com,https://xactconstruction.com,xactconstruction.com,info@xactconstruction.com,,Jupiter FL,roofing contractor,gmaps
romalcconstruction.com,https://romalcconstruction.com,romalcconstruction.com,info@romalcconstruction.com,,Jupiter FL,roofing contractor,gmaps
jupiterpergola.com,https://jupiterpergola.com,jupiterpergola.com,sales@jupiterpergola.com,,Jupiter FL,roofing contractor,gmaps
jupiterguttercompany.com,https://jupiterguttercompany.com,jupiterguttercompany.com,allguttersystemsllc@gmail.com,,Jupiter FL,roofing contractor,gmaps
3rd-nail.com,https://3rd-nail.com,3rd-nail.com,thirdnailpb@gmail.com,,Jupiter FL,roofing contractor,gmaps
lighthousecontracting.us,https://lighthousecontracting.us,lighthousecontracting.us,contact@lighthousecontracting.us,,Jupiter FL,roofing contractor,gmaps
leoroofingfl.com,https://leoroofingfl.com,leoroofingfl.com,info@leoroofingfl.com,,Jupiter FL,roofing contractor,gmaps
hydrapressurecleaning.com,https://hydrapressurecleaning.com,hydrapressurecleaning.com,info@hydrarestoration.com,,Jupiter FL,roofing contractor,gmaps
bluewaterhandyman.com,https://bluewaterhandyman.com,bluewaterhandyman.com,support@bluewaterhandyman.com,,Jupiter FL,roofing contractor,gmaps
raptorconstruction.org,https://raptorconstruction.org,raptorconstruction.org,raptorconstructionfl@gmail.com,,Jupiter FL,roofing contractor,gmaps
ineedroof.com,https://ineedroof.com,ineedroof.com,info@ineedroof.com,,Jupiter FL,roofing contractor,gmaps
kboysconstruction.com,https://kboysconstruction.com,kboysconstruction.com,info@kboysconstruction.com,,Jupiter FL,roofing contractor,gmaps
saturncon.com,https://saturncon.com,saturncon.com,info@saturncon.com,,Jupiter FL,roofing contractor,gmaps
overthetoproofrepair.com,https://overthetoproofrepair.com,overthetoproofrepair.com,admin@overthetoproofrepair.com,,Jupiter FL,roofing contractor,gmaps
parrotbayhomes.com,https://parrotbayhomes.com,parrotbayhomes.com,jimmonde@gmail.com,,Jupiter FL,roofing contractor,gmaps
palmbeach-painters.com,https://palmbeach-painters.com,palmbeach-painters.com,info@palmbeachpainting.com,,Jupiter FL,roofing contractor,gmaps
allinoverhall.com,https://allinoverhall.com,allinoverhall.com,info@allinoverhall.com,,Jupiter FL,roofing contractor,gmaps
affinity-construction.com,https://affinity-construction.com,affinity-construction.com,info@affinity-construction.com,,Jupiter FL,roofing contractor,gmaps
imperiumhomes.com,https://imperiumhomes.com,imperiumhomes.com,info@imperiumhomes.com,,Jupiter FL,roofing contractor,gmaps
completeenvirosolutions.com,https://completeenvirosolutions.com,completeenvirosolutions.com,info@completeenvirosolutions.com,,Jupiter FL,roofing contractor,gmaps
tompkinsconstruct.com,https://tompkinsconstruct.com,tompkinsconstruct.com,will@tompkinsconstruct.com,,Key Biscayne FL,roofing contractor,gmaps
reformgc.com,https://reformgc.com,reformgc.com,info@reformgc.com,,Key Biscayne FL,roofing contractor,gmaps
themoldavengers.com,https://themoldavengers.com,themoldavengers.com,johndoe@mail.com,,Key Biscayne FL,roofing contractor,gmaps
arcroofingco.com,https://arcroofingco.com,arcroofingco.com,info@arcroofingco.com,,Key Biscayne FL,roofing contractor,gmaps
iscfl.net,https://iscfl.net,iscfl.net,info@iscfl.net,,Key Biscayne FL,roofing contractor,gmaps
dri-max.com,https://dri-max.com,dri-max.com,info@dri-max.com,,Key Biscayne FL,roofing contractor,gmaps
ecdconstruct.com,https://ecdconstruct.com,ecdconstruct.com,info@ecdconstruct.com,,Key Biscayne FL,roofing contractor,gmaps
palmshoreroofing.com,https://palmshoreroofing.com,palmshoreroofing.com,info@palmshoreroofing.com,,Lake Park FL,roofing contractor,gmaps
floridaroof.net,https://floridaroof.net,floridaroof.net,floridaroofing561@gmail.com,,Lake Park FL,roofing contractor,gmaps
threeguysroofing.com,https://threeguysroofing.com,threeguysroofing.com,info@threeguysroofing.com,,Lake Park FL,roofing contractor,gmaps
turnerroofingco.com,https://turnerroofingco.com,turnerroofingco.com,reid@turnerroofingco.com,,Lake Park FL,roofing contractor,gmaps
kellyroofing.com,https://kellyroofing.com,kellyroofing.com,mail@kellyroofing.com,,Lake Park FL,roofing contractor,gmaps
hermitageroofingfl.com,https://hermitageroofingfl.com,hermitageroofingfl.com,billy@hermitageroofingfl.com,,Lake Park FL,roofing contractor,gmaps
legacycontractingsolutions.com,https://legacycontractingsolutions.com,legacycontractingsolutions.com,example@mysite.com,,Lake Park FL,roofing contractor,gmaps
envisionanewroof.com,https://envisionanewroof.com,envisionanewroof.com,sales@envisionanewroof.com,,Lake Park FL,roofing contractor,gmaps
eliteroofs.com,https://eliteroofs.com,eliteroofs.com,info@eliteroofs.com,,Lake Park FL,roofing contractor,gmaps
ranger-roofing.com,https://ranger-roofing.com,ranger-roofing.com,info@rangerroofingcorp.com,,Lake Park FL,roofing contractor,gmaps
nealrfg.com,https://nealrfg.com,nealrfg.com,info@nealrfg.com,,Lake Park FL,roofing contractor,gmaps
roofcraftersgardens.com,https://roofcraftersgardens.com,roofcraftersgardens.com,info@roofcraftersgardens.com,,Lake Park FL,roofing contractor,gmaps
campanyroofing.com,https://campanyroofing.com,campanyroofing.com,info@campanyroofing.com,,Lake Park FL,roofing contractor,gmaps
stormroofing3g.com,https://stormroofing3g.com,stormroofing3g.com,office@stormroofing3g.com,,Lake Park FL,roofing contractor,gmaps
wolverineroofers.com,https://wolverineroofers.com,wolverineroofers.com,,,Lake Park FL,roofing contractor,gmaps
aabcoroofinginc.com,https://aabcoroofinginc.com,aabcoroofinginc.com,info@aabcoroofing.co,,Lake Park FL,roofing contractor,gmaps
macoroofing.com,https://macoroofing.com,macoroofing.com,info@macoroofing.com,,Lake Park FL,roofing contractor,gmaps
trustedconstruction.com,https://trustedconstruction.com,trustedconstruction.com,trustedconstruction@gmail.com,,Lake Park FL,roofing contractor,gmaps
boss-roofing.com,https://boss-roofing.com,boss-roofing.com,boss@boss-roofing.com,,Lake Park FL,roofing contractor,gmaps
mendietaroofingcorp.com,https://mendietaroofingcorp.com,mendietaroofingcorp.com,mendietaroofing@yahoo.com,,Lake Park FL,roofing contractor,gmaps
carltonroofingcontractors.com,https://carltonroofingcontractors.com,carltonroofingcontractors.com,contact@carltonroofingcontractors.com,,Lake Park FL,roofing contractor,gmaps
stat-roofing.com,https://stat-roofing.com,stat-roofing.com,,,Lake Park FL,roofing contractor,gmaps
onealjrroofing.com,https://onealjrroofing.com,onealjrroofing.com,neilonealjrroof@aol.com,,Lake Park FL,roofing contractor,gmaps
floridacleanroof.com,https://floridacleanroof.com,floridacleanroof.com,beprepared@floridacleanroof.com,,Lake Park FL,roofing contractor,gmaps
markandsoninc.net,https://markandsoninc.net,markandsoninc.net,john@smith.com,,Lake Park FL,roofing contractor,gmaps
psrroofingcompanyofwestpalmbeach.com,https://psrroofingcompanyofwestpalmbeach.com,psrroofingcompanyofwestpalmbeach.com,info@psrroofingwpb.com,,Lake Park FL,roofing contractor,gmaps
fnacontractors.com,https://fnacontractors.com,fnacontractors.com,frisco@fnacontractors.com,,Lake Park FL,roofing contractor,gmaps
louis-roofingllc.com,https://louis-roofingllc.com,louis-roofingllc.com,contact@louis-roofingllc.com,,Lake Park FL,roofing contractor,gmaps
pinewoodconstructioninc.com,https://pinewoodconstructioninc.com,pinewoodconstructioninc.com,pinewoodwebmaster@gmail.com,,Lake Park FL,roofing contractor,gmaps
worthyroofrepair.com,https://worthyroofrepair.com,worthyroofrepair.com,info@worthyroofrepair.com,,Lake Worth Beach FL,roofing contractor,gmaps
dryoutroofing.com,https://dryoutroofing.com,dryoutroofing.com,contact@dryoutroofing.com,,Lake Worth Beach FL,roofing contractor,gmaps
lantanaroofmasters.com,https://lantanaroofmasters.com,lantanaroofmasters.com,info@lantanaroofmasters.com,,Lake Worth Beach FL,roofing contractor,gmaps
southpalmroofers.com,https://southpalmroofers.com,southpalmroofers.com,info@southpalmroofers.com,,Lake Worth Beach FL,roofing contractor,gmaps
pestanaroofing.com,https://pestanaroofing.com,pestanaroofing.com,al@pestanaroofing.com,,Lake Worth Beach FL,roofing contractor,gmaps
boyntonbeachroofingexperts.com,https://boyntonbeachroofingexperts.com,boyntonbeachroofingexperts.com,boyntonbeachroofingexperts@gmail.com,,Lake Worth Beach FL,roofing contractor,gmaps
osmilroofing.com,https://osmilroofing.com,osmilroofing.com,oscar.figueroa@osmilroofing.com,,Lake Worth Beach FL,roofing contractor,gmaps
zeropressurecleaningfl.com,https://zeropressurecleaningfl.com,zeropressurecleaningfl.com,0pressurecleaning@gmail.com,,Lake Worth Beach FL,roofing contractor,gmaps
kcwand.com,https://kcwand.com,kcwand.com,clearyinspections@kcwand.com,,Lake Worth Beach FL,roofing contractor,gmaps
familygutters.com,https://familygutters.com,familygutters.com,familyguttersfl@gmail.com,,Lake Worth Beach FL,roofing contractor,gmaps
hypoluxoroofingcrew.com,https://hypoluxoroofingcrew.com,hypoluxoroofingcrew.com,info@hypoluxoroofingcrew.com,,Lantana FL,roofing contractor,gmaps
seminolemanorroofing.com,https://seminolemanorroofing.com,seminolemanorroofing.com,info@seminolemanorroofing.com,,Lantana FL,roofing contractor,gmaps
lionzroofing.com,https://lionzroofing.com,lionzroofing.com,contact@lionzroofing.com,,Lantana FL,roofing contractor,gmaps
professionalroofinginc.com,https://professionalroofinginc.com,professionalroofinginc.com,info@professionalroofinginc.com,,Lantana FL,roofing contractor,gmaps
murphybuildersroofing.net,https://murphybuildersroofing.net,murphybuildersroofing.net,murphybuilders@att.net,,Lantana FL,roofing contractor,gmaps
ctcroofing.com,https://ctcroofing.com,ctcroofing.com,astigma@astigmatic.com,,Lauderdale Lakes FL,roofing contractor,gmaps
salvasroofing.com,https://salvasroofing.com,salvasroofing.com,hello@salvasroofing.com,,Lauderdale Lakes FL,roofing contractor,gmaps
roofing-network.com,https://roofing-network.com,roofing-network.com,office@roofing-network.com,,Lauderdale Lakes FL,roofing contractor,gmaps
vetroof.com,https://vetroof.com,vetroof.com,info@vetroof.com,,Lauderdale Lakes FL,roofing contractor,gmaps
callroofrestore.com,https://callroofrestore.com,callroofrestore.com,ahandymanco@gmail.com,,Lauderdale Lakes FL,roofing contractor,gmaps
ardentroofing.com,https://ardentroofing.com,ardentroofing.com,impallari@gmail.com,,Lauderdale Lakes FL,roofing contractor,gmaps
oaklandparkroofing.com,https://oaklandparkroofing.com,oaklandparkroofing.com,info@oaklandparkroofing.com,,Lauderdale Lakes FL,roofing contractor,gmaps
assured-contracting.com,https://assured-contracting.com,assured-contracting.com,info@assured-contracting.com,,Lauderdale Lakes FL,roofing contractor,gmaps
dantennisroofing.com,https://dantennisroofing.com,dantennisroofing.com,info@dantennisroofing.com,,Lauderdale Lakes FL,roofing contractor,gmaps
ken-larkroofingworks.com,https://ken-larkroofingworks.com,ken-larkroofingworks.com,info@ken-larkroofingworks.com,,Lauderhill FL,roofing contractor,gmaps
reliantroofingsystems.com,https://reliantroofingsystems.com,reliantroofingsystems.com,thomas@reliantroofingsystems.com,,Lauderhill FL,roofing contractor,gmaps
construction95.com,https://construction95.com,construction95.com,office@construction95.com,,Lauderhill FL,roofing contractor,gmaps
souzageneralcontractor.com,https://souzageneralcontractor.com,souzageneralcontractor.com,souzageneralcontractor@gmail.com,,Lauderhill FL,roofing contractor,gmaps
gomezroofsystems.com,https://gomezroofsystems.com,gomezroofsystems.com,gomezroofsystems@gmail.com,,Lauderhill FL,roofing contractor,gmaps
aaadvancedhomesolutions.com,https://aaadvancedhomesolutions.com,aaadvancedhomesolutions.com,nate@aaahomesolutions.pro,,Lauderhill FL,roofing contractor,gmaps
psrroofingcompanyoffortlauderdale.com,https://psrroofingcompanyoffortlauderdale.com,psrroofingcompanyoffortlauderdale.com,info@psrroofingfortlauderdale.com,,Lauderhill FL,roofing contractor,gmaps
drconstructionandroofing.com,https://drconstructionandroofing.com,drconstructionandroofing.com,leon@drconstructionandroofing.com,,Lauderhill FL,roofing contractor,gmaps
roofingsst.com,https://roofingsst.com,roofingsst.com,sales@roofingsst.com,,Lauderhill FL,roofing contractor,gmaps
ai-roofing.com,https://ai-roofing.com,ai-roofing.com,info@ai-roofing.com,,Lauderhill FL,roofing contractor,gmaps
romarindustriesinc.com,https://romarindustriesinc.com,romarindustriesinc.com,robert@romarindustriesinc.com,,Lauderhill FL,roofing contractor,gmaps
amigoconstructionservices.com,https://amigoconstructionservices.com,amigoconstructionservices.com,amigoconstructionservices@gmail.com,,Lauderhill FL,roofing contractor,gmaps
seamedive.net,https://seamedive.net,seamedive.net,office@seamedive.net,,Lauderhill FL,roofing contractor,gmaps
southlandroofingcorp.my.canva.site,https://southlandroofingcorp.my.canva.site,southlandroofingcorp.my.canva.site,southlandroofingcorp@gmail.com,,Lauderhill FL,roofing contractor,gmaps
clarkcdgroup.com,https://clarkcdgroup.com,clarkcdgroup.com,preston@clarkcdgroup.com,,Lauderhill FL,roofing contractor,gmaps
roof-repair-experts.ueniweb.com,https://roof-repair-experts.ueniweb.com,roof-repair-experts.ueniweb.com,janablack1999@gmail.com,,Lauderhill FL,roofing contractor,gmaps
billjohnstonroofingservices.com,https://billjohnstonroofingservices.com,billjohnstonroofingservices.com,billjohnston2424@gmail.com,,Lauderhill FL,roofing contractor,gmaps
roofingandconstructioncorp.com,https://roofingandconstructioncorp.com,roofingandconstructioncorp.com,roofingra@gmail.com,,Lauderhill FL,roofing contractor,gmaps
samgoodroofingwindowsanddoors.com,https://samgoodroofingwindowsanddoors.com,samgoodroofingwindowsanddoors.com,samgoodroofing@gmail.com,,Lauderhill FL,roofing contractor,gmaps
supremeroofingfl.com,https://supremeroofingfl.com,supremeroofingfl.com,admin@supremeroofingfl.com,,Lauderhill FL,roofing contractor,gmaps
tweedsroofing.com,https://tweedsroofing.com,tweedsroofing.com,tweedsroofingsvc@gmail.com,,Lauderhill FL,roofing contractor,gmaps
aandsroofingconsultants.com,https://aandsroofingconsultants.com,aandsroofingconsultants.com,aandsroofingconsultants@gmail.com,,Lauderhill FL,roofing contractor,gmaps
lighthousepointroofing.com,https://lighthousepointroofing.com,lighthousepointroofing.com,,,Lighthouse Point FL,roofing contractor,gmaps
detailrfg.com,https://detailrfg.com,detailrfg.com,example@mysite.com,,Lighthouse Point FL,roofing contractor,gmaps
coralgateroofing.com,https://coralgateroofing.com,coralgateroofing.com,info@coralgateroofing.com,,Margate FL,roofing contractor,gmaps
mareliteroofing.com,https://mareliteroofing.com,mareliteroofing.com,mareliteroofing@yahoo.com,,Margate FL,roofing contractor,gmaps
walzroofingcorp.com,https://walzroofingcorp.com,walzroofingcorp.com,impallari@gmail.com,,Margate FL,roofing contractor,gmaps
jovilroofing.com,https://jovilroofing.com,jovilroofing.com,info@jovilroofing.com,,Margate FL,roofing contractor,gmaps
myroofai.com,https://myroofai.com,myroofai.com,info@myroofai.com,,Margate FL,roofing contractor,gmaps
meroof.com,https://meroof.com,meroof.com,estimates@meroof.com,,Margate FL,roofing contractor,gmaps
sheetmetalpl.com,https://sheetmetalpl.com,sheetmetalpl.com,office@sheetmetalpl.com,,Margate FL,roofing contractor,gmaps
medleyroofmasters.com,https://medleyroofmasters.com,medleyroofmasters.com,info@boldguardroofers.com,,Medley FL,roofing contractor,gmaps
virginiagardensroofing.com,https://virginiagardensroofing.com,virginiagardensroofing.com,info@virginiagardensroofing.com,,Medley FL,roofing contractor,gmaps
apollorestorations.com,https://apollorestorations.com,apollorestorations.com,contact@mysite.com,,Medley FL,roofing contractor,gmaps
dogaconstruction.com,https://dogaconstruction.com,dogaconstruction.com,info@dogaconstruction.com,,Medley FL,roofing contractor,gmaps
roofingupfl.com,https://roofingupfl.com,roofingupfl.com,info@roofingupfl.com,,Medley FL,roofing contractor,gmaps
elitecontractorsfl.com,https://elitecontractorsfl.com,elitecontractorsfl.com,info@elitecontractorsfl.com,,Medley FL,roofing contractor,gmaps
silvercrestroofers.com,https://silvercrestroofers.com,silvercrestroofers.com,info@silvercrestroofers.com,,Miami Beach FL,roofing contractor,gmaps
jmkcontractor.com,https://jmkcontractor.com,jmkcontractor.com,info@jmkcontractor.com,,Miami Beach FL,roofing contractor,gmaps
barrierroofingco.com,https://barrierroofingco.com,barrierroofingco.com,rick@barrierroofingco.com,,Miami Lakes FL,roofing contractor,gmaps
daleyroofinginc.com,https://daleyroofinginc.com,daleyroofinginc.com,daleyroofing@yahoo.com,,Miami Shores FL,roofing contractor,gmaps
essentialroofingguys.com,https://essentialroofingguys.com,essentialroofingguys.com,info@essentialroofingguys.com,,Miramar FL,roofing contractor,gmaps
northbayroofingpros.com,https://northbayroofingpros.com,northbayroofingpros.com,info@balharbour.com,,North Bay Village FL,roofing contractor,gmaps
northmiamibeachroofingspecialists.com,https://northmiamibeachroofingspecialists.com,northmiamibeachroofingspecialists.com,info@northmiamibeachroofingspecialists.com,,North Bay Village FL,roofing contractor,gmaps
emmegutters.com,https://emmegutters.com,emmegutters.com,info@emmegutters.com,,North Bay Village FL,roofing contractor,gmaps
meadowbrookroofrepair.com,https://meadowbrookroofrepair.com,meadowbrookroofrepair.com,info@meadowbrookroofrepair.com,,North Lauderdale FL,roofing contractor,gmaps
uptotheroof.com,https://uptotheroof.com,uptotheroof.com,info@uptotheroof.com,,North Miami Beach FL,roofing contractor,gmaps
sfhomeimprovement.com,https://sfhomeimprovement.com,sfhomeimprovement.com,safehomeimprovement@safehomeimprovement.com,,North Miami Beach FL,roofing contractor,gmaps
x10construction.com,https://x10construction.com,x10construction.com,info@x10construction.com,,North Miami Beach FL,roofing contractor,gmaps
iconroofingusa.com,https://iconroofingusa.com,iconroofingusa.com,iconroofingusa@gmail.com,,North Miami Beach FL,roofing contractor,gmaps
miaremodelingcontractors.com,https://miaremodelingcontractors.com,miaremodelingcontractors.com,customerservice@miaremodelingcontractors.com,,North Miami Beach FL,roofing contractor,gmaps
thetotalrestorationco.com,https://thetotalrestorationco.com,thetotalrestorationco.com,info@thetotalrestorationco.com,,North Miami Beach FL,roofing contractor,gmaps
mysfcontractor.com,https://mysfcontractor.com,mysfcontractor.com,info@mysfcontractor.com,,North Miami Beach FL,roofing contractor,gmaps
usabld.com,https://usabld.com,usabld.com,info@usabld.com,,North Miami Beach FL,roofing contractor,gmaps
miwroofing.com,https://miwroofing.com,miwroofing.com,info@miwroofing.com,,Oakland Park FL,roofing contractor,gmaps
northandrewsroofing.com,https://northandrewsroofing.com,northandrewsroofing.com,info@northandrewsroofing.com,,Oakland Park FL,roofing contractor,gmaps
psi-roofing.com,https://psi-roofing.com,psi-roofing.com,info@psi-roofing.com,,Oakland Park FL,roofing contractor,gmaps
rr-primeroofing.com,https://rr-primeroofing.com,rr-primeroofing.com,rrprimeroofing@gmail.com,,Oakland Park FL,roofing contractor,gmaps
weathertightsystem.com,https://weathertightsystem.com,weathertightsystem.com,leads@weathertightroof.com,,Oakland Park FL,roofing contractor,gmaps
atlasapexusa.net,https://atlasapexusa.net,atlasapexusa.net,dgembala@atlasapexusa.com,,Oakland Park FL,roofing contractor,gmaps
searanchroofworks.com,https://searanchroofworks.com,searanchroofworks.com,info@searanchroofworks.com,,Oakland Park FL,roofing contractor,gmaps
borjasroofingfl.com,https://borjasroofingfl.com,borjasroofingfl.com,,,Oakland Park FL,roofing contractor,gmaps
c2croof.com,https://c2croof.com,c2croof.com,support@c2croof.com,,Oakland Park FL,roofing contractor,gmaps
drrobroofing.com,https://drrobroofing.com,drrobroofing.com,drrobroofing@gmail.com,,Oakland Park FL,roofing contractor,gmaps
miwbuilders.com,https://miwbuilders.com,miwbuilders.com,info@miwbuilders.com,,Oakland Park FL,roofing contractor,gmaps
empirehomepros.com,https://empirehomepros.com,empirehomepros.com,info@empirehomepros.com,,Oakland Park FL,roofing contractor,gmaps
kantutacorp.com,https://kantutacorp.com,kantutacorp.com,info@kantutacorp.com,,Opa-locka FL,roofing contractor,gmaps
superconstructionremodeling.com,https://superconstructionremodeling.com,superconstructionremodeling.com,sales@superconstructionremodeling.com,,Opa-locka FL,roofing contractor,gmaps
grflorida.com,https://grflorida.com,grflorida.com,,,Opa-locka FL,roofing contractor,gmaps
mcctower.com,https://mcctower.com,mcctower.com,amompie@mcctower.com,,Palm Beach FL,roofing contractor,gmaps
leonroofingpro.com,https://leonroofingpro.com,leonroofingpro.com,leonroofingcontractor@gmail.com,,Palm Beach FL,roofing contractor,gmaps
agostinoroofing.com,https://agostinoroofing.com,agostinoroofing.com,info@agostinoroofing.com,,Palm Beach FL,roofing contractor,gmaps
coderedroofers.com,https://coderedroofers.com,coderedroofers.com,info@coderedroofers.com,,Palm Beach FL,roofing contractor,gmaps
residenceroofingfl.com,https://residenceroofingfl.com,residenceroofingfl.com,6@2g.ekf,,Palm Beach FL,roofing contractor,gmaps
palmbeachrooftops.com,https://palmbeachrooftops.com,palmbeachrooftops.com,typesetit@att.net,,Palm Beach FL,roofing contractor,gmaps
r4florida.com,https://r4florida.com,r4florida.com,r4@r4florida.com,,Palm Beach FL,roofing contractor,gmaps
staceystreetroofing.com,https://staceystreetroofing.com,staceystreetroofing.com,info@staceystreetroofing.com,,Palm Beach FL,roofing contractor,gmaps
shieldbeachroofers.com,https://shieldbeachroofers.com,shieldbeachroofers.com,info@shieldbeachroofers.com,,Palm Beach FL,roofing contractor,gmaps
igniteexteriors.com,https://igniteexteriors.com,igniteexteriors.com,info@igniteexteriors.com,,Palm Beach FL,roofing contractor,gmaps
palmestatesroofing.com,https://palmestatesroofing.com,palmestatesroofing.com,info@palmestatesroofing.com,,Palm Beach FL,roofing contractor,gmaps
rooferswestpalmbeach.com,https://rooferswestpalmbeach.com,rooferswestpalmbeach.com,you@emailhost.com,,Palm Beach FL,roofing contractor,gmaps
belvedereroofingpros.com,https://belvedereroofingpros.com,belvedereroofingpros.com,info@belvedereroofingpros.com,,Palm Beach FL,roofing contractor,gmaps
beachroofingsolutions.com,https://beachroofingsolutions.com,beachroofingsolutions.com,info@beachroofingsolutions.com,,Palm Beach Gardens FL,roofing contractor,gmaps
gardengateroofing.com,https://gardengateroofing.com,gardengateroofing.com,info@gardengateroofing.com,,Palm Beach Gardens FL,roofing contractor,gmaps
whitingroofs.com,https://whitingroofs.com,whitingroofs.com,info@whitingroofs.com,,Palm Beach Gardens FL,roofing contractor,gmaps
lighthouseroof.net,https://lighthouseroof.net,lighthouseroof.net,glenn@lighthouseroof.net,,Palm Beach Gardens FL,roofing contractor,gmaps
rroffl.com,https://rroffl.com,rroffl.com,john@doe.com,,Palm Beach Gardens FL,roofing contractor,gmaps
glenridgeroofing.com,https://glenridgeroofing.com,glenridgeroofing.com,info@glenridgeroofing.com,,Palm Springs FL,roofing contractor,gmaps
sunshineroofingllc.com,https://sunshineroofingllc.com,sunshineroofingllc.com,sunshineroofingllc@gmail.com,,Palm Springs FL,roofing contractor,gmaps
lobometalllc.com,https://lobometalllc.com,lobometalllc.com,cmadrid742@gmail.com,,Palm Springs FL,roofing contractor,gmaps
roofmasterofsfl.com,https://roofmasterofsfl.com,roofmasterofsfl.com,info@roofmasterofsfl.com,,Palm Springs FL,roofing contractor,gmaps
pressurepointexteriorcleaning.com,https://pressurepointexteriorcleaning.com,pressurepointexteriorcleaning.com,pressurepointmiami@gmail.com,,Palmetto Bay FL,roofing contractor,gmaps
jmrconstructiongroup.com,https://jmrconstructiongroup.com,jmrconstructiongroup.com,,,Palmetto Bay FL,roofing contractor,gmaps
toproofingpro.us,https://toproofingpro.us,toproofingpro.us,toproofingc@gmail.com,,Palmetto Bay FL,roofing contractor,gmaps
inspectionsflorida.com,https://inspectionsflorida.com,inspectionsflorida.com,info@inspectionsflorida.com,,Palmetto Bay FL,roofing contractor,gmaps
matterhornwork.com,https://matterhornwork.com,matterhornwork.com,harry@matterhornwork.com,,Palmetto Bay FL,roofing contractor,gmaps
megconstructioninc.com,https://megconstructioninc.com,megconstructioninc.com,info@megconstructioninc.com,,Palmetto Bay FL,roofing contractor,gmaps
atlanticcon.com,https://atlanticcon.com,atlanticcon.com,info@atlanticcon.com,,Palmetto Bay FL,roofing contractor,gmaps
parklandroofmasters.com,https://parklandroofmasters.com,parklandroofmasters.com,info@parklandroofmasters.com,,Parkland FL,roofing contractor,gmaps
eliteroofingguys.com,https://eliteroofingguys.com,eliteroofingguys.com,info@eliteroofingguys.com,,Parkland FL,roofing contractor,gmaps
rocketroof.ai,https://rocketroof.ai,rocketroof.ai,rocketroof1@gmail.com,,Parkland FL,roofing contractor,gmaps
foambrite.com,https://foambrite.com,foambrite.com,jerry@foambrite.com,,Parkland FL,roofing contractor,gmaps
bkbpressurecleaning.com,https://bkbpressurecleaning.com,bkbpressurecleaning.com,info@bkbpressurecleaning.com,,Parkland FL,roofing contractor,gmaps
xpertrestorationservices.com,https://xpertrestorationservices.com,xpertrestorationservices.com,gpetilli@xpertrestorationservices.com,,Parkland FL,roofing contractor,gmaps
infinityrfg.net,https://infinityrfg.net,infinityrfg.net,jmartinez@infinityrfg.com,,Parkland FL,roofing contractor,gmaps
pembrokepinesroofingpros.com,https://pembrokepinesroofingpros.com,pembrokepinesroofingpros.com,mymail@mailservice.com,,Pembroke Park FL,roofing contractor,gmaps
southwestranchesroofers.com,https://southwestranchesroofers.com,southwestranchesroofers.com,info@southwestranchesroofers.com,,Pembroke Park FL,roofing contractor,gmaps
topconstructionanddesign.com,https://topconstructionanddesign.com,topconstructionanddesign.com,info@topconstructionanddesign.com,,Pembroke Park FL,roofing contractor,gmaps
nationalwaterproofing.supply,https://nationalwaterproofing.supply,nationalwaterproofing.supply,info@nationalwaterproofingsupply.com,,Pembroke Park FL,roofing contractor,gmaps
squeegeespro.com,https://squeegeespro.com,squeegeespro.com,nfo@squeegeesusa.com,,Pembroke Park FL,roofing contractor,gmaps
tradeproductionsroofing.com,https://tradeproductionsroofing.com,tradeproductionsroofing.com,info@cloudlandmark.com,,Pembroke Park FL,roofing contractor,gmaps
pinecrestroofmasters.com,https://pinecrestroofmasters.com,pinecrestroofmasters.com,info@pinecrestroofmasters.com,,Pinecrest FL,roofing contractor,gmaps
ezconstructionfl.com,https://ezconstructionfl.com,ezconstructionfl.com,ezconstructionfl@aol.com,,Pinecrest FL,roofing contractor,gmaps
elbazconstructioncorp.com,https://elbazconstructioncorp.com,elbazconstructioncorp.com,sales@elbazconstruction.com,,Pinecrest FL,roofing contractor,gmaps
armorproconstruction.com,https://armorproconstruction.com,armorproconstruction.com,info@armorproconstruction.net,,Pinecrest FL,roofing contractor,gmaps
endlesslifedesign.com,https://endlesslifedesign.com,endlesslifedesign.com,endlesslifedesign@endlesslifedesign.com,,Pinecrest FL,roofing contractor,gmaps
kaswaterproofingbuilding.com,https://kaswaterproofingbuilding.com,kaswaterproofingbuilding.com,ingrid@kaswaterproofingbuilding.com,,Plantation FL,roofing contractor,gmaps
myfltitan.com,https://myfltitan.com,myfltitan.com,info@titangcfl.com,,Plantation FL,roofing contractor,gmaps
earlingtonroofing.com,https://earlingtonroofing.com,earlingtonroofing.com,cearlington@earlingtonroofing.com,,Plantation FL,roofing contractor,gmaps
northstarcontractors.net,https://northstarcontractors.net,northstarcontractors.net,admin@northstarcontractors.net,,Pompano Beach FL,roofing contractor,gmaps
centuryvillageroofing.com,https://centuryvillageroofing.com,centuryvillageroofing.com,info@centuryvillageroofing.com,,Riviera Beach FL,roofing contractor,gmaps
mrtusa.com,https://mrtusa.com,mrtusa.com,info@mrtusa.com,,Riviera Beach FL,roofing contractor,gmaps
roofpro411.com,https://roofpro411.com,roofpro411.com,roofpro411@gmail.com,,Riviera Beach FL,roofing contractor,gmaps
localroofingpro.com,https://localroofingpro.com,localroofingpro.com,office@localroofingpro.com,,Royal Palm Beach FL,roofing contractor,gmaps
palmbeachroofingandmaintenance.com,https://palmbeachroofingandmaintenance.com,palmbeachroofingandmaintenance.com,palmbeach1roof@aol.com,,Royal Palm Beach FL,roofing contractor,gmaps
oceanfrontroofing.com,https://oceanfrontroofing.com,oceanfrontroofing.com,info@oceanfrontroofing.com,,Royal Palm Beach FL,roofing contractor,gmaps
supremerestorationsllc.com,https://supremerestorationsllc.com,supremerestorationsllc.com,,,Royal Palm Beach FL,roofing contractor,gmaps
warrantyroofingfl.com,https://warrantyroofingfl.com,warrantyroofingfl.com,support@roofix.com,,Royal Palm Beach FL,roofing contractor,gmaps
anytime-roofing-and-driveway-seal-coating.ueniweb.com,https://anytime-roofing-and-driveway-seal-coating.ueniweb.com,anytime-roofing-and-driveway-seal-coating.ueniweb.com,anytimeroofing@aol.com,,Royal Palm Beach FL,roofing contractor,gmaps
southskyroofs.com,https://southskyroofs.com,southskyroofs.com,info@southskyroofs.com,,South Miami FL,roofing contractor,gmaps
pgbuildusa.com,https://pgbuildusa.com,pgbuildusa.com,info@pgbuildusa.com,,Sunny Isles Beach FL,roofing contractor,gmaps
mbuild.us,https://mbuild.us,mbuild.us,mbuildus@gmail.com,,Sunny Isles Beach FL,roofing contractor,gmaps
askgbatista.com,https://askgbatista.com,askgbatista.com,info@askgbatista.com,,Sunny Isles Beach FL,roofing contractor,gmaps
triumphpainters.com,https://triumphpainters.com,triumphpainters.com,info@triumphpainters.com,,Sunny Isles Beach FL,roofing contractor,gmaps
mxlwallssf.com,https://mxlwallssf.com,mxlwallssf.com,quotesf@mxlwalls.com,,Sunrise FL,roofing contractor,gmaps
tamiamiproroofers.com,https://tamiamiproroofers.com,tamiamiproroofers.com,info@tamiamiproroofers.com,,Sweetwater FL,roofing contractor,gmaps
arauzroofing.com,https://arauzroofing.com,arauzroofing.com,,,Sweetwater FL,roofing contractor,gmaps
yesroofing.com,https://yesroofing.com,yesroofing.com,info@yesroofing.com,,Sweetwater FL,roofing contractor,gmaps
24hrsrestoration.com,https://24hrsrestoration.com,24hrsrestoration.com,office@24hrsrestoration.com,,Sweetwater FL,roofing contractor,gmaps
walter.construction,https://walter.construction,walter.construction,walter@walter.construction,,Sweetwater FL,roofing contractor,gmaps
dlgroof.com,https://dlgroof.com,dlgroof.com,yg@dlgroof.com,,Sweetwater FL,roofing contractor,gmaps
skylineroofscontractors.com,https://skylineroofscontractors.com,skylineroofscontractors.com,skylineroofs@gmail.com,,Sweetwater FL,roofing contractor,gmaps
4tressconstruction.com,https://4tressconstruction.com,4tressconstruction.com,info@4tressconstruction.com,,Sweetwater FL,roofing contractor,gmaps
goldcoastroofing.us,https://goldcoastroofing.us,goldcoastroofing.us,info@goldcoastroofing.us,,Sweetwater FL,roofing contractor,gmaps
tikihutdesign.com,https://tikihutdesign.com,tikihutdesign.com,tikihutman@gmail.com,,Sweetwater FL,roofing contractor,gmaps
miamitikihut.com,https://miamitikihut.com,miamitikihut.com,miamitikihut@gmail.com,,Sweetwater FL,roofing contractor,gmaps
spsconstructionusa.com,https://spsconstructionusa.com,spsconstructionusa.com,info@spsconstructionusa.com,,Sweetwater FL,roofing contractor,gmaps
easytarprestoration.com,https://easytarprestoration.com,easytarprestoration.com,contact@easytarprestoration.com,,Sweetwater FL,roofing contractor,gmaps
infinitybuildtech.com,https://infinitybuildtech.com,infinitybuildtech.com,info@infinitybuildtech.com,,Sweetwater FL,roofing contractor,gmaps
smartroofingalliance.com,https://smartroofingalliance.com,smartroofingalliance.com,info@smartroofingalliance.com,,Sweetwater FL,roofing contractor,gmaps
aspwindows.com,https://aspwindows.com,aspwindows.com,salesoffice@aspwindows.com,,Sweetwater FL,roofing contractor,gmaps
iqrestoration.com,https://iqrestoration.com,iqrestoration.com,andrea@iqrestoration.com,,Sweetwater FL,roofing contractor,gmaps
forzaroof.com,https://forzaroof.com,forzaroof.com,bailey@forzaroof.com,,Sweetwater FL,roofing contractor,gmaps
highcaliber.us,https://highcaliber.us,highcaliber.us,manager@highcaliber.us,,Sweetwater FL,roofing contractor,gmaps
bgcroofing.com,https://bgcroofing.com,bgcroofing.com,bgarr94@gmail.com,,Sweetwater FL,roofing contractor,gmaps
welldonemitigation.com,https://welldonemitigation.com,welldonemitigation.com,it@welldonemitigation.com,,Sweetwater FL,roofing contractor,gmaps
mlbroof.com,https://mlbroof.com,mlbroof.com,matthewroche@mlbroofing.net,,Sweetwater FL,roofing contractor,gmaps
kingsmanroofing.com,https://kingsmanroofing.com,kingsmanroofing.com,info@kingsmanroofing.com,,Sweetwater FL,roofing contractor,gmaps
koversolutions.com,https://koversolutions.com,koversolutions.com,info@koversolutions.com,,Sweetwater FL,roofing contractor,gmaps
prestigeroofingandwaterproofing.com,https://prestigeroofingandwaterproofing.com,prestigeroofingandwaterproofing.com,prestige.roofing.management@gmail.com,,Sweetwater FL,roofing contractor,gmaps
dynamicroofingllc.com,https://dynamicroofingllc.com,dynamicroofingllc.com,dynamicroofingllc@att.net,,Tamarac FL,roofing contractor,gmaps
vprconstructioncorp.com,https://vprconstructioncorp.com,vprconstructioncorp.com,andy@vprconstructioncorp.com,,Tamarac FL,roofing contractor,gmaps
rapidrecoveryteam.com,https://rapidrecoveryteam.com,rapidrecoveryteam.com,info@rapidrecoveryteam.com,,Tamarac FL,roofing contractor,gmaps
qraroofing.com,https://qraroofing.com,qraroofing.com,info@qraroofing.com,,Tamarac FL,roofing contractor,gmaps
eaglerenovationandrepair.com,https://eaglerenovationandrepair.com,eaglerenovationandrepair.com,info@eaglerenovationandrepair.com,,Tamarac FL,roofing contractor,gmaps
decktight.com,https://decktight.com,decktight.com,contact@decktight.com,,Tamarac FL,roofing contractor,gmaps
safeguardimpact.com,https://safeguardimpact.com,safeguardimpact.com,info@safeguardimpact.com,,Tamarac FL,roofing contractor,gmaps
ngseliteconstruction.com,https://ngseliteconstruction.com,ngseliteconstruction.com,info@ngselite.com,,Tamarac FL,roofing contractor,gmaps
olympiaroofingmasters.com,https://olympiaroofingmasters.com,olympiaroofingmasters.com,info@olympiarooofingmasters.com,,Tamiami FL,roofing contractor,gmaps
jemroofingcompany.com,https://jemroofingcompany.com,jemroofingcompany.com,info@jemroofingcompany.com,,Tamiami FL,roofing contractor,gmaps
hdcontracting.com,https://hdcontracting.com,hdcontracting.com,tsales@hdcontracting.com,,Tamiami FL,roofing contractor,gmaps
countrywalkroofing.com,https://countrywalkroofing.com,countrywalkroofing.com,info@countrywalkroofing.com,,The Hammocks FL,roofing contractor,gmaps
rouenservices.com,https://rouenservices.com,rouenservices.com,servicefl@rouenservices.com,,The Hammocks FL,roofing contractor,gmaps
topshieldroofingllc.com,https://topshieldroofingllc.com,topshieldroofingllc.com,info@topshieldroofingllc.com,,The Hammocks FL,roofing contractor,gmaps
prime1roof.com,https://prime1roof.com,prime1roof.com,info@prime1roofing.com,,The Hammocks FL,roofing contractor,gmaps
actionconstructionfl.com,https://actionconstructionfl.com,actionconstructionfl.com,operations@actionconstructionfl.com,,The Hammocks FL,roofing contractor,gmaps
mpierceincroofing.com,https://mpierceincroofing.com,mpierceincroofing.com,mpierceinc@bellsouth.net,,The Hammocks FL,roofing contractor,gmaps
shutterbrothersllc.com,https://shutterbrothersllc.com,shutterbrothersllc.com,info@shutterbrothersllc.com,,The Hammocks FL,roofing contractor,gmaps
robsonindustrial.com,https://robsonindustrial.com,robsonindustrial.com,sales@robsonindustrial.com,,The Hammocks FL,roofing contractor,gmaps
zenithroofinginc.com,https://zenithroofinginc.com,zenithroofinginc.com,john@zenithroofinginc.com,,The Hammocks FL,roofing contractor,gmaps
nativeroofing.com,https://nativeroofing.com,nativeroofing.com,solutions@nativeroofing.com,,Wellington FL,roofing contractor,gmaps
equestrianroofersco.com,https://equestrianroofersco.com,equestrianroofersco.com,info@equestrianroofersco.com,,Wellington FL,roofing contractor,gmaps
hallroofingconstructioncorp.com,https://hallroofingconstructioncorp.com,hallroofingconstructioncorp.com,hallroofingconstruction@gmail.com,,Wellington FL,roofing contractor,gmaps
nccsconstruction.com,https://nccsconstruction.com,nccsconstruction.com,nccsconstructionllc@gmail.com,,Wellington FL,roofing contractor,gmaps
maxtec.us,https://maxtec.us,maxtec.us,info@maxtec.us,,Wellington FL,roofing contractor,gmaps
francisroofingsolutions.com,https://francisroofingsolutions.com,francisroofingsolutions.com,francisroofingsolutions@gmail.com,,Wellington FL,roofing contractor,gmaps
roganroofing.com,https://roganroofing.com,roganroofing.com,rogan@roganroofing.com,,Wellington FL,roofing contractor,gmaps
maverickroofingfl.com,https://maverickroofingfl.com,maverickroofingfl.com,office@maverickroofingfl.com,,Wellington FL,roofing contractor,gmaps
westfieldroofrepair.com,https://westfieldroofrepair.com,westfieldroofrepair.com,info@westfieldroofrepair.com,,Weston FL,roofing contractor,gmaps
tigerroofing.com,https://tigerroofing.com,tigerroofing.com,john@smith.com,,Weston FL,roofing contractor,gmaps
yahaninc.com,https://yahaninc.com,yahaninc.com,info@yahaninc.com,,Weston FL,roofing contractor,gmaps
vianpe.com,https://vianpe.com,vianpe.com,vianpe.usa@gmail.com,,Weston FL,roofing contractor,gmaps
broadviewroofingworks.com,https://broadviewroofingworks.com,broadviewroofingworks.com,info@broadviewroofingworks.com,,Weston FL,roofing contractor,gmaps
floridamitigationgroup.com,https://floridamitigationgroup.com,floridamitigationgroup.com,support@floridamitigationgroup.com,,Weston FL,roofing contractor,gmaps
prosolarflorida.com,https://prosolarflorida.com,prosolarflorida.com,info@prosolarflorida.com,,Wilton Manors FL,roofing contractor,gmaps
roofworksfl.com,https://roofworksfl.com,roofworksfl.com,estimates@roofworks.com,,Wilton Manors FL,roofing contractor,gmaps
republicwindow.com,https://republicwindow.com,republicwindow.com,support@republicwindow.com,,Wilton Manors FL,roofing contractor,gmaps
floridaroofingsociety.com,https://floridaroofingsociety.com,floridaroofingsociety.com,general@floridaroofingsociety.com,,Wilton Manors FL,roofing contractor,gmaps
republicrenovators.com,https://republicrenovators.com,republicrenovators.com,support@republicrenovators.com,,Wilton Manors FL,roofing contractor,gmaps
bklplumbing.com,https://bklplumbing.com,bklplumbing.com,admin@bklplumbing.com,,Aventura FL,plumber,gmaps
totalappliance.net,https://totalappliance.net,totalappliance.net,info@totalappliance.net,,Aventura FL,plumber,gmaps
plumbingmiamiservices.com,https://plumbingmiamiservices.com,plumbingmiamiservices.com,careplumbingservices@gmail.com,,Aventura FL,plumber,gmaps
bh-plumbing.com,https://bh-plumbing.com,bh-plumbing.com,service@bh-plumbing.com,,Aventura FL,plumber,gmaps
handyman4less.net,https://handyman4less.net,handyman4less.net,miamihandyman4less@gmail.com,,Aventura FL,plumber,gmaps
servicesbygota.com,https://servicesbygota.com,servicesbygota.com,info@servicesbygota.com,,Aventura FL,plumber,gmaps
sunstateplumbingservicesinc.com,https://sunstateplumbingservicesinc.com,sunstateplumbingservicesinc.com,sunstateplumbingservicesinc@gmail.com,,Aventura FL,plumber,gmaps
fcpaventura.com,https://fcpaventura.com,fcpaventura.com,fcpaventura@gmail.com,,Aventura FL,plumber,gmaps
plumbingahead.com,https://plumbingahead.com,plumbingahead.com,info@plumbingahead.com,,Bal Harbour FL,plumber,gmaps
topplumbing.voolt.com,https://topplumbing.voolt.com,topplumbing.voolt.com,kenjean95@gmail.com,,Bal Harbour FL,plumber,gmaps
marosconstruction.com,https://marosconstruction.com,marosconstruction.com,info@marosconstruction.com,,Bal Harbour FL,plumber,gmaps
pipesenseconsulting.com,https://pipesenseconsulting.com,pipesenseconsulting.com,info@pipesenseconsulting.com,,Bal Harbour FL,plumber,gmaps
makintonplumbingcorp.com,https://makintonplumbingcorp.com,makintonplumbingcorp.com,makintonplumbing@gmail.com,,Bal Harbour FL,plumber,gmaps
eliteplumbing.net,https://eliteplumbing.net,eliteplumbing.net,mike@eliteplumbing.net,,Bay Harbor Islands FL,plumber,gmaps
aplumber.com,https://aplumber.com,aplumber.com,contact@aplumber.com,,Bay Harbor Islands FL,plumber,gmaps
greenremodelinghome.com,https://greenremodelinghome.com,greenremodelinghome.com,info@guacdigital.com,,Bay Harbor Islands FL,plumber,gmaps
miandyhandyman.com,https://miandyhandyman.com,miandyhandyman.com,miandysolutions@gmail.com,,Bay Harbor Islands FL,plumber,gmaps
piratesplumbing.com,https://piratesplumbing.com,piratesplumbing.com,admin@piratesplumbing.com,,Bay Harbor Islands FL,plumber,gmaps
mingsplumbing.com,https://mingsplumbing.com,mingsplumbing.com,office@mingscontractingdynasty.com,,Bay Harbor Islands FL,plumber,gmaps
floridatradespecialists.com,https://floridatradespecialists.com,floridatradespecialists.com,info@floridatradespecialists.com,,Biscayne Park FL,plumber,gmaps
watermoldfire.net,https://watermoldfire.net,watermoldfire.net,help@watermoldfire.net,,Biscayne Park FL,plumber,gmaps
royaleliteplumbing.com,https://royaleliteplumbing.com,royaleliteplumbing.com,contact@royaleliteplumbing.com,,Boynton Beach FL,plumber,gmaps
raiderrooter.com,https://raiderrooter.com,raiderrooter.com,office@raiderrooter.com,,Boynton Beach FL,plumber,gmaps
callfrontrow.com,https://callfrontrow.com,callfrontrow.com,info@callfrontrow.com,,Boynton Beach FL,plumber,gmaps
traceyplumbing.com,https://traceyplumbing.com,traceyplumbing.com,giovanni@palmcollective.io,,Boynton Beach FL,plumber,gmaps
zicarosplumbing.com,https://zicarosplumbing.com,zicarosplumbing.com,info@zicarosplumbing.com,,Boynton Beach FL,plumber,gmaps
sealtiteplumbing.com,https://sealtiteplumbing.com,sealtiteplumbing.com,sealtiteplumbing@aol.com,,Boynton Beach FL,plumber,gmaps
nomadplumbingservices.com,https://nomadplumbingservices.com,nomadplumbingservices.com,info@nomadplumbingservices.com,,Boynton Beach FL,plumber,gmaps
h2oplumbingpro.com,https://h2oplumbingpro.com,h2oplumbingpro.com,office@mail.h2oplumbingpro.com,,Boynton Beach FL,plumber,gmaps
jclayplumbing.com,https://jclayplumbing.com,jclayplumbing.com,jclay@jclayplumbing.com,,Boynton Beach FL,plumber,gmaps
plumberboyntonbeach.com,https://plumberboyntonbeach.com,plumberboyntonbeach.com,,,Boynton Beach FL,plumber,gmaps
clearviewplumbingandgas.com,https://clearviewplumbingandgas.com,clearviewplumbingandgas.com,office@clearviewplumbingandgas.com,,Boynton Beach FL,plumber,gmaps
miketheplumberinc.com,https://miketheplumberinc.com,miketheplumberinc.com,office@miketheplumberinc.com,,Boynton Beach FL,plumber,gmaps
penadrainaway.com,https://penadrainaway.com,penadrainaway.com,penadrainaway@gmail.com,,Boynton Beach FL,plumber,gmaps
petrillosplumbing.com,https://petrillosplumbing.com,petrillosplumbing.com,plumberjp@bellsouth.net,,Boynton Beach FL,plumber,gmaps
theplumberwestpalmbeach.com,https://theplumberwestpalmbeach.com,theplumberwestpalmbeach.com,mapplumbingfl@gmail.com,,Boynton Beach FL,plumber,gmaps
copperhead-plumbing.com,https://copperhead-plumbing.com,copperhead-plumbing.com,service@copperhead-plumbing.com,,Boynton Beach FL,plumber,gmaps
sigplumbing.com,https://sigplumbing.com,sigplumbing.com,info@sigplumbing.com,,Boynton Beach FL,plumber,gmaps
hypoluxoplumbing.com,https://hypoluxoplumbing.com,hypoluxoplumbing.com,eben@eyebytes.com,,Boynton Beach FL,plumber,gmaps
pottydoctor.com,https://pottydoctor.com,pottydoctor.com,,,Boynton Beach FL,plumber,gmaps
papasplumbingfl.com,https://papasplumbingfl.com,papasplumbingfl.com,mike@papasplumbing.com,,Boynton Beach FL,plumber,gmaps
daltonplumbingservices.com,https://daltonplumbingservices.com,daltonplumbingservices.com,daltonplumbingllc@gmail.com,,Boynton Beach FL,plumber,gmaps
drplumberflorida.com,https://drplumberflorida.com,drplumberflorida.com,drplumberflorida@gmail.com,,Boynton Beach FL,plumber,gmaps
briggsplumbinginc.com,https://briggsplumbinginc.com,briggsplumbinginc.com,briggsplumbing@gmail.com,,Boynton Beach FL,plumber,gmaps
coolairxpert.com,https://coolairxpert.com,coolairxpert.com,coolairexpertfl@gmail.com,,Boynton Beach FL,plumber,gmaps
plumbersouthfl.com,https://plumbersouthfl.com,plumbersouthfl.com,louis@plumbersouthfl.com,,Boynton Beach FL,plumber,gmaps
pbplumbingsolutions.com,https://pbplumbingsolutions.com,pbplumbingsolutions.com,km@pbplumbingsolutions.com,,Boynton Beach FL,plumber,gmaps
alohaplumbing.info,https://alohaplumbing.info,alohaplumbing.info,office@alohaplumb.com,,Boynton Beach FL,plumber,gmaps
innovplumbing.com,https://innovplumbing.com,innovplumbing.com,matt@pixelspread.com,,Coconut Creek FL,plumber,gmaps
betterdaysplumbing.com,https://betterdaysplumbing.com,betterdaysplumbing.com,betterdaysplumbing@gmail.com,,Coconut Creek FL,plumber,gmaps
coopercityhandymanservices.com,https://coopercityhandymanservices.com,coopercityhandymanservices.com,info@coopercityhandymanservices.com,,Cooper City FL,plumber,gmaps
southflemergencyplumber.com,https://southflemergencyplumber.com,southflemergencyplumber.com,,,Cooper City FL,plumber,gmaps
ccgplumbingfl.com,https://ccgplumbingfl.com,ccgplumbingfl.com,ccgplumbing@icloud.com,,Cooper City FL,plumber,gmaps
jacksthehandyman.com,https://jacksthehandyman.com,jacksthehandyman.com,info@jacksthehandyman.com,,Cooper City FL,plumber,gmaps
atobplumbingsolutionsllc.com,https://atobplumbingsolutionsllc.com,atobplumbingsolutionsllc.com,acquisitions@atobplumbingsolutions.com,,Cooper City FL,plumber,gmaps
pullesplumbing.com,https://pullesplumbing.com,pullesplumbing.com,cpulles@bellsouth.net,,Cooper City FL,plumber,gmaps
easyplumbingandrepair.com,https://easyplumbingandrepair.com,easyplumbingandrepair.com,eben@eyebytes.com,,Cooper City FL,plumber,gmaps
titanpipingandplumbing.com,https://titanpipingandplumbing.com,titanpipingandplumbing.com,titanpipingandplumbing@gmail.com,,Cooper City FL,plumber,gmaps
skillmanplumbingheatingpro.com,https://skillmanplumbingheatingpro.com,skillmanplumbingheatingpro.com,info@dohenyplumbing.com,,Coral Springs FL,plumber,gmaps
clrproplumbing.com,https://clrproplumbing.com,clrproplumbing.com,clrprosolutions23@gmail.com,,Coral Terrace FL,plumber,gmaps
centurywholesale.us,https://centurywholesale.us,centurywholesale.us,support@centurywholesale.com,,Coral Terrace FL,plumber,gmaps
coralplumbingandair.com,https://coralplumbingandair.com,coralplumbingandair.com,office@ecofriendlycoolingheating.net,,Coral Terrace FL,plumber,gmaps
h2pconstruction.com,https://h2pconstruction.com,h2pconstruction.com,info@h2pconstruction.com,,Coral Terrace FL,plumber,gmaps
atlasplumbinginc.com,https://atlasplumbinginc.com,atlasplumbinginc.com,atlasplumbingincorporated@gmail.com,,Coral Terrace FL,plumber,gmaps
plumbers519.com,https://plumbers519.com,plumbers519.com,info@plumbers519.org,,Country Club FL,plumber,gmaps
metrodadeplumbing.com,https://metrodadeplumbing.com,metrodadeplumbing.com,metrodadeplumbing@yahoo.com,,Country Club FL,plumber,gmaps
eliteplumbingss.com,https://eliteplumbingss.com,eliteplumbingss.com,eliteplumbingss@gmail.com,,Cutler Bay FL,plumber,gmaps
drainmates.com,https://drainmates.com,drainmates.com,info@drainmates.com,,Cutler Bay FL,plumber,gmaps
miamiohplumbing.com,https://miamiohplumbing.com,miamiohplumbing.com,theplumber@miamiohplumbing.com,,Cutler Bay FL,plumber,gmaps
theprodrain.com,https://theprodrain.com,theprodrain.com,lemonad@jovanny.ru,,Cutler Bay FL,plumber,gmaps
jetplumbingfl.com,https://jetplumbingfl.com,jetplumbingfl.com,davidgylek79@gmail.com,,Dania Beach FL,plumber,gmaps
ezfixplumbing.jobbersites.com,https://ezfixplumbing.jobbersites.com,ezfixplumbing.jobbersites.com,hamzah@ezfixplumbing.com,,Deerfield Beach FL,plumber,gmaps
fusionplumbingfl.com,https://fusionplumbingfl.com,fusionplumbingfl.com,fusionplumbinggroup@gmail.com,,Deerfield Beach FL,plumber,gmaps
built-plumbing.com,https://built-plumbing.com,built-plumbing.com,builtplumbing@gmail.com,,Deerfield Beach FL,plumber,gmaps
bocacertifiedplumbingservice.com,https://bocacertifiedplumbingservice.com,bocacertifiedplumbingservice.com,bocaplumbing@bellsouth.net,,Deerfield Beach FL,plumber,gmaps
gmsplumbingfl.com,https://gmsplumbingfl.com,gmsplumbingfl.com,gmsplumbing@gmail.com,,Deerfield Beach FL,plumber,gmaps
hightideplumbing.com,https://hightideplumbing.com,hightideplumbing.com,billy@hightideplumbing.com,,Deerfield Beach FL,plumber,gmaps
tinyplumberservices.com,https://tinyplumberservices.com,tinyplumberservices.com,tinyplumberservicesllc@gmail.com,,Delray Beach FL,plumber,gmaps
acdelray.com,https://acdelray.com,acdelray.com,admin@acdelray.com,,Delray Beach FL,plumber,gmaps
atlanticaveplumbingexperts.site,https://atlanticaveplumbingexperts.site,atlanticaveplumbingexperts.site,agency@rapiddrainmasters.com,,Delray Beach FL,plumber,gmaps
jrfplumbingservices.com,https://jrfplumbingservices.com,jrfplumbingservices.com,service@jrfplumbingservices.com,,Delray Beach FL,plumber,gmaps
razorbackelectric.com,https://razorbackelectric.com,razorbackelectric.com,info@razorbackelectric.com,,Delray Beach FL,plumber,gmaps
stevenshandyservices.com,https://stevenshandyservices.com,stevenshandyservices.com,contact@stevenshandyservices.com,,El Portal FL,plumber,gmaps
a77pro.com,https://a77pro.com,a77pro.com,sales@a77pro.com,,El Portal FL,plumber,gmaps
volcano-pump-out.square.site,https://volcano-pump-out.square.site,volcano-pump-out.square.site,volcanopumpout@gmail.com,,Florida City FL,plumber,gmaps
kwhandymanmiamifl.com,https://kwhandymanmiamifl.com,kwhandymanmiamifl.com,billing@kwhandymanmiami.com,,Florida City FL,plumber,gmaps
jjgeneralcontractors.net,https://jjgeneralcontractors.net,jjgeneralcontractors.net,info@jjgeneralcontractor.net,,Florida City FL,plumber,gmaps
telicapumpsandsupply.com,https://telicapumpsandsupply.com,telicapumpsandsupply.com,telicaps@gmail.com,,Florida City FL,plumber,gmaps
miamihandymancorp.com,https://miamihandymancorp.com,miamihandymancorp.com,office.miamihandyman@gmail.com,,Florida City FL,plumber,gmaps
oreoproservices.com,https://oreoproservices.com,oreoproservices.com,info@oreoproservices.com,,Florida City FL,plumber,gmaps
bluewavehomeservices.com,https://bluewavehomeservices.com,bluewavehomeservices.com,m.burnsllc@gmail.com,,Florida City FL,plumber,gmaps
guillensplumbingshowroom.com,https://guillensplumbingshowroom.com,guillensplumbingshowroom.com,info@guillens.com,,Fontainebleau FL,plumber,gmaps
men-success.com,https://men-success.com,men-success.com,info@men-success.com,,Golden Beach FL,plumber,gmaps
topplumber.cc,https://topplumber.cc,topplumber.cc,info@topplumber.cc,,Greenacres FL,plumber,gmaps
gotoplumberco.com,https://gotoplumberco.com,gotoplumberco.com,inquiry@gotoplumberco.com,,Greenacres FL,plumber,gmaps
marcuscompleterenovation.com,https://marcuscompleterenovation.com,marcuscompleterenovation.com,fleuridora@yahoo.com,,Greenacres FL,plumber,gmaps
octplumbing.com,https://octplumbing.com,octplumbing.com,oct@octplumbing.com,,Greenacres FL,plumber,gmaps
smartchoiceplumbingandairconditioning.com,https://smartchoiceplumbingandairconditioning.com,smartchoiceplumbingandairconditioning.com,smartchoiceplumbingandac@gmail.com,,Greenacres FL,plumber,gmaps
localhandyman-services.com,https://localhandyman-services.com,localhandyman-services.com,info@localhandyman-services.com,,Greenacres FL,plumber,gmaps
seacoastsepticandplumbing.com,https://seacoastsepticandplumbing.com,seacoastsepticandplumbing.com,culpepperplumbinginc@hotmail.com,,Greenacres FL,plumber,gmaps
integrityplumber.com,https://integrityplumber.com,integrityplumber.com,integrityplumbinganddrain@gmail.com,,Greenacres FL,plumber,gmaps
coutureoptique.com,https://coutureoptique.com,coutureoptique.com,coutureoptic@gmail.com,,Greenacres FL,plumber,gmaps
mrplumberfl.com,https://mrplumberfl.com,mrplumberfl.com,office@mrplumberfl.com,,Greenacres FL,plumber,gmaps
plumbingpalmbeachgardens.com,https://plumbingpalmbeachgardens.com,plumbingpalmbeachgardens.com,info@plumbingpalmbeachgardens.com,,Greenacres FL,plumber,gmaps
plumbingbravofl.com,https://plumbingbravofl.com,plumbingbravofl.com,msbravo1709@gmail.com,,Greenacres FL,plumber,gmaps
amgplumbinginc.com,https://amgplumbinginc.com,amgplumbinginc.com,office@amgplumbinginc.com,,Greenacres FL,plumber,gmaps
proplumbingandgas.com,https://proplumbingandgas.com,proplumbingandgas.com,edheller51@gmail.com,,Greenacres FL,plumber,gmaps
plumbingunlimitedsupplystore.com,https://plumbingunlimitedsupplystore.com,plumbingunlimitedsupplystore.com,plumbingunlimitedsupplystore@gmail.com,,Hallandale Beach FL,plumber,gmaps
hitrenchless.com,https://hitrenchless.com,hitrenchless.com,hitrenchless@gmail.com,,Hallandale Beach FL,plumber,gmaps
leonardairplumbing.org,https://leonardairplumbing.org,leonardairplumbing.org,leonardairplumbing@gmail.com,,Hialeah Gardens FL,plumber,gmaps
jmaxxplumbing.com,https://jmaxxplumbing.com,jmaxxplumbing.com,luciano@latinotype.com,,Hialeah Gardens FL,plumber,gmaps
fcplumbingsupply.com,https://fcplumbingsupply.com,fcplumbingsupply.com,info@fcplumbingsupply.com,,Hialeah Gardens FL,plumber,gmaps
ggrqualityconstruction.com,https://ggrqualityconstruction.com,ggrqualityconstruction.com,constructionggr@gmail.com,,Hialeah Gardens FL,plumber,gmaps
lezaplumbing.com,https://lezaplumbing.com,lezaplumbing.com,leza@lezaplumbing.com,,Hialeah Gardens FL,plumber,gmaps
wickedpissahhandyman.com,https://wickedpissahhandyman.com,wickedpissahhandyman.com,contact@sansoxygen.com,,Hillsboro Beach FL,plumber,gmaps
platinumprecisionplumbing.com,https://platinumprecisionplumbing.com,platinumprecisionplumbing.com,admin@platinumprecisionplumbing.com,,Hillsboro Beach FL,plumber,gmaps
keepinitfull.com,https://keepinitfull.com,keepinitfull.com,keepinitfull@gmail.com,,Hillsboro Beach FL,plumber,gmaps
kwikplumbers.com,https://kwikplumbers.com,kwikplumbers.com,kwikrooter@comcast.net,,Jupiter FL,plumber,gmaps
builtrightplumber.com,https://builtrightplumber.com,builtrightplumber.com,contact@builtrightplumber.com,,Jupiter FL,plumber,gmaps
jupiterplumbing.com,https://jupiterplumbing.com,jupiterplumbing.com,service@jupiterplumbing.com,,Jupiter FL,plumber,gmaps
klayborplumbing.com,https://klayborplumbing.com,klayborplumbing.com,nick@www.klayborplumbing.com,,Jupiter FL,plumber,gmaps
palermoplumbing.com,https://palermoplumbing.com,palermoplumbing.com,palermoplumbing@yahoo.com,,Jupiter FL,plumber,gmaps
coastalplumbingjupiter.com,https://coastalplumbingjupiter.com,coastalplumbingjupiter.com,coastalplumb@bellsouth.net,,Jupiter FL,plumber,gmaps
waterheatingexperts.com,https://waterheatingexperts.com,waterheatingexperts.com,,,Jupiter FL,plumber,gmaps
dimartinoplumbing.com,https://dimartinoplumbing.com,dimartinoplumbing.com,service@joecoleplumbing.com,,Jupiter FL,plumber,gmaps
bhppbc.com,https://bhppbc.com,bhppbc.com,info@bhppbc.com,,Jupiter FL,plumber,gmaps
absoluteplumbingwpb.com,https://absoluteplumbingwpb.com,absoluteplumbingwpb.com,info@absoluteplumbingwpb.com,,Jupiter FL,plumber,gmaps
lighthouseplumbingservices.com,https://lighthouseplumbingservices.com,lighthouseplumbingservices.com,cheryl.lighthouseplumbing@gmail.com,,Jupiter FL,plumber,gmaps
paradiseplumbingusacorp.com,https://paradiseplumbingusacorp.com,paradiseplumbingusacorp.com,accounting@paradiseplumbingusa.com,,Jupiter FL,plumber,gmaps
ak-plumbing.com,https://ak-plumbing.com,ak-plumbing.com,matt@ak-plumbing.com,,Jupiter FL,plumber,gmaps
lciplumbingservices.com,https://lciplumbingservices.com,lciplumbingservices.com,lciplumbingservice@gmail.com,,Jupiter FL,plumber,gmaps
advancedplumbingnpb.com,https://advancedplumbingnpb.com,advancedplumbingnpb.com,plumbers.er@gmail.com,,Lake Park FL,plumber,gmaps
northcountyplumbing.org,https://northcountyplumbing.org,northcountyplumbing.org,northcountyplumbing@hotmail.com,,Lake Park FL,plumber,gmaps
marineplumbingcompany.com,https://marineplumbingcompany.com,marineplumbingcompany.com,info@marineplumbingcompany.com,,Lake Park FL,plumber,gmaps
allinplumbingsolutions.com,https://allinplumbingsolutions.com,allinplumbingsolutions.com,info@allinplumbingsolutions.com,,Lake Park FL,plumber,gmaps
oharaplumbing.com,https://oharaplumbing.com,oharaplumbing.com,thomasmanuelohara@yahoo.com,,Lake Park FL,plumber,gmaps
polmarhs.com,https://polmarhs.com,polmarhs.com,contact@polmarhs.com,,Lake Park FL,plumber,gmaps
flamingoplumbing.com,https://flamingoplumbing.com,flamingoplumbing.com,info@flamingoplumbing.com,,Lake Park FL,plumber,gmaps
tconnellyplumbing.com,https://tconnellyplumbing.com,tconnellyplumbing.com,info@tconnellyplumbing.com,,Lake Park FL,plumber,gmaps
customplumb.com,https://customplumb.com,customplumb.com,service@customplumb.com,,Lake Park FL,plumber,gmaps
fernandezplumbingfl.com,https://fernandezplumbingfl.com,fernandezplumbingfl.com,info@fernandezplumbingfl.com,,Lake Park FL,plumber,gmaps
dattileplumbing.com,https://dattileplumbing.com,dattileplumbing.com,dattileplumbing@yahoo.com,,Lake Park FL,plumber,gmaps
edsairconditioning.com,https://edsairconditioning.com,edsairconditioning.com,info@edsairconditioning.com,,Lake Worth Beach FL,plumber,gmaps
servicemaxpro.net,https://servicemaxpro.net,servicemaxpro.net,max@servicemaxpro.net,,Lake Worth Beach FL,plumber,gmaps
poo-man.com,https://poo-man.com,poo-man.com,pooman.officemanager@gmail.com,,Lantana FL,plumber,gmaps
emergencyplumbingfortlauderdale.com,https://emergencyplumbingfortlauderdale.com,emergencyplumbingfortlauderdale.com,flavetspac@gmail.com,,Lauderhill FL,plumber,gmaps
nandbplumbing.org,https://nandbplumbing.org,nandbplumbing.org,nandbplumbinginc@gmail.com,,Lauderhill FL,plumber,gmaps
amdplumbing.com,https://amdplumbing.com,amdplumbing.com,mg@amdplumbing.com,,Lauderhill FL,plumber,gmaps
byfplumbing.com,https://byfplumbing.com,byfplumbing.com,byfplumbing@gmail.com,,Lighthouse Point FL,plumber,gmaps
plumbingperfectedllc.com,https://plumbingperfectedllc.com,plumbingperfectedllc.com,info@plumbingperfectedllc.com,,Margate FL,plumber,gmaps
tjplumbingandheating.com,https://tjplumbingandheating.com,tjplumbingandheating.com,info@tjplumbingandheating.com,,Margate FL,plumber,gmaps
maximumplumbingfl.com,https://maximumplumbingfl.com,maximumplumbingfl.com,maximumplumbing@bellsouth.net,,Margate FL,plumber,gmaps
myownplumbingco.com,https://myownplumbingco.com,myownplumbingco.com,info@myownplumbingco.com,,Margate FL,plumber,gmaps
backflowsonly.com,https://backflowsonly.com,backflowsonly.com,robert@backflowsonly.com,,Margate FL,plumber,gmaps
a1plumbingbygeorge.com,https://a1plumbingbygeorge.com,a1plumbingbygeorge.com,info@a1plumbingbygrorge.com,,Margate FL,plumber,gmaps
pineappleac.com,https://pineappleac.com,pineappleac.com,info@pineappleac.com,,Margate FL,plumber,gmaps
pumpoutsunlimited.com,https://pumpoutsunlimited.com,pumpoutsunlimited.com,quotes@pumpoutsunlimited.com,,Medley FL,plumber,gmaps
1stcontractors.com,https://1stcontractors.com,1stcontractors.com,school@1stcontractors.com,,Medley FL,plumber,gmaps
coastpump.com,https://coastpump.com,coastpump.com,coastpump.reception@gmail.com,,Medley FL,plumber,gmaps
miamilakesplumbers.com,https://miamilakesplumbers.com,miamilakesplumbers.com,info@miamilakesplumbers.com,,Miami Lakes FL,plumber,gmaps
acepumpandsupply.com,https://acepumpandsupply.com,acepumpandsupply.com,sales@acepumpandsupply.com,,Miami Lakes FL,plumber,gmaps
waternfirerecovery.com,https://waternfirerecovery.com,waternfirerecovery.com,info@waternfirerecovery.com,,Miami Lakes FL,plumber,gmaps
ecoloboostpools.com,https://ecoloboostpools.com,ecoloboostpools.com,contact@ecoloboostpools.com,,Miami Lakes FL,plumber,gmaps
flotechllc.com,https://flotechllc.com,flotechllc.com,krischislett@gmail.com,,Miami Springs FL,plumber,gmaps
builcore.com,https://builcore.com,builcore.com,contact@builcore.com,,North Bay Village FL,plumber,gmaps
miamipiperepair.com,https://miamipiperepair.com,miamipiperepair.com,info@miamipiperepair.com,,North Miami FL,plumber,gmaps
electricalservicesfl.com,https://electricalservicesfl.com,electricalservicesfl.com,mgelectricalmiami@gmail.com,,North Miami FL,plumber,gmaps
drhandymanservice6.com,https://drhandymanservice6.com,drhandymanservice6.com,drhandymanservicelead@gmail.com,,North Miami FL,plumber,gmaps
eugenesoulhandyman.com,https://eugenesoulhandyman.com,eugenesoulhandyman.com,eugene@eugenesoulhandyman.com,,North Miami Beach FL,plumber,gmaps
krgplumbers.com,https://krgplumbers.com,krgplumbers.com,krgplumbingservice@gmail.com,,Oakland Park FL,plumber,gmaps
abrahamac.com,https://abrahamac.com,abrahamac.com,info@abrahamac.com,,Oakland Park FL,plumber,gmaps
1855gotleaks.com,https://1855gotleaks.com,1855gotleaks.com,info@1855gotleaks.com,,Oakland Park FL,plumber,gmaps
moeplumbinginc.com,https://moeplumbinginc.com,moeplumbinginc.com,moeplumbing@hotmail.com,,Oakland Park FL,plumber,gmaps
browardtrenchlesssewer.com,https://browardtrenchlesssewer.com,browardtrenchlesssewer.com,info@browardtrenchlesssewer.com,,Oakland Park FL,plumber,gmaps
rockyplumbing.com,https://rockyplumbing.com,rockyplumbing.com,rockyplumbingfl@gmail.com,,Oakland Park FL,plumber,gmaps
fastflowplumbingllc.com,https://fastflowplumbingllc.com,fastflowplumbingllc.com,eben@eyebytes.com,,Opa-locka FL,plumber,gmaps
tascoplumbing.com,https://tascoplumbing.com,tascoplumbing.com,service@taskomep.com,,Opa-locka FL,plumber,gmaps
doneritepumps.com,https://doneritepumps.com,doneritepumps.com,doneritepumps@gmail.com,,Opa-locka FL,plumber,gmaps
mickeysplumbing.com,https://mickeysplumbing.com,mickeysplumbing.com,info@mickeysplumbing.com,,Palm Beach FL,plumber,gmaps
deemariaplumbing.com,https://deemariaplumbing.com,deemariaplumbing.com,deemplbg@aol.com,,Palm Beach FL,plumber,gmaps
adsplumbingllcfl.com,https://adsplumbingllcfl.com,adsplumbingllcfl.com,adsplumbingfl@gmail.com,,Palm Beach FL,plumber,gmaps
leadingplumbingservices.com,https://leadingplumbingservices.com,leadingplumbingservices.com,leadingplumbingservicesllc@gmail.com,,Palm Beach FL,plumber,gmaps
serviceready.com,https://serviceready.com,serviceready.com,service@serviceready.com,,Palm Beach FL,plumber,gmaps
pbplumbingparts.com,https://pbplumbingparts.com,pbplumbingparts.com,sales@pbplumbingparts.com,,Palm Beach FL,plumber,gmaps
raptorfl.com,https://raptorfl.com,raptorfl.com,info@raptor.plumbing,,Palm Beach FL,plumber,gmaps
eagleeyeplumbingservices.com,https://eagleeyeplumbingservices.com,eagleeyeplumbingservices.com,stanley@eagleeyeplumbingservices.com,,Palm Beach FL,plumber,gmaps
carhartplumbing.com,https://carhartplumbing.com,carhartplumbing.com,info@carhartplumbing.com,,Palm Beach Gardens FL,plumber,gmaps
beastplumbingservices.com,https://beastplumbingservices.com,beastplumbingservices.com,beastplumbing@gmail.com,,Palm Beach Gardens FL,plumber,gmaps
pro-plumbingservice.com,https://pro-plumbingservice.com,pro-plumbingservice.com,daniel@pro-plumbingservice.com,,Palm Beach Gardens FL,plumber,gmaps
kcs23.com,https://kcs23.com,kcs23.com,amber@kcs23.com,,Palm Springs FL,plumber,gmaps
palmbeachplumbinginc.com,https://palmbeachplumbinginc.com,palmbeachplumbinginc.com,palmbeachplumbing@yahoo.com,,Palm Springs FL,plumber,gmaps
usadrainplumbingca.com,https://usadrainplumbingca.com,usadrainplumbingca.com,office@usadrainservices.com,,Palm Springs FL,plumber,gmaps
3sonsplumbing.com,https://3sonsplumbing.com,3sonsplumbing.com,staff@3sonsplumbing.com,,Palm Springs FL,plumber,gmaps
palmcityplumbers.com,https://palmcityplumbers.com,palmcityplumbers.com,jake@palmcityplumbers.com,,Palm Springs FL,plumber,gmaps
laquintaplumbingsolutions.com,https://laquintaplumbingsolutions.com,laquintaplumbingsolutions.com,info@laquintaplumbingsolutions.com,,Palm Springs FL,plumber,gmaps
darrelsplumbing.com,https://darrelsplumbing.com,darrelsplumbing.com,darrelsplumbing@gmail.com,,Palm Springs FL,plumber,gmaps
logicplumbingfl.com,https://logicplumbingfl.com,logicplumbingfl.com,logicplumbingfl@gmail.com,,Palmetto Bay FL,plumber,gmaps
technicalplumbingllc.com,https://technicalplumbingllc.com,technicalplumbingllc.com,mike@technicalplumbingllc.com,,Palmetto Bay FL,plumber,gmaps
ironpipesolutionsfl.com,https://ironpipesolutionsfl.com,ironpipesolutionsfl.com,eben@eyebytes.com,,Palmetto Bay FL,plumber,gmaps
1rstplumbing.com,https://1rstplumbing.com,1rstplumbing.com,jlobo@1rstplumbing.com,,Palmetto Bay FL,plumber,gmaps
plumbereliteparkland.com,https://plumbereliteparkland.com,plumbereliteparkland.com,,,Parkland FL,plumber,gmaps
purefuelplumbingllc.com,https://purefuelplumbingllc.com,purefuelplumbingllc.com,info@purefuelplumbingllc.com,,Parkland FL,plumber,gmaps
mjkplumbing.com,https://mjkplumbing.com,mjkplumbing.com,info@mjkplumbing.com,,Parkland FL,plumber,gmaps
bargainplumbingrooterco.com,https://bargainplumbingrooterco.com,bargainplumbingrooterco.com,hello@glossytouch.com,,Pembroke Park FL,plumber,gmaps
maxdiscountplumbing.com,https://maxdiscountplumbing.com,maxdiscountplumbing.com,contactus@maxdiscountplumbing.com,,Plantation FL,plumber,gmaps
954-515-2581.com,https://954-515-2581.com,954-515-2581.com,info@954-515-2581.com,,Pompano Beach FL,plumber,gmaps
cassidyac.com,https://cassidyac.com,cassidyac.com,info@cassidyac.com,,Riviera Beach FL,plumber,gmaps
paradigmplumbing.com,https://paradigmplumbing.com,paradigmplumbing.com,recp@paradigmplumbing.com,,Riviera Beach FL,plumber,gmaps
osterplumbing.com,https://osterplumbing.com,osterplumbing.com,osterplumbing@gmail.com,,Riviera Beach FL,plumber,gmaps
tropicalplumbingsfl.net,https://tropicalplumbingsfl.net,tropicalplumbingsfl.net,tropicalplumbing@yahoo.com,,Riviera Beach FL,plumber,gmaps
septiccleaningwestpalmbeach.com,https://septiccleaningwestpalmbeach.com,septiccleaningwestpalmbeach.com,southern_septic@yahoo.com,,Riviera Beach FL,plumber,gmaps
southeasternleak.com,https://southeasternleak.com,southeasternleak.com,info@southeasternleak.com,,Riviera Beach FL,plumber,gmaps
agrusaandsons.com,https://agrusaandsons.com,agrusaandsons.com,contact@agrusaandsons.com,,Riviera Beach FL,plumber,gmaps
goodboyfl.com,https://goodboyfl.com,goodboyfl.com,info@goodboyfl.com,,Royal Palm Beach FL,plumber,gmaps
pipelt.com,https://pipelt.com,pipelt.com,info@pipelt.com,,Royal Palm Beach FL,plumber,gmaps
plumbtasticplumbing.com,https://plumbtasticplumbing.com,plumbtasticplumbing.com,info@plumbtasticplumbing.com,,Royal Palm Beach FL,plumber,gmaps
americanrescue.plumbing,https://americanrescue.plumbing,americanrescue.plumbing,americanrescueplumbing@gmail.com,,Royal Palm Beach FL,plumber,gmaps
sturdyplumbers.com,https://sturdyplumbers.com,sturdyplumbers.com,eben@eyebytes.com,,Royal Palm Beach FL,plumber,gmaps
maindrainplumbing.com,https://maindrainplumbing.com,maindrainplumbing.com,maindrainplumbing@gmail.com,,Royal Palm Beach FL,plumber,gmaps
valentinbuilders.com,https://valentinbuilders.com,valentinbuilders.com,info@valentinbuilders.com,,Royal Palm Beach FL,plumber,gmaps
brightsideplumbinggas.com,https://brightsideplumbinggas.com,brightsideplumbinggas.com,brightsidesfl@gmail.com,,Royal Palm Beach FL,plumber,gmaps
blackbeltsystemsco.com,https://blackbeltsystemsco.com,blackbeltsystemsco.com,blackbeltsystemsco@gmail.com,,Royal Palm Beach FL,plumber,gmaps
arsonsplumbingsolutions.com,https://arsonsplumbingsolutions.com,arsonsplumbingsolutions.com,arsen@arsonsplumbingsolutions.com,,Sea Ranch Lakes FL,plumber,gmaps
plumbersofbroward.com,https://plumbersofbroward.com,plumbersofbroward.com,plumbersofbroward@gmail.com,,Sea Ranch Lakes FL,plumber,gmaps
innovativeplumbingeveryday.com,https://innovativeplumbingeveryday.com,innovativeplumbingeveryday.com,ipedllc@yahoo.com,,Sea Ranch Lakes FL,plumber,gmaps
barrettplumbingandsepticllc.com,https://barrettplumbingandsepticllc.com,barrettplumbingandsepticllc.com,info@mysite.com,,Sea Ranch Lakes FL,plumber,gmaps
homerehabrenovation.com,https://homerehabrenovation.com,homerehabrenovation.com,info@homerehabrenovation.com,,Sea Ranch Lakes FL,plumber,gmaps
tebbeplumbingfl.com,https://tebbeplumbingfl.com,tebbeplumbingfl.com,tebbeplumbing@att.net,,Southwest Ranches FL,plumber,gmaps
repipesonly.com,https://repipesonly.com,repipesonly.com,info@repipesonly.com,,Southwest Ranches FL,plumber,gmaps
speedypiperunderground.com,https://speedypiperunderground.com,speedypiperunderground.com,jordan@speedypiperunderground.com,,Southwest Ranches FL,plumber,gmaps
sofloseptic.com,https://sofloseptic.com,sofloseptic.com,info@sofloseptic.com,,Southwest Ranches FL,plumber,gmaps
rightservicehvac.com,https://rightservicehvac.com,rightservicehvac.com,support@therightservicefl.com,,Sunny Isles Beach FL,plumber,gmaps
miamitile.com,https://miamitile.com,miamitile.com,elek@mtconstruction.group,,Sunny Isles Beach FL,plumber,gmaps
sunriseflplumber.com,https://sunriseflplumber.com,sunriseflplumber.com,californiacityplumbing@gmail.com,,Sunrise FL,plumber,gmaps
quickresponsewaterdamagerestoration.com,https://quickresponsewaterdamagerestoration.com,quickresponsewaterdamagerestoration.com,info@quickresponsewaterdamagerestoration.com,,Surfside FL,plumber,gmaps
bathroommechanics.com,https://bathroommechanics.com,bathroommechanics.com,info@bathroommechanics.com,,Surfside FL,plumber,gmaps
concepthausdesign.com,https://concepthausdesign.com,concepthausdesign.com,alex@concepthausdesign.com,,Surfside FL,plumber,gmaps
mdqservices.com,https://mdqservices.com,mdqservices.com,info@mdqservices.com,,Surfside FL,plumber,gmaps
tileinstallersmiami.com,https://tileinstallersmiami.com,tileinstallersmiami.com,d4uleadgen@gmail.com,,Surfside FL,plumber,gmaps
ars.com,https://ars.com,ars.com,customercaremail@ars.com,,Sweetwater FL,plumber,gmaps
truepassionplumbingservices.godaddysites.com,https://truepassionplumbingservices.godaddysites.com,truepassionplumbingservices.godaddysites.com,truepassionplumbing@outlook.com,,Sweetwater FL,plumber,gmaps
invertechsolutions.com,https://invertechsolutions.com,invertechsolutions.com,info@invertechsolutions.com,,Sweetwater FL,plumber,gmaps
doralprodraincleaners.com,https://doralprodraincleaners.com,doralprodraincleaners.com,office@doralprodraincleaners.com,,Sweetwater FL,plumber,gmaps
airconditioning-tamarac.com,https://airconditioning-tamarac.com,airconditioning-tamarac.com,sales@airconditioning-tamarac.com,,Tamarac FL,plumber,gmaps
wrnash.com,https://wrnash.com,wrnash.com,info@wrnash.com,,Tamarac FL,plumber,gmaps
rampremierservices.com,https://rampremierservices.com,rampremierservices.com,rampremierservices@gmail.com,,Tamiami FL,plumber,gmaps
callmphomeservices.com,https://callmphomeservices.com,callmphomeservices.com,mphomeservicesusa@gmail.com,,The Hammocks FL,plumber,gmaps
mkcsouthflorida.com,https://mkcsouthflorida.com,mkcsouthflorida.com,mkcsouthflorida@gmail.com,,The Hammocks FL,plumber,gmaps
ruanogs.square.site,https://ruanogs.square.site,ruanogs.square.site,r.ruanogeneraleservies@gmail.com,,The Hammocks FL,plumber,gmaps
romayplumbing.com,https://romayplumbing.com,romayplumbing.com,info@romayplumbing.com,,The Hammocks FL,plumber,gmaps
duradrainsewer.com,https://duradrainsewer.com,duradrainsewer.com,info@duradrainsewer.com,,Wellington FL,plumber,gmaps
shalomplumbing.com,https://shalomplumbing.com,shalomplumbing.com,shalomplumbingllc@gmail.com,,Wellington FL,plumber,gmaps
kcplumbinginc.com,https://kcplumbinginc.com,kcplumbinginc.com,kcplumbing561@gmail.com,,Wellington FL,plumber,gmaps
thewellingtonhandyman.com,https://thewellingtonhandyman.com,thewellingtonhandyman.com,eben@eyebytes.com,,Wellington FL,plumber,gmaps
ipremier.tech,https://ipremier.tech,ipremier.tech,premiersmart777@icloud.com,,Wellington FL,plumber,gmaps
lionplumbingmed.com,https://lionplumbingmed.com,lionplumbingmed.com,info@lionplumbingmed.com,,Wellington FL,plumber,gmaps
jagplumbinginc.com,https://jagplumbinginc.com,jagplumbinginc.com,officejagplumbing@gmail.com,,Wellington FL,plumber,gmaps
united89services.com,https://united89services.com,united89services.com,,,West Miami FL,plumber,gmaps
felixferaplumbing.com,https://felixferaplumbing.com,felixferaplumbing.com,info@plumbingsm.com,,West Park FL,plumber,gmaps
jwpfla.com,https://jwpfla.com,jwpfla.com,impallari@gmail.com,,West Park FL,plumber,gmaps
goodairinc.net,https://goodairinc.net,goodairinc.net,info@goodairinc.com,,West Park FL,plumber,gmaps
alliedkitchenandbath.com,https://alliedkitchenandbath.com,alliedkitchenandbath.com,info@alliedkitchenandbath.com,,Wilton Manors FL,plumber,gmaps
sophisticatedhardware.com,https://sophisticatedhardware.com,sophisticatedhardware.com,ayengle1@bellsouth.net,,Wilton Manors FL,plumber,gmaps
5starplumbingtechnicians.com,https://5starplumbingtechnicians.com,5starplumbingtechnicians.com,info@5starplumbingtechnicians.com,,Wilton Manors FL,plumber,gmaps
floridagreenbuilderfl.com,https://floridagreenbuilderfl.com,floridagreenbuilderfl.com,info@floridagreenbuilderfl.com,,Wilton Manors FL,plumber,gmaps
hvacservicesflorida.com,https://hvacservicesflorida.com,hvacservicesflorida.com,info@hvacservicesflorida.com,,Aventura FL,hvac contractor,gmaps
coolingacservice.com,https://coolingacservice.com,coolingacservice.com,coolingacservicellc@gmail.com,,Aventura FL,hvac contractor,gmaps
cool-comfort-service.com,https://cool-comfort-service.com,cool-comfort-service.com,coolcomfortservice24@gmail.com,,Aventura FL,hvac contractor,gmaps
acrepairandheatingfl.com,https://acrepairandheatingfl.com,acrepairandheatingfl.com,info@acrepairandheatingfl.com,,Aventura FL,hvac contractor,gmaps
ducktpros.com,https://ducktpros.com,ducktpros.com,info@ducktpros.com,,Aventura FL,hvac contractor,gmaps
ushomecleaningservicesllc.com,https://ushomecleaningservicesllc.com,ushomecleaningservicesllc.com,ushomecleaningservicesllc@gmail.com,,Aventura FL,hvac contractor,gmaps
cbeairservices.com,https://cbeairservices.com,cbeairservices.com,cbeairservices@gmail.com,,Aventura FL,hvac contractor,gmaps
allabout-air.com,https://allabout-air.com,allabout-air.com,sales@allabout-air.com,,Aventura FL,hvac contractor,gmaps
airoserviceusa.com,https://airoserviceusa.com,airoserviceusa.com,info@airoserviceusa.com,,Aventura FL,hvac contractor,gmaps
acmiamirepair.com,https://acmiamirepair.com,acmiamirepair.com,edairsupply@gmail.com,,Aventura FL,hvac contractor,gmaps
expertsacrepairsaventurapros.com,https://expertsacrepairsaventurapros.com,expertsacrepairsaventurapros.com,info@expertsacrepairsaventurapros.com,,Aventura FL,hvac contractor,gmaps
shineacrepair.com,https://shineacrepair.com,shineacrepair.com,info@shineacrepair.com,,Aventura FL,hvac contractor,gmaps
avabhservices.com,https://avabhservices.com,avabhservices.com,bh@aviabuhasira.info,,Aventura FL,hvac contractor,gmaps
mustairusa.com,https://mustairusa.com,mustairusa.com,roi@mustairusa.com,,Aventura FL,hvac contractor,gmaps
airvantage.pro,https://airvantage.pro,airvantage.pro,info@airvantage.pro,,Aventura FL,hvac contractor,gmaps
serviceprosofamerica.com,https://serviceprosofamerica.com,serviceprosofamerica.com,serviceprosofamerica@gmail.com,,Aventura FL,hvac contractor,gmaps
homevanafl.com,https://homevanafl.com,homevanafl.com,eithan@homevanafl.com,,Aventura FL,hvac contractor,gmaps
airconditioningrepairmiami.pro,https://airconditioningrepairmiami.pro,airconditioningrepairmiami.pro,info@airconditioningrepairmiami.pro,,Aventura FL,hvac contractor,gmaps
purifyairductcleaning.com,https://purifyairductcleaning.com,purifyairductcleaning.com,office@purifyairductcleaning.com,,Aventura FL,hvac contractor,gmaps
aclasscooling.com,https://aclasscooling.com,aclasscooling.com,aclasscooling@yahoo.com,,Aventura FL,hvac contractor,gmaps
arcticbreezehvacfl.com,https://arcticbreezehvacfl.com,arcticbreezehvacfl.com,arcticbreezehvacservices@gmail.com,,Aventura FL,hvac contractor,gmaps
frozenhvac.com,https://frozenhvac.com,frozenhvac.com,info@frozenhvac.com,,Aventura FL,hvac contractor,gmaps
unithvacsolutions.com,https://unithvacsolutions.com,unithvacsolutions.com,info@unithvacsolutions.com,,Aventura FL,hvac contractor,gmaps
hvacbros.net,https://hvacbros.net,hvacbros.net,info@hvacbros.net,,Aventura FL,hvac contractor,gmaps
sunshineairfl.com,https://sunshineairfl.com,sunshineairfl.com,info@sunshineairfl.com,,Aventura FL,hvac contractor,gmaps
acrepairbalharbour.pro,https://acrepairbalharbour.pro,acrepairbalharbour.pro,info@acrepairbalharbour.pro,,Bal Harbour FL,hvac contractor,gmaps
iconmultiservices.com,https://iconmultiservices.com,iconmultiservices.com,sales@iconmultiservices.com,,Bal Harbour FL,hvac contractor,gmaps
shoresair.com,https://shoresair.com,shoresair.com,info@shoresair.com,,Bay Harbor Islands FL,hvac contractor,gmaps
theductclinic.com,https://theductclinic.com,theductclinic.com,sales@theductclinic.com,,Bay Harbor Islands FL,hvac contractor,gmaps
premier-air.com,https://premier-air.com,premier-air.com,sales@premier-air.com,,Bay Harbor Islands FL,hvac contractor,gmaps
rainbowac.com,https://rainbowac.com,rainbowac.com,service@rainbowac.com,,Bay Harbor Islands FL,hvac contractor,gmaps
floridaairandheat.com,https://floridaairandheat.com,floridaairandheat.com,mike@strategicwebdesigns.com,,Bay Harbor Islands FL,hvac contractor,gmaps
mechcoldacrepairs.com,https://mechcoldacrepairs.com,mechcoldacrepairs.com,info@mechcoldacrepairs.com,,Biscayne Park FL,hvac contractor,gmaps
vayosystems.com,https://vayosystems.com,vayosystems.com,info@vayosystems.com,,Biscayne Park FL,hvac contractor,gmaps
floridahvacspecialists.com,https://floridahvacspecialists.com,floridahvacspecialists.com,contact@floridahvacspecialists.com,,Biscayne Park FL,hvac contractor,gmaps
hvacprosairconditioning.com,https://hvacprosairconditioning.com,hvacprosairconditioning.com,info@hvacprosairconditioning.com,,Biscayne Park FL,hvac contractor,gmaps
innovationhomeservices.org,https://innovationhomeservices.org,innovationhomeservices.org,admin@innovationenergyservices.com,,Biscayne Park FL,hvac contractor,gmaps
katodicallc.net,https://katodicallc.net,katodicallc.net,info@katodicallc.net,,Biscayne Park FL,hvac contractor,gmaps
palmairac.com,https://palmairac.com,palmairac.com,info@palmairac.com,,Boca Raton FL,hvac contractor,gmaps
americanacco.com,https://americanacco.com,americanacco.com,americanacco@aol.com,,Boca Raton FL,hvac contractor,gmaps
myacxperts.com,https://myacxperts.com,myacxperts.com,acxpertsfl@gmail.com,,Boca Raton FL,hvac contractor,gmaps
southfloridaair.com,https://southfloridaair.com,southfloridaair.com,sales@southfloridaair.com,,Boca Raton FL,hvac contractor,gmaps
airboca.com,https://airboca.com,airboca.com,info@aztilac.com,,Boca Raton FL,hvac contractor,gmaps
mrac.services,https://mrac.services,mrac.services,mrac@bellsouth.net,,Boca Raton FL,hvac contractor,gmaps
accoolair.com,https://accoolair.com,accoolair.com,info@accoolair.com,,Boca Raton FL,hvac contractor,gmaps
primeairfl.com,https://primeairfl.com,primeairfl.com,info@primeairfl.com,,Boca Raton FL,hvac contractor,gmaps
trustallpro.com,https://trustallpro.com,trustallpro.com,bill@trustallpro.com,,Boca Raton FL,hvac contractor,gmaps
jvac.me,https://jvac.me,jvac.me,jeremiah@jvac.me,,Boca Raton FL,hvac contractor,gmaps
eastcoastservicesinc.net,https://eastcoastservicesinc.net,eastcoastservicesinc.net,info@eastcoastservices.net,,Boca Raton FL,hvac contractor,gmaps
superiorairboca.com,https://superiorairboca.com,superiorairboca.com,superiorairinc@bellsouth.net,,Boca Raton FL,hvac contractor,gmaps
servtechairconditioning.com,https://servtechairconditioning.com,servtechairconditioning.com,servicestechac@gmail.com,,Boca Raton FL,hvac contractor,gmaps
airbulance.net,https://airbulance.net,airbulance.net,sales@airbulance.net,,Boca Raton FL,hvac contractor,gmaps
chiefhvacrepair.com,https://chiefhvacrepair.com,chiefhvacrepair.com,help@chiefhvac.com,,Boca Raton FL,hvac contractor,gmaps
mamasboyair.com,https://mamasboyair.com,mamasboyair.com,mamasboyair@gmail.com,,Boca Raton FL,hvac contractor,gmaps
gregsairsolutionsac.com,https://gregsairsolutionsac.com,gregsairsolutionsac.com,gregsairsolutions@gmail.com,,Boca Raton FL,hvac contractor,gmaps
primeac1.com,https://primeac1.com,primeac1.com,gerald@primeac1.com,,Boca Raton FL,hvac contractor,gmaps
jnhcoolingservices.com,https://jnhcoolingservices.com,jnhcoolingservices.com,jnhcoolingservices@gmail.com,,Boca Raton FL,hvac contractor,gmaps
directcoolingfl.com,https://directcoolingfl.com,directcoolingfl.com,office@directcoolingfl.com,,Boca Raton FL,hvac contractor,gmaps
americanacpros.com,https://americanacpros.com,americanacpros.com,stern88@yahoo.com,,Boca Raton FL,hvac contractor,gmaps
blizzardcoreacrepair.com,https://blizzardcoreacrepair.com,blizzardcoreacrepair.com,info@blizzardcoreacrepair.com,,Boca Raton FL,hvac contractor,gmaps
samsacfl.com,https://samsacfl.com,samsacfl.com,info@samsacfl.com,,Boca Raton FL,hvac contractor,gmaps
expressairconditioning.com,https://expressairconditioning.com,expressairconditioning.com,expressacfl@gmail.com,,Boca Raton FL,hvac contractor,gmaps
prokoolairconditionerrepair.com,https://prokoolairconditionerrepair.com,prokoolairconditionerrepair.com,info@prokoolairconditionerrepair.com,,Boca Raton FL,hvac contractor,gmaps
boca.repair,https://boca.repair,boca.repair,info@fusion.repair,,Boca Raton FL,hvac contractor,gmaps
steelehvacllc.com,https://steelehvacllc.com,steelehvacllc.com,steelehvacllc@gmail.com,,Boca Raton FL,hvac contractor,gmaps
reliableacservices.com,https://reliableacservices.com,reliableacservices.com,info@reliableacservices.com,,Boca Raton FL,hvac contractor,gmaps
pureflowairduct.cloud,https://pureflowairduct.cloud,pureflowairduct.cloud,yurem@pureflowairduct.cloud,,Boca Raton FL,hvac contractor,gmaps
alltimeairconditioning.com,https://alltimeairconditioning.com,alltimeairconditioning.com,alltimeairconditioning@gmail.com,,Boynton Beach FL,hvac contractor,gmaps
coolairservices.com,https://coolairservices.com,coolairservices.com,coolairservices1@aol.com,,Boynton Beach FL,hvac contractor,gmaps
oceanairtoday.com,https://oceanairtoday.com,oceanairtoday.com,oceanairtoday@gmail.com,,Boynton Beach FL,hvac contractor,gmaps
puretekair.com,https://puretekair.com,puretekair.com,info@puretekair.com,,Boynton Beach FL,hvac contractor,gmaps
delraybeachcoastalcomfortair.com,https://delraybeachcoastalcomfortair.com,delraybeachcoastalcomfortair.com,info@delraybeachcoastalcomfortair.com,,Boynton Beach FL,hvac contractor,gmaps
airref.com,https://airref.com,airref.com,info@airref.com,,Boynton Beach FL,hvac contractor,gmaps
oceanairofboyntonbeach.com,https://oceanairofboyntonbeach.com,oceanairofboyntonbeach.com,oceanairofboyntonbeach@gmail.com,,Boynton Beach FL,hvac contractor,gmaps
floridacool.com,https://floridacool.com,floridacool.com,info@floridacool.com,,Boynton Beach FL,hvac contractor,gmaps
floridacoolinggroup.com,https://floridacoolinggroup.com,floridacoolinggroup.com,service@floridacoolinggroup.com,,Boynton Beach FL,hvac contractor,gmaps
a2zairinc.com,https://a2zairinc.com,a2zairinc.com,ed@a2zairinc.com,,Boynton Beach FL,hvac contractor,gmaps
palmscountyac.com,https://palmscountyac.com,palmscountyac.com,mike@palmscountyac.com,,Boynton Beach FL,hvac contractor,gmaps
royalhvacllc.com,https://royalhvacllc.com,royalhvacllc.com,rhvacllc@gmail.com,,Boynton Beach FL,hvac contractor,gmaps
getcoolfast.com,https://getcoolfast.com,getcoolfast.com,bob@alliedsvco.com,,Boynton Beach FL,hvac contractor,gmaps
coldchillinairconditioning.com,https://coldchillinairconditioning.com,coldchillinairconditioning.com,jaredwashkau@coldchillinairconditioning.com,,Boynton Beach FL,hvac contractor,gmaps
mechanicalairfl.com,https://mechanicalairfl.com,mechanicalairfl.com,info@mechanicalairdesigninc.com,,Boynton Beach FL,hvac contractor,gmaps
sdairsolutions.com,https://sdairsolutions.com,sdairsolutions.com,info@sdairsolutions.com,,Boynton Beach FL,hvac contractor,gmaps
arwilliamsac.com,https://arwilliamsac.com,arwilliamsac.com,info@arwilliamsac.com,,Boynton Beach FL,hvac contractor,gmaps
cleanqualityair.com,https://cleanqualityair.com,cleanqualityair.com,jeff@cleanqualityair.com,,Boynton Beach FL,hvac contractor,gmaps
sacairfl.com,https://sacairfl.com,sacairfl.com,silverescalante@sacairconditioning.net,,Boynton Beach FL,hvac contractor,gmaps
marine1ac.com,https://marine1ac.com,marine1ac.com,dave@marine1ac.com,,Boynton Beach FL,hvac contractor,gmaps
frostlineacrepairs.com,https://frostlineacrepairs.com,frostlineacrepairs.com,frostlineacrepair@gmail.com,,Boynton Beach FL,hvac contractor,gmaps
boyntonbeachcoastalair.com,https://boyntonbeachcoastalair.com,boyntonbeachcoastalair.com,info@boyntonbeachcoastalair.com,,Boynton Beach FL,hvac contractor,gmaps
gemaire.com,https://gemaire.com,gemaire.com,chartzell@gemaire.com,,Boynton Beach FL,hvac contractor,gmaps
wilsonsacservice.com,https://wilsonsacservice.com,wilsonsacservice.com,mike@wilsonsacservice.com,,Boynton Beach FL,hvac contractor,gmaps
a-ctemp.com,https://a-ctemp.com,a-ctemp.com,leighton@a-ctemp.com,,Boynton Beach FL,hvac contractor,gmaps
superb-family-air.com,https://superb-family-air.com,superb-family-air.com,superbair@yahoo.com,,Boynton Beach FL,hvac contractor,gmaps
missionair.pro,https://missionair.pro,missionair.pro,info@missionair.pro,,Boynton Beach FL,hvac contractor,gmaps
danolsonac.com,https://danolsonac.com,danolsonac.com,danolsonac@gmail.com,,Boynton Beach FL,hvac contractor,gmaps
ojacllc.com,https://ojacllc.com,ojacllc.com,,,Boynton Beach FL,hvac contractor,gmaps
glacialmechanical.com,https://glacialmechanical.com,glacialmechanical.com,glacialmechanical@gmail.com,,Boynton Beach FL,hvac contractor,gmaps
folsomair.com,https://folsomair.com,folsomair.com,customerservice@folsomair.com,,Boynton Beach FL,hvac contractor,gmaps
oldschoolcooling.com,https://oldschoolcooling.com,oldschoolcooling.com,sales@oldschoolcooling.com,,Boynton Beach FL,hvac contractor,gmaps
techair-hvac.com,https://techair-hvac.com,techair-hvac.com,techairhvacfl@gmail.com,,Coconut Creek FL,hvac contractor,gmaps
suncoastaireng.com,https://suncoastaireng.com,suncoastaireng.com,suncoastleads@contractor.services,,Coconut Creek FL,hvac contractor,gmaps
vitalacsolutions.com,https://vitalacsolutions.com,vitalacsolutions.com,info@vitalacsolutions.com,,Coconut Creek FL,hvac contractor,gmaps
dacoolingteam.com,https://dacoolingteam.com,dacoolingteam.com,customerservice@dacoolingteam.com,,Coconut Creek FL,hvac contractor,gmaps
glacialairservices.com,https://glacialairservices.com,glacialairservices.com,info@glacialairservices.com,,Coconut Creek FL,hvac contractor,gmaps
staycoolinflorida.com,https://staycoolinflorida.com,staycoolinflorida.com,support@staycooltoday.com,,Coconut Creek FL,hvac contractor,gmaps
airnifty.com,https://airnifty.com,airnifty.com,hello@airnifty.com,,Coconut Creek FL,hvac contractor,gmaps
floridapowercomfort.com,https://floridapowercomfort.com,floridapowercomfort.com,info@floridapowercomfort.com,,Coconut Creek FL,hvac contractor,gmaps
redzerservice.com,https://redzerservice.com,redzerservice.com,redzerservicesllc@gmail.com,,Coconut Creek FL,hvac contractor,gmaps
beattheheatcorp.com,https://beattheheatcorp.com,beattheheatcorp.com,info@beattheheatcorp.com,,Coconut Creek FL,hvac contractor,gmaps
hillsborohvac.net,https://hillsborohvac.net,hillsborohvac.net,info@hillsborohvac.net,,Coconut Creek FL,hvac contractor,gmaps
irvingtheacman.com,https://irvingtheacman.com,irvingtheacman.com,irvingtheacman@gmail.com,,Coconut Creek FL,hvac contractor,gmaps
eldantehvacservices.net,https://eldantehvacservices.net,eldantehvacservices.net,theresa@eldantehvacservices.net,,Coconut Creek FL,hvac contractor,gmaps
refrigerationx-perts.com,https://refrigerationx-perts.com,refrigerationx-perts.com,info@refrigerationx-perts.com,,Coconut Creek FL,hvac contractor,gmaps
5starscooling.com,https://5starscooling.com,5starscooling.com,thefivestarscoolingcorp@gmail.com,,Coconut Creek FL,hvac contractor,gmaps
ac-florida.com,https://ac-florida.com,ac-florida.com,info@ac-florida.com,,Coconut Creek FL,hvac contractor,gmaps
mechanicalcoolingac.com,https://mechanicalcoolingac.com,mechanicalcoolingac.com,,,Coconut Creek FL,hvac contractor,gmaps
acexpert.net,https://acexpert.net,acexpert.net,support@acexpert.net,,Coconut Creek FL,hvac contractor,gmaps
bartonhvacservices.com,https://bartonhvacservices.com,bartonhvacservices.com,info@bartonhvacservices.com,,Coconut Creek FL,hvac contractor,gmaps
snellac.com,https://snellac.com,snellac.com,john@snellac.com,,Coconut Creek FL,hvac contractor,gmaps
nicksoasis.com,https://nicksoasis.com,nicksoasis.com,nicksoasis20@gmail.com,,Coconut Creek FL,hvac contractor,gmaps
promechservices.com,https://promechservices.com,promechservices.com,info@promechservices.com,,Coconut Creek FL,hvac contractor,gmaps
usafirstac.com,https://usafirstac.com,usafirstac.com,info@usafirstac.com,,Coconut Creek FL,hvac contractor,gmaps
coolsolutionsrefrigeration.com,https://coolsolutionsrefrigeration.com,coolsolutionsrefrigeration.com,office@coolsolutionsrefrigeration.com,,Coconut Creek FL,hvac contractor,gmaps
beecoolair.com,https://beecoolair.com,beecoolair.com,nick@beecoolair.com,,Coconut Creek FL,hvac contractor,gmaps
signatureacllc.com,https://signatureacllc.com,signatureacllc.com,signatureac26@gmail.com,,Coconut Creek FL,hvac contractor,gmaps
koollegacy.com,https://koollegacy.com,koollegacy.com,koollegacy@outlook.com,,Coconut Creek FL,hvac contractor,gmaps
fmbsac.com,https://fmbsac.com,fmbsac.com,admin@fmbsac.com,,Coconut Creek FL,hvac contractor,gmaps
dontsweatbluediamond.com,https://dontsweatbluediamond.com,dontsweatbluediamond.com,dontsweatcorp@gmail.com,,Coconut Creek FL,hvac contractor,gmaps
amhvacsolutions.com,https://amhvacsolutions.com,amhvacsolutions.com,wweeiihhuuaanngg@gmail.com,,Coconut Creek FL,hvac contractor,gmaps
heattransferac.com,https://heattransferac.com,heattransferac.com,heattransferac@gmail.com,,Coconut Creek FL,hvac contractor,gmaps
topnotch-acservices.com,https://topnotch-acservices.com,topnotch-acservices.com,info@topnotch-acservices.com,,Coconut Creek FL,hvac contractor,gmaps
helenaac.com,https://helenaac.com,helenaac.com,helenaairconditioning@gmail.com,,Coconut Creek FL,hvac contractor,gmaps
snowflakesac.com,https://snowflakesac.com,snowflakesac.com,info@snowflakesac.com,,Coconut Creek FL,hvac contractor,gmaps
worldairhvac.com,https://worldairhvac.com,worldairhvac.com,support@worldairhvac.com,,Coconut Creek FL,hvac contractor,gmaps
instantcoolingbroward.com,https://instantcoolingbroward.com,instantcoolingbroward.com,instantcooling@yahoo.com,,Coconut Creek FL,hvac contractor,gmaps
impressiveairac.com,https://impressiveairac.com,impressiveairac.com,info@impressiveairac.com,,Coconut Creek FL,hvac contractor,gmaps
bestpriceminisplitsmiami.com,https://bestpriceminisplitsmiami.com,bestpriceminisplitsmiami.com,minisplitsmiami1@gmail.com,,Coconut Grove FL,hvac contractor,gmaps
ventrocoolacrepairs.com,https://ventrocoolacrepairs.com,ventrocoolacrepairs.com,info@ventrocoolacrepairs.com,,Coconut Grove FL,hvac contractor,gmaps
acrepaircoralgables.pro,https://acrepaircoralgables.pro,acrepaircoralgables.pro,info@acrepaircoralgables.pro,,Coconut Grove FL,hvac contractor,gmaps
coolbreezeacrepairs.com,https://coolbreezeacrepairs.com,coolbreezeacrepairs.com,info@coolbreezeacrepairs.com,,Coconut Grove FL,hvac contractor,gmaps
csr-mechanical.com,https://csr-mechanical.com,csr-mechanical.com,csr.airconditioning@gmail.com,,Coconut Grove FL,hvac contractor,gmaps
progroupacrepair.com,https://progroupacrepair.com,progroupacrepair.com,info@progroupacrepair.com,,Coconut Grove FL,hvac contractor,gmaps
hvacloyalty.com,https://hvacloyalty.com,hvacloyalty.com,info@hvacloyalty.com,,Cooper City FL,hvac contractor,gmaps
cusanoairconditioning.com,https://cusanoairconditioning.com,cusanoairconditioning.com,cusanoair@yahoo.com,,Cooper City FL,hvac contractor,gmaps
cityacs.com,https://cityacs.com,cityacs.com,office@cityacs.com,,Cooper City FL,hvac contractor,gmaps
jracsolutions.com,https://jracsolutions.com,jracsolutions.com,jrairsolutions@gmail.com,,Cooper City FL,hvac contractor,gmaps
instanthvacinc.com,https://instanthvacinc.com,instanthvacinc.com,instanthvacflorida@gmail.com,,Cooper City FL,hvac contractor,gmaps
accollc.com,https://accollc.com,accollc.com,accoflorida@gmail.com,,Cooper City FL,hvac contractor,gmaps
bigtimeairconditioning.com,https://bigtimeairconditioning.com,bigtimeairconditioning.com,bigtimeair.hvac@gmail.com,,Cooper City FL,hvac contractor,gmaps
cooltechairllc.com,https://cooltechairllc.com,cooltechairllc.com,cooltechairllc@yahoo.com,,Cooper City FL,hvac contractor,gmaps
khoolexac.com,https://khoolexac.com,khoolexac.com,khoolex4vendors@gmail.com,,Cooper City FL,hvac contractor,gmaps
koolflowair.com,https://koolflowair.com,koolflowair.com,service@koolflowair.com,,Cooper City FL,hvac contractor,gmaps
amiair.com,https://amiair.com,amiair.com,info@amiair.com,,Cooper City FL,hvac contractor,gmaps
signatureairusa.com,https://signatureairusa.com,signatureairusa.com,jcmcoldair@aol.com,,Cooper City FL,hvac contractor,gmaps
drairductservice.com,https://drairductservice.com,drairductservice.com,info@drairductservice.com,,Cooper City FL,hvac contractor,gmaps
coastalhvacacrepair.com,https://coastalhvacacrepair.com,coastalhvacacrepair.com,info@coastalhvacacrepair.com,,Cooper City FL,hvac contractor,gmaps
vsfloridaair.com,https://vsfloridaair.com,vsfloridaair.com,micah@micahrich.com,,Cooper City FL,hvac contractor,gmaps
ronairhvac.com,https://ronairhvac.com,ronairhvac.com,ronair.hvacpro@gmail.com,,Cooper City FL,hvac contractor,gmaps
sensible-cooling.com,https://sensible-cooling.com,sensible-cooling.com,framerbite@gmail.com,,Cooper City FL,hvac contractor,gmaps
oncair.com,https://oncair.com,oncair.com,info@oncair.com,,Cooper City FL,hvac contractor,gmaps
qualityairexpress.com,https://qualityairexpress.com,qualityairexpress.com,goqualityairexpress@gmail.com,,Cooper City FL,hvac contractor,gmaps
airconditioninghelp.com,https://airconditioninghelp.com,airconditioninghelp.com,d.martinezservicesac@gmail.com,,Cooper City FL,hvac contractor,gmaps
sunnysideac.com,https://sunnysideac.com,sunnysideac.com,support@sunnyside247ac.com,,Cooper City FL,hvac contractor,gmaps
thermalacsystems.com,https://thermalacsystems.com,thermalacsystems.com,thermalac@thermalacsystems.com,,Cooper City FL,hvac contractor,gmaps
ductandacmastersllc.com,https://ductandacmastersllc.com,ductandacmastersllc.com,ductandacmasters@gmail.com,,Cooper City FL,hvac contractor,gmaps
theacductologist.com,https://theacductologist.com,theacductologist.com,bids@ductologist.com,,Cooper City FL,hvac contractor,gmaps
trueairsolution.com,https://trueairsolution.com,trueairsolution.com,info@trueairsolution.com,,Cooper City FL,hvac contractor,gmaps
pegasushvaccorp.com,https://pegasushvaccorp.com,pegasushvaccorp.com,office@pegasushvaccorp.com,,Cooper City FL,hvac contractor,gmaps
skytempairconditioningrepair.com,https://skytempairconditioningrepair.com,skytempairconditioningrepair.com,info@skytempairconditioningrepair.com,,Cooper City FL,hvac contractor,gmaps
flexchill.com,https://flexchill.com,flexchill.com,info@flexchill.com,,Coral Gables FL,hvac contractor,gmaps
abhcooling.com,https://abhcooling.com,abhcooling.com,info@abhcooling.com,,Coral Gables FL,hvac contractor,gmaps
fixmyacflorida.com,https://fixmyacflorida.com,fixmyacflorida.com,jrhgeneral@gmail.com,,Coral Gables FL,hvac contractor,gmaps
coolheatairconditioningfl.com,https://coolheatairconditioningfl.com,coolheatairconditioningfl.com,airconditioningcoolheat@gmail.com,,Coral Gables FL,hvac contractor,gmaps
briskaircool.com,https://briskaircool.com,briskaircool.com,office@briskaircool.com,,Coral Springs FL,hvac contractor,gmaps
bluemountainaire.com,https://bluemountainaire.com,bluemountainaire.com,bluemountainacllc@gmail.com,,Coral Springs FL,hvac contractor,gmaps
southfloridahomeac.com,https://southfloridahomeac.com,southfloridahomeac.com,support@x3mhvac.com,,Coral Springs FL,hvac contractor,gmaps
bensonacrepair.com,https://bensonacrepair.com,bensonacrepair.com,info@bensonacrepair.com,,Coral Springs FL,hvac contractor,gmaps
coolmaxairllc.com,https://coolmaxairllc.com,coolmaxairllc.com,sales@coolmaxairllc.com,,Coral Springs FL,hvac contractor,gmaps
thebestairconditioning.com,https://thebestairconditioning.com,thebestairconditioning.com,bestair.office@gmail.com,,Coral Springs FL,hvac contractor,gmaps
lsairconditioninginc.com,https://lsairconditioninginc.com,lsairconditioninginc.com,info@lsair.co,,Coral Springs FL,hvac contractor,gmaps
alphabreezy.com,https://alphabreezy.com,alphabreezy.com,,,Coral Springs FL,hvac contractor,gmaps
hvactroopers.com,https://hvactroopers.com,hvactroopers.com,hvactroopers@gmail.com,,Coral Springs FL,hvac contractor,gmaps
rapidcoolac.com,https://rapidcoolac.com,rapidcoolac.com,rapidcoolacrepair@gmail.com,,Coral Springs FL,hvac contractor,gmaps
allinoneac.com,https://allinoneac.com,allinoneac.com,support@allinoneac.com,,Coral Springs FL,hvac contractor,gmaps
mjscoolingservices.com,https://mjscoolingservices.com,mjscoolingservices.com,mjscoolingservices@gmail.com,,Coral Springs FL,hvac contractor,gmaps
polarplusacrepaircoralsprings.pro,https://polarplusacrepaircoralsprings.pro,polarplusacrepaircoralsprings.pro,info@polarplusacrepaircoralsprings.pro,,Coral Springs FL,hvac contractor,gmaps
atlanticairsolutionsinc.com,https://atlanticairsolutionsinc.com,atlanticairsolutionsinc.com,atlanticair68@gmail.com,,Coral Springs FL,hvac contractor,gmaps
likirhvacsolutionscoralsprings.online,https://likirhvacsolutionscoralsprings.online,likirhvacsolutionscoralsprings.online,info@likirhvacsolutionscoralsprings.online,,Coral Springs FL,hvac contractor,gmaps
creatorsnetwork.store,https://creatorsnetwork.store,creatorsnetwork.store,help@creatorsnetwork.store,,Coral Springs FL,hvac contractor,gmaps
1stclasscommercialservices.com,https://1stclasscommercialservices.com,1stclasscommercialservices.com,support@1stclasscommercialservices.com,,Coral Springs FL,hvac contractor,gmaps
climatebreeze.com,https://climatebreeze.com,climatebreeze.com,climatebreezellc@gmail.com,,Coral Springs FL,hvac contractor,gmaps
servicebypremier.com,https://servicebypremier.com,servicebypremier.com,service@servicebypremier.com,,Coral Springs FL,hvac contractor,gmaps
sfacca.com,https://sfacca.com,sfacca.com,director.sfaca@gmail.com,,Coral Springs FL,hvac contractor,gmaps
keltercooling.com,https://keltercooling.com,keltercooling.com,impallari@gmail.com,,Coral Springs FL,hvac contractor,gmaps
qualityserviceimprovements.net,https://qualityserviceimprovements.net,qualityserviceimprovements.net,contact@qsigroup.net,,Coral Springs FL,hvac contractor,gmaps
kvmservicesnow.com,https://kvmservicesnow.com,kvmservicesnow.com,service@kvmservicesnow.com,,Coral Springs FL,hvac contractor,gmaps
rickettsbrothersac.com,https://rickettsbrothersac.com,rickettsbrothersac.com,impallari@gmail.com,,Coral Springs FL,hvac contractor,gmaps
a1mechanical.us,https://a1mechanical.us,a1mechanical.us,info@warsmi.com,,Coral Terrace FL,hvac contractor,gmaps
estebanac.com,https://estebanac.com,estebanac.com,office@estebanac.com,,Coral Terrace FL,hvac contractor,gmaps
alphatechcorp.net,https://alphatechcorp.net,alphatechcorp.net,office@alphatechcorp.net,,Coral Terrace FL,hvac contractor,gmaps
hvaccontractornearmebyhcnm.com,https://hvaccontractornearmebyhcnm.com,hvaccontractornearmebyhcnm.com,info@hvaccontractornearmebyhcnm.com,,Country Club FL,hvac contractor,gmaps
hrcomforthome.com,https://hrcomforthome.com,hrcomforthome.com,hrhomecomfort@gmail.com,,Country Club FL,hvac contractor,gmaps
climabliss.com,https://climabliss.com,climabliss.com,info@climabliss.com,,Country Club FL,hvac contractor,gmaps
americancoolingroup.com,https://americancoolingroup.com,americancoolingroup.com,info@acoolinggroup.com,,Country Club FL,hvac contractor,gmaps
imperialmechanical.net,https://imperialmechanical.net,imperialmechanical.net,imperialmechco@gmail.com,,Country Club FL,hvac contractor,gmaps
universeservicesac.com,https://universeservicesac.com,universeservicesac.com,info@universeservicesac.com,,Country Club FL,hvac contractor,gmaps
firstchoice-mechanical.net,https://firstchoice-mechanical.net,firstchoice-mechanical.net,first-choice-mechanical@polsia.app,,Cutler Bay FL,hvac contractor,gmaps
arcticfoxcooling.com,https://arcticfoxcooling.com,arcticfoxcooling.com,info@arcticfoxcooling.com,,Cutler Bay FL,hvac contractor,gmaps
serviceairpro.com,https://serviceairpro.com,serviceairpro.com,mdq.pablom@gmail.com,,Cutler Bay FL,hvac contractor,gmaps
southeastflac.com,https://southeastflac.com,southeastflac.com,service@southeastflac.com,,Cutler Bay FL,hvac contractor,gmaps
alldadeairconditioningandheating.com,https://alldadeairconditioningandheating.com,alldadeairconditioningandheating.com,alldadeairc@gmail.com,,Cutler Bay FL,hvac contractor,gmaps
miamiacandducts.com,https://miamiacandducts.com,miamiacandducts.com,info@miamiacandducts.com,,Cutler Bay FL,hvac contractor,gmaps
tropicsupply.com,https://tropicsupply.com,tropicsupply.com,website@tropicsupply.com,,Cutler Bay FL,hvac contractor,gmaps
mdcoldservices.com,https://mdcoldservices.com,mdcoldservices.com,mdcoldservices@gmail.com,,Cutler Bay FL,hvac contractor,gmaps
constantcoolinginc.com,https://constantcoolinginc.com,constantcoolinginc.com,constantcoolinginc@yahoo.com,,Cutler Bay FL,hvac contractor,gmaps
palmettobayac.com,https://palmettobayac.com,palmettobayac.com,palmettobayac@comcast.net,,Cutler Bay FL,hvac contractor,gmaps
hmacair.com,https://hmacair.com,hmacair.com,vallen@hmacair.com,,Dania Beach FL,hvac contractor,gmaps
acfloridamintz.com,https://acfloridamintz.com,acfloridamintz.com,thurman@acfloridamintz.com,,Dania Beach FL,hvac contractor,gmaps
premiercoolingllc.com,https://premiercoolingllc.com,premiercoolingllc.com,premiercoolingllc@gmail.com,,Dania Beach FL,hvac contractor,gmaps
airsolutionexpress.com,https://airsolutionexpress.com,airsolutionexpress.com,airsolutionexpress@gmail.com,,Dania Beach FL,hvac contractor,gmaps
coolhomerepair.com,https://coolhomerepair.com,coolhomerepair.com,,,Dania Beach FL,hvac contractor,gmaps
amplusac.com,https://amplusac.com,amplusac.com,manny@amplusac.com,,Dania Beach FL,hvac contractor,gmaps
40degreesac.com,https://40degreesac.com,40degreesac.com,service@40degreesac.com,,Dania Beach FL,hvac contractor,gmaps
unitedstatesolutions.com,https://unitedstatesolutions.com,unitedstatesolutions.com,customerservice@unitedstatesolutions.com,,Dania Beach FL,hvac contractor,gmaps
happyducts.com,https://happyducts.com,happyducts.com,info@happyducts.com,,Dania Beach FL,hvac contractor,gmaps
coolingtownairconditioning.com,https://coolingtownairconditioning.com,coolingtownairconditioning.com,coolingtown@coolingtownairconditioning.com,,Dania Beach FL,hvac contractor,gmaps
dipremiumac.com,https://dipremiumac.com,dipremiumac.com,dipremiumllc@gmail.com,,Dania Beach FL,hvac contractor,gmaps
astarairconditioning.com,https://astarairconditioning.com,astarairconditioning.com,astarfl@gmail.com,,Dania Beach FL,hvac contractor,gmaps
jtshvacindustries.com,https://jtshvacindustries.com,jtshvacindustries.com,info@jtshvacindustries.com,,Dania Beach FL,hvac contractor,gmaps
titanmarineair.com,https://titanmarineair.com,titanmarineair.com,infousa@titanmarineair.com,,Dania Beach FL,hvac contractor,gmaps
americastechnicalservices.com,https://americastechnicalservices.com,americastechnicalservices.com,info@atsincfl.com,,Dania Beach FL,hvac contractor,gmaps
fairairsolutions.com,https://fairairsolutions.com,fairairsolutions.com,info@fairairsolutions.com,,Dania Beach FL,hvac contractor,gmaps
kpmech.com,https://kpmech.com,kpmech.com,info@kpmech.com,,Dania Beach FL,hvac contractor,gmaps
hollywoodairductcleaningservices.com,https://hollywoodairductcleaningservices.com,hollywoodairductcleaningservices.com,hollywoodairductcleaningservices@gmail.com,,Dania Beach FL,hvac contractor,gmaps
arcticedgeheatingac.com,https://arcticedgeheatingac.com,arcticedgeheatingac.com,info@arcticedgeheatingac.com,,Dania Beach FL,hvac contractor,gmaps
dailyac.com,https://dailyac.com,dailyac.com,info@dailyac.com,,Davie FL,hvac contractor,gmaps
augustbreeze.com,https://augustbreeze.com,augustbreeze.com,augustbreezeac@gmail.com,,Davie FL,hvac contractor,gmaps
fussfreeac.com,https://fussfreeac.com,fussfreeac.com,matt@pixelspread.com,,Davie FL,hvac contractor,gmaps
advancecoolair.com,https://advancecoolair.com,advancecoolair.com,myac@advancecoolair.com,,Davie FL,hvac contractor,gmaps
coolandheatairconditioning.com,https://coolandheatairconditioning.com,coolandheatairconditioning.com,coolandheatairconditioning@gmail.com,,Davie FL,hvac contractor,gmaps
afterhoursac.net,https://afterhoursac.net,afterhoursac.net,info@afterhoursac.net,,Davie FL,hvac contractor,gmaps
floridianair.com,https://floridianair.com,floridianair.com,info@floridianair.com,,Davie FL,hvac contractor,gmaps
pykemechanical.com,https://pykemechanical.com,pykemechanical.com,admin@pykemechanical.com,,Davie FL,hvac contractor,gmaps
replacemyair.com,https://replacemyair.com,replacemyair.com,info@replacemyair.com,,Davie FL,hvac contractor,gmaps
acrepairdavie.pro,https://acrepairdavie.pro,acrepairdavie.pro,info@acrepairdavie.pro,,Davie FL,hvac contractor,gmaps
briggscoolingrefrigerationinc.jobbersites.com,https://briggscoolingrefrigerationinc.jobbersites.com,briggscoolingrefrigerationinc.jobbersites.com,briggscooling@bellsouth.net,,Davie FL,hvac contractor,gmaps
airfreshac.com,https://airfreshac.com,airfreshac.com,info@airfreshac.com,,Davie FL,hvac contractor,gmaps
expertcoolingservices.com,https://expertcoolingservices.com,expertcoolingservices.com,expertcoolingservices@gmail.com,,Davie FL,hvac contractor,gmaps
aquaproac.com,https://aquaproac.com,aquaproac.com,info@aquaproac.com,,Davie FL,hvac contractor,gmaps
floridabestac.com,https://floridabestac.com,floridabestac.com,jompran86@gmai.com,,Davie FL,hvac contractor,gmaps
mepsupply.net,https://mepsupply.net,mepsupply.net,info@mepsupplycorp.com,,Davie FL,hvac contractor,gmaps
thermalconcepts.com,https://thermalconcepts.com,thermalconcepts.com,info@thermalconcepts.com,,Davie FL,hvac contractor,gmaps
pjairconditioning.com,https://pjairconditioning.com,pjairconditioning.com,pnjairconditioning@gmail.com,,Davie FL,hvac contractor,gmaps
coolairasap.com,https://coolairasap.com,coolairasap.com,gadacllc@gmail.com,,Davie FL,hvac contractor,gmaps
coldflowacandheating.com,https://coldflowacandheating.com,coldflowacandheating.com,info@coldflowacandheating.com,,Davie FL,hvac contractor,gmaps
pachecocooling.jobbersites.com,https://pachecocooling.jobbersites.com,pachecocooling.jobbersites.com,nick-pacheco@outlook.com,,Davie FL,hvac contractor,gmaps
aurorahvacfl.com,https://aurorahvacfl.com,aurorahvacfl.com,aurorahvac.corp@gmail.com,,Deerfield Beach FL,hvac contractor,gmaps
procomfortac.com,https://procomfortac.com,procomfortac.com,procomfortac@gmail.com,,Deerfield Beach FL,hvac contractor,gmaps
bonucciservices.com,https://bonucciservices.com,bonucciservices.com,office@bonucciservices.com,,Deerfield Beach FL,hvac contractor,gmaps
xtremekoolair.com,https://xtremekoolair.com,xtremekoolair.com,contact@xtremekoolair.com,,Deerfield Beach FL,hvac contractor,gmaps
streamcoldair.com,https://streamcoldair.com,streamcoldair.com,streamcoldair@gmail.com,,Deerfield Beach FL,hvac contractor,gmaps
lucastechnicalair.com,https://lucastechnicalair.com,lucastechnicalair.com,info@lucastechnicalair.com,,Deerfield Beach FL,hvac contractor,gmaps
jirehcooler.com,https://jirehcooler.com,jirehcooler.com,coolerac1@gmail.com,,Deerfield Beach FL,hvac contractor,gmaps
airfirstac.com,https://airfirstac.com,airfirstac.com,airfirstinc@gmail.com,,Deerfield Beach FL,hvac contractor,gmaps
kingdomairexperts.com,https://kingdomairexperts.com,kingdomairexperts.com,contact@kingdomairexperts.com,,Deerfield Beach FL,hvac contractor,gmaps
thebesthvacfl.com,https://thebesthvacfl.com,thebesthvacfl.com,admin@thebesthvac.pro,,Deerfield Beach FL,hvac contractor,gmaps
certhvac.com,https://certhvac.com,certhvac.com,service@certhvac.com,,Deerfield Beach FL,hvac contractor,gmaps
zoomzoomac.com,https://zoomzoomac.com,zoomzoomac.com,contact@callzoomzoom.com,,Deerfield Beach FL,hvac contractor,gmaps
browardairconditioning.com,https://browardairconditioning.com,browardairconditioning.com,info@browardairconditioning.com,,Deerfield Beach FL,hvac contractor,gmaps
bwairconditioning.com,https://bwairconditioning.com,bwairconditioning.com,bwaced@gmail.com,,Deerfield Beach FL,hvac contractor,gmaps
sookoolair.com,https://sookoolair.com,sookoolair.com,sookoolllc@gmail.com,,Deerfield Beach FL,hvac contractor,gmaps
acondaire.com,https://acondaire.com,acondaire.com,info@acondaire.com,,Deerfield Beach FL,hvac contractor,gmaps
acsquad.pro,https://acsquad.pro,acsquad.pro,info@acsquad.pro,,Deerfield Beach FL,hvac contractor,gmaps
airlightac.com,https://airlightac.com,airlightac.com,airlightac@yahoo.com,,Deerfield Beach FL,hvac contractor,gmaps
avgbocahvac.com,https://avgbocahvac.com,avgbocahvac.com,contact@avgbocahvac.com,,Deerfield Beach FL,hvac contractor,gmaps
whiteeagleac.com,https://whiteeagleac.com,whiteeagleac.com,info@whiteeagleac.com,,Deerfield Beach FL,hvac contractor,gmaps
seabreezemarineco.com,https://seabreezemarineco.com,seabreezemarineco.com,seabreezemarineco@gmail.com,,Deerfield Beach FL,hvac contractor,gmaps
dhscooling.com,https://dhscooling.com,dhscooling.com,micah@micahrich.com,,Deerfield Beach FL,hvac contractor,gmaps
atlanticrefrigeration.cc,https://atlanticrefrigeration.cc,atlanticrefrigeration.cc,info@atlanticrefrigeration.cc,,Delray Beach FL,hvac contractor,gmaps
razorbackair.com,https://razorbackair.com,razorbackair.com,admin@razorbackair.com,,Delray Beach FL,hvac contractor,gmaps
airwegoac.com,https://airwegoac.com,airwegoac.com,service@airwegoac.com,,Delray Beach FL,hvac contractor,gmaps
edairusa.com,https://edairusa.com,edairusa.com,micah@micahrich.com,,Delray Beach FL,hvac contractor,gmaps
majortomsair.com,https://majortomsair.com,majortomsair.com,office@majortomsair.com,,Delray Beach FL,hvac contractor,gmaps
polairusa.com,https://polairusa.com,polairusa.com,info@polairusa.com,,Delray Beach FL,hvac contractor,gmaps
roehmairconditioning.com,https://roehmairconditioning.com,roehmairconditioning.com,roehmac1@att.net,,Delray Beach FL,hvac contractor,gmaps
breezycoolair.com,https://breezycoolair.com,breezycoolair.com,jamalrousseau48@gmail.com,,Delray Beach FL,hvac contractor,gmaps
empireacflorida.com,https://empireacflorida.com,empireacflorida.com,info@empireacflorida.com,,Delray Beach FL,hvac contractor,gmaps
coolprosacrepairs.com,https://coolprosacrepairs.com,coolprosacrepairs.com,info@coolprosacrepairs.com,,Delray Beach FL,hvac contractor,gmaps
aztilac.com,https://aztilac.com,aztilac.com,info@aztilac.com,,Delray Beach FL,hvac contractor,gmaps
icemanacfl.com,https://icemanacfl.com,icemanacfl.com,info@icemanacfl.com,,Delray Beach FL,hvac contractor,gmaps
airsupplyusa.net,https://airsupplyusa.net,airsupplyusa.net,sales@airsupplyusa.net,,Doral FL,hvac contractor,gmaps
coolhvacacrepairs.com,https://coolhvacacrepairs.com,coolhvacacrepairs.com,info@coolhvacacrepairs.com,,El Portal FL,hvac contractor,gmaps
aeropulseacrepairs.com,https://aeropulseacrepairs.com,aeropulseacrepairs.com,info@aeropulseacrepairs.com,,El Portal FL,hvac contractor,gmaps
erairheatingcorp.com,https://erairheatingcorp.com,erairheatingcorp.com,sebastian@aldusleaf.org,,Florida City FL,hvac contractor,gmaps
hvacfixers.net,https://hvacfixers.net,hvacfixers.net,info@hvacfixers.net,,Florida City FL,hvac contractor,gmaps
jdscommercialservices.com,https://jdscommercialservices.com,jdscommercialservices.com,j.d.s.commercialservices@gmail.com,,Fontainebleau FL,hvac contractor,gmaps
icyglobalair.com,https://icyglobalair.com,icyglobalair.com,icyglobalairofficial@gmail.com,,Fontainebleau FL,hvac contractor,gmaps
coolhvac.pro,https://coolhvac.pro,coolhvac.pro,info@coolhvac.pro,,Fontainebleau FL,hvac contractor,gmaps
coolbydesignfl.com,https://coolbydesignfl.com,coolbydesignfl.com,corey@coolbydesignfl.com,,Fort Lauderdale FL,hvac contractor,gmaps
fort-lauderdaleacrepair.com,https://fort-lauderdaleacrepair.com,fort-lauderdaleacrepair.com,info@fort-lauderdaleacrepair.com,,Fort Lauderdale FL,hvac contractor,gmaps
fahrenheitacfl.com,https://fahrenheitacfl.com,fahrenheitacfl.com,service@fahrenheitacfl.com,,Fort Lauderdale FL,hvac contractor,gmaps
floridaairservice.net,https://floridaairservice.net,floridaairservice.net,jessica@floridaairservices.net,,Fort Lauderdale FL,hvac contractor,gmaps
snow8heat.com,https://snow8heat.com,snow8heat.com,tobias_y@snow8heat.com,,Fort Lauderdale FL,hvac contractor,gmaps
colderofmiamiinc.com,https://colderofmiamiinc.com,colderofmiamiinc.com,info@colderofmiamiinc.com,,Fort Lauderdale FL,hvac contractor,gmaps
coolstarairserv.com,https://coolstarairserv.com,coolstarairserv.com,coolstarair@yahoo.com,,Fort Lauderdale FL,hvac contractor,gmaps
americanroyaltyac.com,https://americanroyaltyac.com,americanroyaltyac.com,info@americanroyaltyac.com,,Fort Lauderdale FL,hvac contractor,gmaps
advancedairsystem.com,https://advancedairsystem.com,advancedairsystem.com,service@advancedairsystem.com,,Fort Lauderdale FL,hvac contractor,gmaps
superiorelectricandair.com,https://superiorelectricandair.com,superiorelectricandair.com,superiorelectricandair@gmail.com,,Fort Lauderdale FL,hvac contractor,gmaps
kingsairconditioning.com,https://kingsairconditioning.com,kingsairconditioning.com,info@kingsairconditioning.com,,Fort Lauderdale FL,hvac contractor,gmaps
maxacrepairservice.com,https://maxacrepairservice.com,maxacrepairservice.com,info@maxacrepairservice.com,,Fort Lauderdale FL,hvac contractor,gmaps
izzysair.com,https://izzysair.com,izzysair.com,izzysair@gmail.com,,Fort Lauderdale FL,hvac contractor,gmaps
acrepairoaklandpark.pro,https://acrepairoaklandpark.pro,acrepairoaklandpark.pro,info@acrepairoaklandpark.pro,,Fort Lauderdale FL,hvac contractor,gmaps
aquaair.com,https://aquaair.com,aquaair.com,sales@aquaair.com,,Fort Lauderdale FL,hvac contractor,gmaps
expertairadvice.com,https://expertairadvice.com,expertairadvice.com,info@expertairadvice.com,,Fort Lauderdale FL,hvac contractor,gmaps
coolpenguinaacs.com,https://coolpenguinaacs.com,coolpenguinaacs.com,service@coolpenguinaacs.com,,Fort Lauderdale FL,hvac contractor,gmaps
tropicalmarineairconditioning.com,https://tropicalmarineairconditioning.com,tropicalmarineairconditioning.com,info@tropicalmarineairconditioning.com,,Fort Lauderdale FL,hvac contractor,gmaps
qualitymarineair.com,https://qualitymarineair.com,qualitymarineair.com,quality@qualitymarineair.com,,Fort Lauderdale FL,hvac contractor,gmaps
onenationhcs.com,https://onenationhcs.com,onenationhcs.com,info@onenationhcs.com,,Fort Lauderdale FL,hvac contractor,gmaps
americareflorida.com,https://americareflorida.com,americareflorida.com,leads@americareappliance.com,,Fort Lauderdale FL,hvac contractor,gmaps
abcmechhvac.com,https://abcmechhvac.com,abcmechhvac.com,info@abcmechhvac.com,,Fort Lauderdale FL,hvac contractor,gmaps
climatecure.pro,https://climatecure.pro,climatecure.pro,info@climatecure.pro,,Fort Lauderdale FL,hvac contractor,gmaps
acrepairnearmemiami.com,https://acrepairnearmemiami.com,acrepairnearmemiami.com,info@acrepairnearmemiami.com,,Golden Beach FL,hvac contractor,gmaps
magnacoolacrepair.com,https://magnacoolacrepair.com,magnacoolacrepair.com,info@magnacoolacrepair.com,,Golden Beach FL,hvac contractor,gmaps
proqualityrepairfl.net,https://proqualityrepairfl.net,proqualityrepairfl.net,qualityrepairfl@gmail.com,,Golden Beach FL,hvac contractor,gmaps
breezycoolacrepairpros.com,https://breezycoolacrepairpros.com,breezycoolacrepairpros.com,info@breezycoolacrepairpros.com,,Golden Beach FL,hvac contractor,gmaps
air95ac.com,https://air95ac.com,air95ac.com,info@air95ac.com,,Golden Beach FL,hvac contractor,gmaps
airconditionerrangelservices.com,https://airconditionerrangelservices.com,airconditionerrangelservices.com,contact@acrangelservice.com,,Greenacres FL,hvac contractor,gmaps
hillingairconditioning.com,https://hillingairconditioning.com,hillingairconditioning.com,info@hillingairconditioning.com,,Greenacres FL,hvac contractor,gmaps
graceair.net,https://graceair.net,graceair.net,gracerepairsllc@gmail.com,,Greenacres FL,hvac contractor,gmaps
southatlanticairconditioning.com,https://southatlanticairconditioning.com,southatlanticairconditioning.com,southatlanticairconditioning@gmail.com,,Greenacres FL,hvac contractor,gmaps
actionacsofla.com,https://actionacsofla.com,actionacsofla.com,bill@actionacsofla.com,,Greenacres FL,hvac contractor,gmaps
envirotechair.com,https://envirotechair.com,envirotechair.com,info@envirotechair.com,,Greenacres FL,hvac contractor,gmaps
emcairconditioning.com,https://emcairconditioning.com,emcairconditioning.com,info@indiantypefoundry.com,,Greenacres FL,hvac contractor,gmaps
smsairnow.com,https://smsairnow.com,smsairnow.com,info@southernmechanicalfl.com,,Greenacres FL,hvac contractor,gmaps
coolingpalmbeach.com,https://coolingpalmbeach.com,coolingpalmbeach.com,sales@smythair.com,,Greenacres FL,hvac contractor,gmaps
spar10ac.com,https://spar10ac.com,spar10ac.com,spar10ac@outlook.com,,Greenacres FL,hvac contractor,gmaps
advancechsfl.com,https://advancechsfl.com,advancechsfl.com,service@advancechsfl.com,,Greenacres FL,hvac contractor,gmaps
alltempsolutionsinc.com,https://alltempsolutionsinc.com,alltempsolutionsinc.com,example@mysite.com,,Greenacres FL,hvac contractor,gmaps
airworxacr.com,https://airworxacr.com,airworxacr.com,info@airworxacr.com,,Greenacres FL,hvac contractor,gmaps
laircooling.com,https://laircooling.com,laircooling.com,laircooling@gmail.com,,Greenacres FL,hvac contractor,gmaps
lyos-elite-home-services.lovable.app,https://lyos-elite-home-services.lovable.app,lyos-elite-home-services.lovable.app,lyos71@gmail.com,,Greenacres FL,hvac contractor,gmaps
getmecool.com,https://getmecool.com,getmecool.com,service@getmecool.com,,Greenacres FL,hvac contractor,gmaps
abundantairheatingcooling.com,https://abundantairheatingcooling.com,abundantairheatingcooling.com,info@abundantairheatingcooling.com,,Greenacres FL,hvac contractor,gmaps
nextlevelairconditioning.com,https://nextlevelairconditioning.com,nextlevelairconditioning.com,info@nextlevelairconditioning.com,,Greenacres FL,hvac contractor,gmaps
llcooling.com,https://llcooling.com,llcooling.com,luigini5622@gmail.com,,Greenacres FL,hvac contractor,gmaps
centralairsfl.com,https://centralairsfl.com,centralairsfl.com,centralair.info@gmail.com,,Greenacres FL,hvac contractor,gmaps
refreshacservice.com,https://refreshacservice.com,refreshacservice.com,info@refreshacservice.com,,Greenacres FL,hvac contractor,gmaps
jlmairservice.com,https://jlmairservice.com,jlmairservice.com,info@jlmairservice.com,,Greenacres FL,hvac contractor,gmaps
richardsacrepair.com,https://richardsacrepair.com,richardsacrepair.com,admin@richardsac.com,,Greenacres FL,hvac contractor,gmaps
havencool.com,https://havencool.com,havencool.com,info@havencool.com,,Greenacres FL,hvac contractor,gmaps
klausairconditioning.com,https://klausairconditioning.com,klausairconditioning.com,anapbm@gmail.com,,Greenacres FL,hvac contractor,gmaps
telracsairconditioning.com,https://telracsairconditioning.com,telracsairconditioning.com,telracsairconditioning@gmail.com,,Greenacres FL,hvac contractor,gmaps
airductcleaningmiamifl.com,https://airductcleaningmiamifl.com,airductcleaningmiamifl.com,airductcleaningmiamiflorida@gmail.com,,Hallandale Beach FL,hvac contractor,gmaps
duckductair.com,https://duckductair.com,duckductair.com,contact@duckductair.com,,Hallandale Beach FL,hvac contractor,gmaps
ecoair-ductcleaning.com,https://ecoair-ductcleaning.com,ecoair-ductcleaning.com,admin@ecoair-ductcleaning.com,,Hallandale Beach FL,hvac contractor,gmaps
lpmechanicalsolutions.com,https://lpmechanicalsolutions.com,lpmechanicalsolutions.com,julius@lpmechanicalsolutions.com,,Hallandale Beach FL,hvac contractor,gmaps
acpolicellc.com,https://acpolicellc.com,acpolicellc.com,shawn@acpolicellc.com,,Hallandale Beach FL,hvac contractor,gmaps
centralaircomfort.com,https://centralaircomfort.com,centralaircomfort.com,centralaircomfort@gmail.com,,Hialeah Gardens FL,hvac contractor,gmaps
con-mech.com,https://con-mech.com,con-mech.com,info@con-mech.com,,Hialeah Gardens FL,hvac contractor,gmaps
airleomechanical.com,https://airleomechanical.com,airleomechanical.com,airleomechanical@gmail.com,,Hialeah Gardens FL,hvac contractor,gmaps
martinairandheating.com,https://martinairandheating.com,martinairandheating.com,,,Hialeah Gardens FL,hvac contractor,gmaps
amazingcoldacrepairs.com,https://amazingcoldacrepairs.com,amazingcoldacrepairs.com,info@amazingcoldacrepairs.com,,Hialeah Gardens FL,hvac contractor,gmaps
hellocoolacrepairs.com,https://hellocoolacrepairs.com,hellocoolacrepairs.com,info@hellocoolacrepairs.com,,Hialeah Gardens FL,hvac contractor,gmaps
airdefinition.com,https://airdefinition.com,airdefinition.com,airdefinition@gmail.com,,Hialeah Gardens FL,hvac contractor,gmaps
nascomechanical.com,https://nascomechanical.com,nascomechanical.com,nascomechanical@gmail.com,,Hillsboro Beach FL,hvac contractor,gmaps
elconelectric.com,https://elconelectric.com,elconelectric.com,office@elconelectric.com,,Hillsboro Beach FL,hvac contractor,gmaps
ilovemyac.com,https://ilovemyac.com,ilovemyac.com,info@ilovemyac.com,,Hollywood FL,hvac contractor,gmaps
geocoolair.com,https://geocoolair.com,geocoolair.com,geocoolac.info@gmail.com,,Hollywood FL,hvac contractor,gmaps
dsairco.com,https://dsairco.com,dsairco.com,info@dsairco.com,,Hollywood FL,hvac contractor,gmaps
acrepairsbytophvac.com,https://acrepairsbytophvac.com,acrepairsbytophvac.com,info@acrepairsbytophvac.com,,Hollywood FL,hvac contractor,gmaps
2jairconditioning.com,https://2jairconditioning.com,2jairconditioning.com,customerservice@2jservices.com,,Hollywood FL,hvac contractor,gmaps
coolkingsacfl.com,https://coolkingsacfl.com,coolkingsacfl.com,coolkingsacfl@gmail.com,,Hollywood FL,hvac contractor,gmaps
monroeacservice.com,https://monroeacservice.com,monroeacservice.com,mserviceac@gmail.com,,Hollywood FL,hvac contractor,gmaps
absoluteservicecall.com,https://absoluteservicecall.com,absoluteservicecall.com,info@absoluteservicecall.com,,Hollywood FL,hvac contractor,gmaps
handymanrepair.org,https://handymanrepair.org,handymanrepair.org,help@handymanexpert.com,,Hollywood FL,hvac contractor,gmaps
polarbearfl.com,https://polarbearfl.com,polarbearfl.com,polarbearfl1@gmail.com,,Hollywood FL,hvac contractor,gmaps
acrepairinhollywoodfl.us,https://acrepairinhollywoodfl.us,acrepairinhollywoodfl.us,info@acrepairinhollywoodfl.us,,Hollywood FL,hvac contractor,gmaps
southfloridaairsolutions.com,https://southfloridaairsolutions.com,southfloridaairsolutions.com,info@sfairsolutions.com,,Jupiter FL,hvac contractor,gmaps
doveac.com,https://doveac.com,doveac.com,doveac@gmail.com,,Jupiter FL,hvac contractor,gmaps
danasair.com,https://danasair.com,danasair.com,info@danasair.com,,Jupiter FL,hvac contractor,gmaps
vitalacsolutionsjupiter.com,https://vitalacsolutionsjupiter.com,vitalacsolutionsjupiter.com,info@vitalacsolutionsjupiter.com,,Jupiter FL,hvac contractor,gmaps
wagnersrefrigeration.com,https://wagnersrefrigeration.com,wagnersrefrigeration.com,kevin@wagnersrefrigeration.com,,Jupiter FL,hvac contractor,gmaps
whyduke.com,https://whyduke.com,whyduke.com,service@whyduke.com,,Jupiter FL,hvac contractor,gmaps
spinelliac.com,https://spinelliac.com,spinelliac.com,cool@spinelliac.com,,Jupiter FL,hvac contractor,gmaps
reynoldsac.com,https://reynoldsac.com,reynoldsac.com,reynoldsaircond@hotmail.com,,Jupiter FL,hvac contractor,gmaps
straightac.com,https://straightac.com,straightac.com,straightac@gmail.com,,Jupiter FL,hvac contractor,gmaps
hellocomfortservices.com,https://hellocomfortservices.com,hellocomfortservices.com,info@hellocomfortservices.com,,Jupiter FL,hvac contractor,gmaps
greyguardhvac.com,https://greyguardhvac.com,greyguardhvac.com,greyguardcapital@gmail.com,,Jupiter FL,hvac contractor,gmaps
aircoacflorida.com,https://aircoacflorida.com,aircoacflorida.com,aircoacflorida@gmail.com,,Jupiter FL,hvac contractor,gmaps
traversair.com,https://traversair.com,traversair.com,info@traversair.com,,Jupiter FL,hvac contractor,gmaps
superzeroacrepair.pro,https://superzeroacrepair.pro,superzeroacrepair.pro,info@superzeroacrepair.pro,,Jupiter FL,hvac contractor,gmaps
allthermoinsulation.com,https://allthermoinsulation.com,allthermoinsulation.com,allthermo@gmail.com,,Jupiter FL,hvac contractor,gmaps
angelinaairconditioning.com,https://angelinaairconditioning.com,angelinaairconditioning.com,flavioac1976@gmail.com,,Jupiter FL,hvac contractor,gmaps
bocaratonprestigehvac.com,https://bocaratonprestigehvac.com,bocaratonprestigehvac.com,info@bocaratonprestigehvac.com,,Jupiter FL,hvac contractor,gmaps
cjairconditioninginc.com,https://cjairconditioninginc.com,cjairconditioninginc.com,cmeade123@gmail.com,,Jupiter FL,hvac contractor,gmaps
squareac.com,https://squareac.com,squareac.com,eben@eyebytes.com,,Jupiter FL,hvac contractor,gmaps
borgesac.com,https://borgesac.com,borgesac.com,custumercontact@borgesac.com,,Jupiter FL,hvac contractor,gmaps
simpleaction.com,https://simpleaction.com,simpleaction.com,info@simpleaction.com,,Jupiter FL,hvac contractor,gmaps
remichel.com,https://remichel.com,remichel.com,helpdesk@remichel.com,,Jupiter FL,hvac contractor,gmaps
truebreezehvac.com,https://truebreezehvac.com,truebreezehvac.com,info@truebreezehvac.com,,Jupiter FL,hvac contractor,gmaps
hopkinsair.com,https://hopkinsair.com,hopkinsair.com,youremail@yourbusiness.com,,Jupiter FL,hvac contractor,gmaps
icehousecomfortsolutions.com,https://icehousecomfortsolutions.com,icehousecomfortsolutions.com,info@icehousecomfortsolutions.com,,Jupiter FL,hvac contractor,gmaps
greenrefrigerationllc.com,https://greenrefrigerationllc.com,greenrefrigerationllc.com,greenrefrigerationllc@gmail.com,,Jupiter FL,hvac contractor,gmaps
seagullelectronics.com,https://seagullelectronics.com,seagullelectronics.com,info@seagullelectronics.com,,Jupiter FL,hvac contractor,gmaps
erairconditioning.com,https://erairconditioning.com,erairconditioning.com,er.coolingservices@gmail.com,,Jupiter FL,hvac contractor,gmaps
coolingadvisors.com,https://coolingadvisors.com,coolingadvisors.com,service@coolingadvisors.com,,Jupiter FL,hvac contractor,gmaps
ersupplyco.com,https://ersupplyco.com,ersupplyco.com,rioselio300@gmail.com,,Jupiter FL,hvac contractor,gmaps
proairtab.com,https://proairtab.com,proairtab.com,proair314@aol.com,,Jupiter FL,hvac contractor,gmaps
subzeroacrepairs.pro,https://subzeroacrepairs.pro,subzeroacrepairs.pro,info@subzeroacrepairs.pro,,Jupiter FL,hvac contractor,gmaps
breathehealthierair.com,https://breathehealthierair.com,breathehealthierair.com,support@breathehealthierair.com,,Jupiter FL,hvac contractor,gmaps
ventburrybellevuehvac.bond,https://ventburrybellevuehvac.bond,ventburrybellevuehvac.bond,support@ventburryhvac.com,,Lake Park FL,hvac contractor,gmaps
allfloridacoolingandheating.com,https://allfloridacoolingandheating.com,allfloridacoolingandheating.com,info@allfloridacoolingandheating.com,,Lake Park FL,hvac contractor,gmaps
superhvacacrepairmiamilakes.com,https://superhvacacrepairmiamilakes.com,superhvacacrepairmiamilakes.com,info@superhvacacrepairmiamilakes.com,,Lake Park FL,hvac contractor,gmaps
acrepairnorthpalmbeach.pro,https://acrepairnorthpalmbeach.pro,acrepairnorthpalmbeach.pro,info@acrepairnorthpalmbeach.pro,,Lake Park FL,hvac contractor,gmaps
keepitcool.com,https://keepitcool.com,keepitcool.com,info@keepitcool.com,,Lake Park FL,hvac contractor,gmaps
perfecthvac.pro,https://perfecthvac.pro,perfecthvac.pro,info@perfecthvac.pro,,Lake Park FL,hvac contractor,gmaps
extremeairsolutions.com,https://extremeairsolutions.com,extremeairsolutions.com,office@extremeairsolutions.com,,Lake Park FL,hvac contractor,gmaps
orangestateac.net,https://orangestateac.net,orangestateac.net,orangestatesoflo@gmail.com,,Lake Park FL,hvac contractor,gmaps
ac-energy.com,https://ac-energy.com,ac-energy.com,service@ac-energy.com,,Lake Park FL,hvac contractor,gmaps
atlantisac.com,https://atlantisac.com,atlantisac.com,info@atlantisac.com,,Lake Worth Beach FL,hvac contractor,gmaps
premiumhvacreapir.com,https://premiumhvacreapir.com,premiumhvacreapir.com,info@premiumhvacreapir.com,,Lake Worth Beach FL,hvac contractor,gmaps
properac.com,https://properac.com,properac.com,service@properac.com,,Lake Worth Beach FL,hvac contractor,gmaps
moonlightersac.com,https://moonlightersac.com,moonlightersac.com,moonlightersmail@gmail.com,,Lake Worth Beach FL,hvac contractor,gmaps
arcosupply.com,https://arcosupply.com,arcosupply.com,orders@arcosupply.com,,Lake Worth Beach FL,hvac contractor,gmaps
coldair4u.com,https://coldair4u.com,coldair4u.com,esther@coldair4u.com,,Lake Worth Beach FL,hvac contractor,gmaps
icefl.com,https://icefl.com,icefl.com,sales@icefl.com,,Lake Worth Beach FL,hvac contractor,gmaps
auto-congela2fl.com,https://auto-congela2fl.com,auto-congela2fl.com,autocongela2fl@gmail.com,,Lake Worth Beach FL,hvac contractor,gmaps
stokes.com,https://stokes.com,stokes.com,stokes@stokes.com,,Lake Worth Beach FL,hvac contractor,gmaps
maccloudelectric.com,https://maccloudelectric.com,maccloudelectric.com,bholmstock01@gmail.com,,Lake Worth Beach FL,hvac contractor,gmaps
greatcooling.com,https://greatcooling.com,greatcooling.com,info@greatcooling.com,,Lake Worth Beach FL,hvac contractor,gmaps
onekingdomhvac.com,https://onekingdomhvac.com,onekingdomhvac.com,,,Lake Worth Beach FL,hvac contractor,gmaps
gulfstreamcooling.com,https://gulfstreamcooling.com,gulfstreamcooling.com,followup@gulfstreamcooling.com,,Lake Worth Beach FL,hvac contractor,gmaps
benitezelectricfl.com,https://benitezelectricfl.com,benitezelectricfl.com,contact@sansoxygen.com,,Lake Worth Beach FL,hvac contractor,gmaps
stepbrothersgc.com,https://stepbrothersgc.com,stepbrothersgc.com,info@stepbrothersgc.com,,Lake Worth Beach FL,hvac contractor,gmaps
bocaratonacservice.com,https://bocaratonacservice.com,bocaratonacservice.com,contact@sansoxygen.com,,Lantana FL,hvac contractor,gmaps
airwavesac.com,https://airwavesac.com,airwavesac.com,info@airwavesac.com,,Lantana FL,hvac contractor,gmaps
lauderdalelakesductsventilation.com,https://lauderdalelakesductsventilation.com,lauderdalelakesductsventilation.com,info@lauderdalelakesductsventilation.com,,Lauderdale Lakes FL,hvac contractor,gmaps
freshandflawlesscorp.com,https://freshandflawlesscorp.com,freshandflawlesscorp.com,victor@freshandflawlesscorp.com,,Lauderdale Lakes FL,hvac contractor,gmaps
hvaccontractorsunrise.com,https://hvaccontractorsunrise.com,hvaccontractorsunrise.com,allamericancooling1026@gmail.com,,Lauderdale Lakes FL,hvac contractor,gmaps
airbulanceusa.com,https://airbulanceusa.com,airbulanceusa.com,sales@airbulanceusa.com,,Lauderdale Lakes FL,hvac contractor,gmaps
problemsolversusa.com,https://problemsolversusa.com,problemsolversusa.com,service@problemsolversusa.com,,Lauderdale Lakes FL,hvac contractor,gmaps
caretocool.com,https://caretocool.com,caretocool.com,raulmediavilla7@gmail.com,,Lauderdale Lakes FL,hvac contractor,gmaps
mcnabducting.com,https://mcnabducting.com,mcnabducting.com,info@mcnabducting.com,,Lauderdale Lakes FL,hvac contractor,gmaps
elsmarair.com,https://elsmarair.com,elsmarair.com,support@elsmarair.com,,Lauderdale Lakes FL,hvac contractor,gmaps
aqmasters.com,https://aqmasters.com,aqmasters.com,info@mail.aqmasters.com,,Lauderdale Lakes FL,hvac contractor,gmaps
advanceairconditioningservice.com,https://advanceairconditioningservice.com,advanceairconditioningservice.com,info@advanceairconditioningservice.com,,Lauderhill FL,hvac contractor,gmaps
undercontrolac.com,https://undercontrolac.com,undercontrolac.com,info@undercontrolac.com,,Lauderhill FL,hvac contractor,gmaps
airelectricinc.com,https://airelectricinc.com,airelectricinc.com,airelectric@hotmail.com,,Lauderhill FL,hvac contractor,gmaps
go2airconditioning.com,https://go2airconditioning.com,go2airconditioning.com,info@go2airconditioning.com,,Lauderhill FL,hvac contractor,gmaps
risingstarqualityac.com,https://risingstarqualityac.com,risingstarqualityac.com,info@risingstarqualityac.com,,Lauderhill FL,hvac contractor,gmaps
airmasterhvac.com,https://airmasterhvac.com,airmasterhvac.com,info@airmasterhvac.com,,Lauderhill FL,hvac contractor,gmaps
drop-temp-hvac-llc.square.site,https://drop-temp-hvac-llc.square.site,drop-temp-hvac-llc.square.site,droptemphvacllc@gmail.com,,Lauderhill FL,hvac contractor,gmaps
hvaccsiacrepair.com,https://hvaccsiacrepair.com,hvaccsiacrepair.com,info@hvaccsi.net,,Lauderhill FL,hvac contractor,gmaps
apexhvacservices.shop,https://apexhvacservices.shop,apexhvacservices.shop,info@apexhvacservices.shop,,Lauderhill FL,hvac contractor,gmaps
acrepairplantation.pro,https://acrepairplantation.pro,acrepairplantation.pro,info@acrepairplantation.pro,,Lauderhill FL,hvac contractor,gmaps
terragonairconditioning.com,https://terragonairconditioning.com,terragonairconditioning.com,terragonair@gmail.com,,Lauderhill FL,hvac contractor,gmaps
coolingfl.com,https://coolingfl.com,coolingfl.com,info@coolingfl.com,,Lighthouse Point FL,hvac contractor,gmaps
licensetochillac.com,https://licensetochillac.com,licensetochillac.com,mmarin@lictochill.com,,Lighthouse Point FL,hvac contractor,gmaps
javiersairexperts.com,https://javiersairexperts.com,javiersairexperts.com,bryan@javiersairexperts.com,,Lighthouse Point FL,hvac contractor,gmaps
intercoastalair.com,https://intercoastalair.com,intercoastalair.com,office@intercoastalair.com,,Lighthouse Point FL,hvac contractor,gmaps
completecommercialrepair.com,https://completecommercialrepair.com,completecommercialrepair.com,accounting@completecommercialrepair.com,,Lighthouse Point FL,hvac contractor,gmaps
techairfl.com,https://techairfl.com,techairfl.com,jonpinhorn.typedesign@gmail.com,,Lighthouse Point FL,hvac contractor,gmaps
mcgregorac.com,https://mcgregorac.com,mcgregorac.com,michael@mcgregorac.com,,Lighthouse Point FL,hvac contractor,gmaps
allsystemsac.com,https://allsystemsac.com,allsystemsac.com,service@allsystemsac.com,,Lighthouse Point FL,hvac contractor,gmaps
delta-t-services.com,https://delta-t-services.com,delta-t-services.com,service@delta-t-services.com,,Lighthouse Point FL,hvac contractor,gmaps
coolingheatingspecialists.com,https://coolingheatingspecialists.com,coolingheatingspecialists.com,chs.hvacpros@gmail.com,,Margate FL,hvac contractor,gmaps
airmechanicalplus.com,https://airmechanicalplus.com,airmechanicalplus.com,jlopez@airmechanicalplus.com,,Margate FL,hvac contractor,gmaps
klimatech.com,https://klimatech.com,klimatech.com,info@klimatech.com,,Margate FL,hvac contractor,gmaps
coastalcomfortac.com,https://coastalcomfortac.com,coastalcomfortac.com,none@none.com,,Margate FL,hvac contractor,gmaps
coolairsupplyfl.com,https://coolairsupplyfl.com,coolairsupplyfl.com,info@coolairsupplyfl.com,,Margate FL,hvac contractor,gmaps
prohvaccontrcter.store,https://prohvaccontrcter.store,prohvaccontrcter.store,elena@artisankitchen.com,,Margate FL,hvac contractor,gmaps
tscoolair.com,https://tscoolair.com,tscoolair.com,info@tscoolair.com,,Medley FL,hvac contractor,gmaps
zulueta-ac.com,https://zulueta-ac.com,zulueta-ac.com,zuluetaairconditioning9790@gmail.com,,Medley FL,hvac contractor,gmaps
asapacrepairmiami.com,https://asapacrepairmiami.com,asapacrepairmiami.com,info@asapacrepairmiami.com,,Medley FL,hvac contractor,gmaps
manicoolservices.com,https://manicoolservices.com,manicoolservices.com,manicoolservices@gmail.com,,Medley FL,hvac contractor,gmaps
chalexcool.com,https://chalexcool.com,chalexcool.com,info@chalexcool.com,,Medley FL,hvac contractor,gmaps
poleofcoldac.com,https://poleofcoldac.com,poleofcoldac.com,info@poleofcoldac.com,,Medley FL,hvac contractor,gmaps
ramsair.com,https://ramsair.com,ramsair.com,info@ramsair.com,,Miami FL,hvac contractor,gmaps
acreeairmiami.com,https://acreeairmiami.com,acreeairmiami.com,info@acreeairmiami.com,,Miami Beach FL,hvac contractor,gmaps
platinumairconditioning.com,https://platinumairconditioning.com,platinumairconditioning.com,solutions@platinumairconditioning.com,,Miami Beach FL,hvac contractor,gmaps
procoldacrepairs.com,https://procoldacrepairs.com,procoldacrepairs.com,info@procoldacrepairs.com,,Miami Beach FL,hvac contractor,gmaps
coolquest.pro,https://coolquest.pro,coolquest.pro,info@coolquest.pro,,Miami Beach FL,hvac contractor,gmaps
generalconstructionmaster.com,https://generalconstructionmaster.com,generalconstructionmaster.com,luciano@latinotype.com,,Miami Gardens FL,hvac contractor,gmaps
jasckoshop.com,https://jasckoshop.com,jasckoshop.com,info@jascko.com,,Miami Lakes FL,hvac contractor,gmaps
orlimelectric.com,https://orlimelectric.com,orlimelectric.com,admin@orlimelectric.com,,Miami Lakes FL,hvac contractor,gmaps
soshomesolutionsfl.com,https://soshomesolutionsfl.com,soshomesolutionsfl.com,info@soshomesolutionsfl.com,,Miami Shores FL,hvac contractor,gmaps
stillblazinair.com,https://stillblazinair.com,stillblazinair.com,stillblazin1@yahoo.com,,Miami Shores FL,hvac contractor,gmaps
kycac.com,https://kycac.com,kycac.com,info@kycac.com,,Miami Springs FL,hvac contractor,gmaps
airsupplyacservices.com,https://airsupplyacservices.com,airsupplyacservices.com,amkryukov@gmail.com,,Miramar FL,hvac contractor,gmaps
jandyacservices.com,https://jandyacservices.com,jandyacservices.com,jandyacservices@gmail.com,,Miramar FL,hvac contractor,gmaps
frasconahvacr.com,https://frasconahvacr.com,frasconahvacr.com,frascona@frasconahvacr.com,,Miramar FL,hvac contractor,gmaps
supercoolacrepairs.com,https://supercoolacrepairs.com,supercoolacrepairs.com,info@supercoolacrepairs.com,,Miramar FL,hvac contractor,gmaps
theacboys.com,https://theacboys.com,theacboys.com,theacboysmiramar@gmail.com,,Miramar FL,hvac contractor,gmaps
ecshvac.com,https://ecshvac.com,ecshvac.com,info@ecshvac.com,,Miramar FL,hvac contractor,gmaps
cool-thunder.com,https://cool-thunder.com,cool-thunder.com,service@cool-thunder.com,,Miramar FL,hvac contractor,gmaps
hudsoncontrolsac.com,https://hudsoncontrolsac.com,hudsoncontrolsac.com,hvacservice@hudsoncontrols.com,,Miramar FL,hvac contractor,gmaps
reliablebreeze.com,https://reliablebreeze.com,reliablebreeze.com,info@forestgreen-chamois-245486.hostingersite.com,,Miramar FL,hvac contractor,gmaps
coolingmethods.com,https://coolingmethods.com,coolingmethods.com,coolingme@bellsouth.net,,Miramar FL,hvac contractor,gmaps
masterstechair.com,https://masterstechair.com,masterstechair.com,mastertechair@gmail.com,,North Lauderdale FL,hvac contractor,gmaps
modernventilationfl.com,https://modernventilationfl.com,modernventilationfl.com,modernventilationfl@gmail.com,,North Lauderdale FL,hvac contractor,gmaps
nationwidehpc.com,https://nationwidehpc.com,nationwidehpc.com,lukasz@nationwide-hvac.com,,North Lauderdale FL,hvac contractor,gmaps
acrepairnorthmiami.pro,https://acrepairnorthmiami.pro,acrepairnorthmiami.pro,info@acrepairnorthmiami.pro,,North Miami FL,hvac contractor,gmaps
hvacsquad.net,https://hvacsquad.net,hvacsquad.net,info@hvacsquad.net,,North Miami FL,hvac contractor,gmaps
coolgoodacrepairs.com,https://coolgoodacrepairs.com,coolgoodacrepairs.com,info@coolgoodacrepairs.com,,North Miami FL,hvac contractor,gmaps
powerairac.com,https://powerairac.com,powerairac.com,info@powerairac.com,,North Miami FL,hvac contractor,gmaps
acrepairsbycoldhvac.com,https://acrepairsbycoldhvac.com,acrepairsbycoldhvac.com,info@acrepairsbycoldhvac.com,,North Miami FL,hvac contractor,gmaps
acrepairnorthmiamibeach.pro,https://acrepairnorthmiamibeach.pro,acrepairnorthmiamibeach.pro,info@acrepairnorthmiamibeach.pro,,North Miami FL,hvac contractor,gmaps
walkincoolerfreezerandairconditioningserviceinc.com,https://walkincoolerfreezerandairconditioningserviceinc.com,walkincoolerfreezerandairconditioningserviceinc.com,eben@eyebytes.com,,North Miami FL,hvac contractor,gmaps
coolfreeze.pro,https://coolfreeze.pro,coolfreeze.pro,info@coolfreeze.pro,,North Miami FL,hvac contractor,gmaps
prestonaircare.com,https://prestonaircare.com,prestonaircare.com,info@prestonaircare.com,,North Miami FL,hvac contractor,gmaps
rofoparenterprisesllc.fun,https://rofoparenterprisesllc.fun,rofoparenterprisesllc.fun,info@rofopar.com,,North Miami FL,hvac contractor,gmaps
coldmaxhvac.com,https://coldmaxhvac.com,coldmaxhvac.com,info@coldmaxhvac.com,,North Miami FL,hvac contractor,gmaps
repairacmiami.com,https://repairacmiami.com,repairacmiami.com,info@repairacmiami.com,,North Miami Beach FL,hvac contractor,gmaps
waynegroupservices.com,https://waynegroupservices.com,waynegroupservices.com,anthony@waynegroupservices.com,,Oakland Park FL,hvac contractor,gmaps
koalacoolin.com,https://koalacoolin.com,koalacoolin.com,contact@koalacoolin.com,,Oakland Park FL,hvac contractor,gmaps
precisionrefrigerationac.com,https://precisionrefrigerationac.com,precisionrefrigerationac.com,service@precisionrefrigerationac.com,,Oakland Park FL,hvac contractor,gmaps
repaircool.com,https://repaircool.com,repaircool.com,info@icecoldrepair.com,,Oakland Park FL,hvac contractor,gmaps
coldheavencorp.com,https://coldheavencorp.com,coldheavencorp.com,coldheavencorp@gmail.com,,Oakland Park FL,hvac contractor,gmaps
acrepairopalocka.pro,https://acrepairopalocka.pro,acrepairopalocka.pro,info@acrepairopalocka.pro,,Opa-locka FL,hvac contractor,gmaps
rightwayacrefrigeration.com,https://rightwayacrefrigeration.com,rightwayacrefrigeration.com,info@rightwayacrefrigeration.com,,Opa-locka FL,hvac contractor,gmaps
emergencyaircare.com,https://emergencyaircare.com,emergencyaircare.com,emergencyaircareflllc@gmail.com,,Opa-locka FL,hvac contractor,gmaps
airebarato.com,https://airebarato.com,airebarato.com,info@airebarato.com,,Opa-locka FL,hvac contractor,gmaps
kelvincomfortac.com,https://kelvincomfortac.com,kelvincomfortac.com,kelvincomfortac@gmail.com,,Palm Beach FL,hvac contractor,gmaps
myspectrumac.com,https://myspectrumac.com,myspectrumac.com,info@myspectrumac.com,,Palm Beach FL,hvac contractor,gmaps
kyzarairconditioning.com,https://kyzarairconditioning.com,kyzarairconditioning.com,info@kyzarairconditioning.com,,Palm Beach FL,hvac contractor,gmaps
swabysac.com,https://swabysac.com,swabysac.com,info@swabysac.com,,Palm Beach FL,hvac contractor,gmaps
myairsquad.com,https://myairsquad.com,myairsquad.com,mark@myairsquad.com,,Palm Beach FL,hvac contractor,gmaps
airplusfl.com,https://airplusfl.com,airplusfl.com,wweeiihhuuaanngg@gmail.com,,Palm Beach FL,hvac contractor,gmaps
acrepairnearmewestpalmbeach.pro,https://acrepairnearmewestpalmbeach.pro,acrepairnearmewestpalmbeach.pro,info@acrepairnearmewestpalmbeach.pro,,Palm Beach FL,hvac contractor,gmaps
rocketcooling.com,https://rocketcooling.com,rocketcooling.com,info@rocketcooling.com,,Palm Beach FL,hvac contractor,gmaps
airconditioningrepairwestpalmbeach.pro,https://airconditioningrepairwestpalmbeach.pro,airconditioningrepairwestpalmbeach.pro,info@airconditioningrepairwestpalmbeach.pro,,Palm Beach FL,hvac contractor,gmaps
innovativeairconditioning.com,https://innovativeairconditioning.com,innovativeairconditioning.com,info@innovativeairconditioning.com,,Palm Beach FL,hvac contractor,gmaps
protechair.com,https://protechair.com,protechair.com,247service@gmail.com,,Palm Beach FL,hvac contractor,gmaps
coolairspecialists.com,https://coolairspecialists.com,coolairspecialists.com,ahserv1987@gmail.com,,Palm Beach FL,hvac contractor,gmaps
swiftacfl.com,https://swiftacfl.com,swiftacfl.com,manny@swiftacfl.com,,Palm Beach FL,hvac contractor,gmaps
jlconstructionandair.com,https://jlconstructionandair.com,jlconstructionandair.com,joel.jlcgroup@gmail.com,,Palm Beach FL,hvac contractor,gmaps
accareheatair.com,https://accareheatair.com,accareheatair.com,,,Palm Beach FL,hvac contractor,gmaps
flamingoairandheat.com,https://flamingoairandheat.com,flamingoairandheat.com,service@flamingoairandheat.com,,Palm Beach FL,hvac contractor,gmaps
petraacservices.com,https://petraacservices.com,petraacservices.com,petraacservices@yahoo.com,,Palm Beach FL,hvac contractor,gmaps
prestigeairconditioning.com,https://prestigeairconditioning.com,prestigeairconditioning.com,customerservice@prestigeairconditioning.com,,Palm Beach FL,hvac contractor,gmaps
callcomfortly.com,https://callcomfortly.com,callcomfortly.com,callcomfortly@gmail.com,,Palm Beach FL,hvac contractor,gmaps
acrepairpalmbeach.pro,https://acrepairpalmbeach.pro,acrepairpalmbeach.pro,info@acrepairpalmbeach.pro,,Palm Beach Gardens FL,hvac contractor,gmaps
reyesac.com,https://reyesac.com,reyesac.com,reyesairconditioninginc@gmail.com,,Palm Beach Gardens FL,hvac contractor,gmaps
lmiair.com,https://lmiair.com,lmiair.com,bizops@lmiair.com,,Palm Beach Gardens FL,hvac contractor,gmaps
novaairfl.com,https://novaairfl.com,novaairfl.com,contact@novaairfl.com,,Palm Beach Gardens FL,hvac contractor,gmaps
acrepairwpb.com,https://acrepairwpb.com,acrepairwpb.com,lenny@acrepairwpb.com,,Palm Beach Gardens FL,hvac contractor,gmaps
allproairconditioning.com,https://allproairconditioning.com,allproairconditioning.com,impallari@gmail.com,,Palm Springs FL,hvac contractor,gmaps
palmcityairconditioning.com,https://palmcityairconditioning.com,palmcityairconditioning.com,info@palmcityairconditioning.com,,Palm Springs FL,hvac contractor,gmaps
sfccooling.com,https://sfccooling.com,sfccooling.com,damien@sfccooling.com,,Palm Springs FL,hvac contractor,gmaps
myguyac.com,https://myguyac.com,myguyac.com,carl@myguyac.com,,Palm Springs FL,hvac contractor,gmaps
alexanderairconditioner.com,https://alexanderairconditioner.com,alexanderairconditioner.com,waltercordova9@gmail.com,,Palm Springs FL,hvac contractor,gmaps
palmbeachairsolutions.com,https://palmbeachairsolutions.com,palmbeachairsolutions.com,info@palmbeachairsolutions.com,,Palm Springs FL,hvac contractor,gmaps
smithcoservices.com,https://smithcoservices.com,smithcoservices.com,dispatch@smithcoservices.com,,Palm Springs FL,hvac contractor,gmaps
mtacairconditioning.com,https://mtacairconditioning.com,mtacairconditioning.com,info@mtacairconditioning.com,,Palm Springs FL,hvac contractor,gmaps
chillhouseairconditioning.com,https://chillhouseairconditioning.com,chillhouseairconditioning.com,chillhouseac@gmail.com,,Palmetto Bay FL,hvac contractor,gmaps
cdi-hvac.com,https://cdi-hvac.com,cdi-hvac.com,garcia@cdi-hvac.com,,Palmetto Bay FL,hvac contractor,gmaps
rpmacinc.com,https://rpmacinc.com,rpmacinc.com,ac.rpm.2014@gmail.com,,Palmetto Bay FL,hvac contractor,gmaps
coastalclimatemarine.com,https://coastalclimatemarine.com,coastalclimatemarine.com,info@coastalclimatemarine.com,,Palmetto Bay FL,hvac contractor,gmaps
badersgroupofmiami.com,https://badersgroupofmiami.com,badersgroupofmiami.com,badersgroupofmiamillc@gmail.com,,Palmetto Bay FL,hvac contractor,gmaps
advanceacfla.com,https://advanceacfla.com,advanceacfla.com,advanceairductcleaning@gmail.com,,Palmetto Bay FL,hvac contractor,gmaps
whitesealac.com,https://whitesealac.com,whitesealac.com,whitesealairconditioning@gmail.com,,Parkland FL,hvac contractor,gmaps
acrepaircoralsprings.pro,https://acrepaircoralsprings.pro,acrepaircoralsprings.pro,info@acrepaircoralsprings.pro,,Parkland FL,hvac contractor,gmaps
elitesolutionservices.com,https://elitesolutionservices.com,elitesolutionservices.com,eliteelectricandairservices@gmail.com,,Parkland FL,hvac contractor,gmaps
resurrectionair.com,https://resurrectionair.com,resurrectionair.com,resairllc@gmail.com,,Pembroke Park FL,hvac contractor,gmaps
comfactorac.com,https://comfactorac.com,comfactorac.com,info@comfactorac.com,,Pembroke Park FL,hvac contractor,gmaps
dbairmechanical.com,https://dbairmechanical.com,dbairmechanical.com,dbairmechanical@gmail.com,,Pembroke Park FL,hvac contractor,gmaps
central-airsolutions.com,https://central-airsolutions.com,central-airsolutions.com,service@central-airsolutions.com,,Pembroke Pines FL,hvac contractor,gmaps
theacrepairmen.com,https://theacrepairmen.com,theacrepairmen.com,,,Pembroke Pines FL,hvac contractor,gmaps
freezecoolacrepairpembrokepines.pro,https://freezecoolacrepairpembrokepines.pro,freezecoolacrepairpembrokepines.pro,info@freezecoolacrepairpembrokepines.pro,,Pembroke Pines FL,hvac contractor,gmaps
herbertairductservice.com,https://herbertairductservice.com,herbertairductservice.com,agustin@herbertairductservice.com,,Pembroke Pines FL,hvac contractor,gmaps
air-rightawayinc.com,https://air-rightawayinc.com,air-rightawayinc.com,airrightawayinc17@att.net,,Pembroke Pines FL,hvac contractor,gmaps
casa-fria.com,https://casa-fria.com,casa-fria.com,,,Pinecrest FL,hvac contractor,gmaps
centralairrepair.com,https://centralairrepair.com,centralairrepair.com,info@centralairrepair.com,,Pinecrest FL,hvac contractor,gmaps
chimneysweep.repair,https://chimneysweep.repair,chimneysweep.repair,info@chimneysweep.repair,,Pinecrest FL,hvac contractor,gmaps
airconditionarmy.com,https://airconditionarmy.com,airconditionarmy.com,info@airconditionarmy.com,,Plantation FL,hvac contractor,gmaps
greenapprovedsolutions.com,https://greenapprovedsolutions.com,greenapprovedsolutions.com,info@greenapprovedsolutions.com,,Plantation FL,hvac contractor,gmaps
greenaircares.com,https://greenaircares.com,greenaircares.com,service@greenaircareinc.com,,Plantation FL,hvac contractor,gmaps
kelvinairllc.com,https://kelvinairllc.com,kelvinairllc.com,kelvinair@kelvinairllc.com,,Plantation FL,hvac contractor,gmaps
proservamerica.com,https://proservamerica.com,proservamerica.com,customerservice@proservamerica.com,,Plantation FL,hvac contractor,gmaps
iconairsolutions.com,https://iconairsolutions.com,iconairsolutions.com,info@website.com,,Plantation FL,hvac contractor,gmaps
amsquareacrepair.com,https://amsquareacrepair.com,amsquareacrepair.com,micah@micahrich.com,,Plantation FL,hvac contractor,gmaps
dhis4u.com,https://dhis4u.com,dhis4u.com,dhis4u@yahoo.com,,Plantation FL,hvac contractor,gmaps
coolfactor.pro,https://coolfactor.pro,coolfactor.pro,info@coolfactor.pro,,Plantation FL,hvac contractor,gmaps
neighborsac.com,https://neighborsac.com,neighborsac.com,scheduling@neighborsac.com,,Pompano Beach FL,hvac contractor,gmaps
hvacfl.com,https://hvacfl.com,hvacfl.com,info@hvacfl.com,,Pompano Beach FL,hvac contractor,gmaps
iconairandelectric.com,https://iconairandelectric.com,iconairandelectric.com,contact@iconairandelectric.com,,Pompano Beach FL,hvac contractor,gmaps
joeandjoeac.com,https://joeandjoeac.com,joeandjoeac.com,info@joeandjoeac.com,,Pompano Beach FL,hvac contractor,gmaps
airconint.com,https://airconint.com,airconint.com,nfo@quantogethelp.com,,Pompano Beach FL,hvac contractor,gmaps
emmanuelairconditioning.com,https://emmanuelairconditioning.com,emmanuelairconditioning.com,emmanuelairconditioning@gmail.com,,Pompano Beach FL,hvac contractor,gmaps
apex-rivierabeach.com,https://apex-rivierabeach.com,apex-rivierabeach.com,observices0112@gmail.com,,Riviera Beach FL,hvac contractor,gmaps
acrepairwestpalmbeach.pro,https://acrepairwestpalmbeach.pro,acrepairwestpalmbeach.pro,info@acrepairwestpalmbeach.pro,,Riviera Beach FL,hvac contractor,gmaps
atomizeairsolutions.com,https://atomizeairsolutions.com,atomizeairsolutions.com,info@atomizeairsolutions.com,,Riviera Beach FL,hvac contractor,gmaps
techprosacrepair.com,https://techprosacrepair.com,techprosacrepair.com,info@techprosacrepair.com,,Riviera Beach FL,hvac contractor,gmaps
coolmoonac.com,https://coolmoonac.com,coolmoonac.com,info@coolmoonac.com,,Riviera Beach FL,hvac contractor,gmaps
mitchell-me.com,https://mitchell-me.com,mitchell-me.com,office@mitchell-me.com,,Riviera Beach FL,hvac contractor,gmaps
flamech.com,https://flamech.com,flamech.com,estimating@flamech.wpengine.com,,Riviera Beach FL,hvac contractor,gmaps
oceanbreezemarineair.com,https://oceanbreezemarineair.com,oceanbreezemarineair.com,info@oceanbreezemarineair.com,,Riviera Beach FL,hvac contractor,gmaps
ceedeeac.com,https://ceedeeac.com,ceedeeac.com,tschenck@ceedeeac.com,,Royal Palm Beach FL,hvac contractor,gmaps
servsouthfl.com,https://servsouthfl.com,servsouthfl.com,servsouth@servsouthfl.com,,Royal Palm Beach FL,hvac contractor,gmaps
holmescoolingandheating.com,https://holmescoolingandheating.com,holmescoolingandheating.com,hch@holmescoolingandheating.com,,Royal Palm Beach FL,hvac contractor,gmaps
ccscooling.com,https://ccscooling.com,ccscooling.com,office@ccscooling.com,,Royal Palm Beach FL,hvac contractor,gmaps
koolrays.com,https://koolrays.com,koolrays.com,tracey@koolray.org,,Royal Palm Beach FL,hvac contractor,gmaps
arcoac.com,https://arcoac.com,arcoac.com,support@arcoac.com,,Royal Palm Beach FL,hvac contractor,gmaps
tricountyhvacllc.com,https://tricountyhvacllc.com,tricountyhvacllc.com,contact@tricountyhvacllc.com,,Royal Palm Beach FL,hvac contractor,gmaps
ashurstair.com,https://ashurstair.com,ashurstair.com,micah@micahrich.com,,Royal Palm Beach FL,hvac contractor,gmaps
mycoolac.com,https://mycoolac.com,mycoolac.com,cam@mycoolac.com,,Royal Palm Beach FL,hvac contractor,gmaps
kaylorac.com,https://kaylorac.com,kaylorac.com,kaylorac@aol.com,,Royal Palm Beach FL,hvac contractor,gmaps
averyairprofessionals.com,https://averyairprofessionals.com,averyairprofessionals.com,info@averyairprofessionals.com,,Royal Palm Beach FL,hvac contractor,gmaps
hvacprime.square.site,https://hvacprime.square.site,hvacprime.square.site,hi@mystore.com,,Royal Palm Beach FL,hvac contractor,gmaps
dwcoolrunning.com,https://dwcoolrunning.com,dwcoolrunning.com,dwcoolrunning@gmail.com,,Sea Ranch Lakes FL,hvac contractor,gmaps
coolcontrolinc.com,https://coolcontrolinc.com,coolcontrolinc.com,sales@coolcontrolinc.com,,Sea Ranch Lakes FL,hvac contractor,gmaps
vladsacinc.com,https://vladsacinc.com,vladsacinc.com,vladsacinc@gmail.com,,Sea Ranch Lakes FL,hvac contractor,gmaps
adaflorida.com,https://adaflorida.com,adaflorida.com,info@adaflorida.com,,Sea Ranch Lakes FL,hvac contractor,gmaps
allthingsacrepair.com,https://allthingsacrepair.com,allthingsacrepair.com,ira@allthingsairconditioning.com,,Sea Ranch Lakes FL,hvac contractor,gmaps
coolingtempz.com,https://coolingtempz.com,coolingtempz.com,coolingtempz@gmail.com,,Sea Ranch Lakes FL,hvac contractor,gmaps
solomoscontracting.com,https://solomoscontracting.com,solomoscontracting.com,info@solomoscontracting.com,,Sea Ranch Lakes FL,hvac contractor,gmaps
dynamichvcsolutions.netlify.app,https://dynamichvcsolutions.netlify.app,dynamichvcsolutions.netlify.app,charles.rodgers@dynamicair.biz,,Sea Ranch Lakes FL,hvac contractor,gmaps
topnotchdryerventcleaning.com,https://topnotchdryerventcleaning.com,topnotchdryerventcleaning.com,topnotch.acservices@gmail.com,,Sea Ranch Lakes FL,hvac contractor,gmaps
pocadair.com,https://pocadair.com,pocadair.com,contact@pocadair.com,,Sea Ranch Lakes FL,hvac contractor,gmaps
skyline-ac.com,https://skyline-ac.com,skyline-ac.com,skylineac.llc@gmail.com,,Sea Ranch Lakes FL,hvac contractor,gmaps
commercialbldrs.com,https://commercialbldrs.com,commercialbldrs.com,info@commercialbldrs.com,,Sea Ranch Lakes FL,hvac contractor,gmaps
acrepairsouthmiami.pro,https://acrepairsouthmiami.pro,acrepairsouthmiami.pro,info@acrepairsouthmiami.pro,,South Miami FL,hvac contractor,gmaps
livingairinc.com,https://livingairinc.com,livingairinc.com,livingair@ymail.com,,South Miami FL,hvac contractor,gmaps
soflowac.com,https://soflowac.com,soflowac.com,info@soflowac.com,,South Miami FL,hvac contractor,gmaps
gregorymechanical.net,https://gregorymechanical.net,gregorymechanical.net,ac.steve@icloud.com,,South Miami FL,hvac contractor,gmaps
ductmasters.com,https://ductmasters.com,ductmasters.com,support@ductmasters.com,,Southwest Ranches FL,hvac contractor,gmaps
martinsfamilycooling.com,https://martinsfamilycooling.com,martinsfamilycooling.com,martinfamilycooling@gmail.com,,Southwest Ranches FL,hvac contractor,gmaps
alamarmoverscompanyllc.website,https://alamarmoverscompanyllc.website,alamarmoverscompanyllc.website,info@alamar-movers.com,,Southwest Ranches FL,hvac contractor,gmaps
cvacexpert.com,https://cvacexpert.com,cvacexpert.com,cvacexpert@gmail.com,,Southwest Ranches FL,hvac contractor,gmaps
smcairconditioning.com,https://smcairconditioning.com,smcairconditioning.com,,,Southwest Ranches FL,hvac contractor,gmaps
ingramair.com,https://ingramair.com,ingramair.com,justin@ingramair.com,,Southwest Ranches FL,hvac contractor,gmaps
greendiamondairduct.com,https://greendiamondairduct.com,greendiamondairduct.com,info@mysite.com,,Sunny Isles Beach FL,hvac contractor,gmaps
acrepaircompanymiami.com,https://acrepaircompanymiami.com,acrepaircompanymiami.com,info@acrepaircompanymiami.com,,Sunny Isles Beach FL,hvac contractor,gmaps
calljackrabbit.com,https://calljackrabbit.com,calljackrabbit.com,contact@calljackrabbit.com,,Sunrise FL,hvac contractor,gmaps
rescueaircompany.com,https://rescueaircompany.com,rescueaircompany.com,rescueaircompany@gmail.com,,Sunrise FL,hvac contractor,gmaps
southeastcoolingandheating.com,https://southeastcoolingandheating.com,southeastcoolingandheating.com,southeastcooling@gmail.com,,Sunrise FL,hvac contractor,gmaps
summamechanicalcontractors.com,https://summamechanicalcontractors.com,summamechanicalcontractors.com,info@summamechanical.com,,Sunrise FL,hvac contractor,gmaps
koltecrefrigerationandairconditioning.com,https://koltecrefrigerationandairconditioning.com,koltecrefrigerationandairconditioning.com,astigma@astigmatic.com,,Sunrise FL,hvac contractor,gmaps
hydronestexperts.site,https://hydronestexperts.site,hydronestexperts.site,admin@hydronestexperts.site,,Sunrise FL,hvac contractor,gmaps
thermia.us,https://thermia.us,thermia.us,info@thermia.us,,Sunrise FL,hvac contractor,gmaps
metroheatingrepair.com,https://metroheatingrepair.com,metroheatingrepair.com,info@metroheatingrepair.com,,Sunrise FL,hvac contractor,gmaps
samcoengineeringinc.com,https://samcoengineeringinc.com,samcoengineeringinc.com,info@samcoengineeringinc.com,,Sunrise FL,hvac contractor,gmaps
coolgodsacrepair.pro,https://coolgodsacrepair.pro,coolgodsacrepair.pro,info@coolgodsacrepair.pro,,Surfside FL,hvac contractor,gmaps
coolwaterac.com,https://coolwaterac.com,coolwaterac.com,steve@coolwaterac.com,,Surfside FL,hvac contractor,gmaps
60degreesfl.com,https://60degreesfl.com,60degreesfl.com,info@60degreesfl.com,,Sweetwater FL,hvac contractor,gmaps
iceagecooling.com,https://iceagecooling.com,iceagecooling.com,info@iceagecooling.com,,Sweetwater FL,hvac contractor,gmaps
everwellparts.com,https://everwellparts.com,everwellparts.com,customerservice@everwellparts.com,,Sweetwater FL,hvac contractor,gmaps
frostioinnovationsacrepairs.pro,https://frostioinnovationsacrepairs.pro,frostioinnovationsacrepairs.pro,info@frostioinnovationsacrepairs.com,,Sweetwater FL,hvac contractor,gmaps
deplus.us,https://deplus.us,deplus.us,sales@deplus.us,,Sweetwater FL,hvac contractor,gmaps
inca-air.com,https://inca-air.com,inca-air.com,eben@eyebytes.com,,Tamarac FL,hvac contractor,gmaps
articarc.com,https://articarc.com,articarc.com,service@articarc.com,,Tamarac FL,hvac contractor,gmaps
craneac.com,https://craneac.com,craneac.com,crane@craneac.com,,Tamarac FL,hvac contractor,gmaps
coolingnation.com,https://coolingnation.com,coolingnation.com,coolingnationllc@gmail.com,,Tamiami FL,hvac contractor,gmaps
sharkac.com,https://sharkac.com,sharkac.com,manicreativo.design@gmail.com,,Tamiami FL,hvac contractor,gmaps
dcooler.com,https://dcooler.com,dcooler.com,info@dcooler.com,,Tamiami FL,hvac contractor,gmaps
quality-breeze.com,https://quality-breeze.com,quality-breeze.com,info@quality-breeze.com,,The Hammocks FL,hvac contractor,gmaps
actropicalfl.com,https://actropicalfl.com,actropicalfl.com,info@actropicalfl.com,,The Hammocks FL,hvac contractor,gmaps
goacrepair.com,https://goacrepair.com,goacrepair.com,goacrepair@gmail.com,,The Hammocks FL,hvac contractor,gmaps
hvacrservicegroup.com,https://hvacrservicegroup.com,hvacrservicegroup.com,info@hvacrservicegroup.com,,The Hammocks FL,hvac contractor,gmaps
proairconditioning.com,https://proairconditioning.com,proairconditioning.com,info@proairconditioning.com,,The Hammocks FL,hvac contractor,gmaps
standardacfl.com,https://standardacfl.com,standardacfl.com,info@standardacfl.com,,The Hammocks FL,hvac contractor,gmaps
fastacrepaircoolingsolutions.com,https://fastacrepaircoolingsolutions.com,fastacrepaircoolingsolutions.com,info@fastacrepaircoolingsolutions.com,,The Hammocks FL,hvac contractor,gmaps
mepcontractors.net,https://mepcontractors.net,mepcontractors.net,info@1239326.us8.myftpupload.com,,The Hammocks FL,hvac contractor,gmaps
coolingdistributors.com,https://coolingdistributors.com,coolingdistributors.com,example@mysite.com,,Virginia Gardens FL,hvac contractor,gmaps
floridaairtemp.com,https://floridaairtemp.com,floridaairtemp.com,greg@floridaairtemp.com,,Wellington FL,hvac contractor,gmaps
brennanac.com,https://brennanac.com,brennanac.com,thomas@brennanac.com,,Wellington FL,hvac contractor,gmaps
automatedairconditioning.com,https://automatedairconditioning.com,automatedairconditioning.com,automatedair@gmail.com,,Wellington FL,hvac contractor,gmaps
airductcleaningwellington.pro,https://airductcleaningwellington.pro,airductcleaningwellington.pro,taniya@airductcleaningwellington.pro,,Wellington FL,hvac contractor,gmaps
rescueclean911.com,https://rescueclean911.com,rescueclean911.com,info@rescueclean911.com,,Wellington FL,hvac contractor,gmaps
prosairconditioningcleaningservices.pro,https://prosairconditioningcleaningservices.pro,prosairconditioningcleaningservices.pro,jameelhaider1190@gmail.com,,Wellington FL,hvac contractor,gmaps
procoolingac.com,https://procoolingac.com,procoolingac.com,team@latofonts.com,,West Park FL,hvac contractor,gmaps
ecogreenactoday.com,https://ecogreenactoday.com,ecogreenactoday.com,contact@ecogreenactoday.com,,West Park FL,hvac contractor,gmaps
xtremeacservice.com,https://xtremeacservice.com,xtremeacservice.com,xtremeservice01@gmail.com,,West Park FL,hvac contractor,gmaps
emeraldostel.com,https://emeraldostel.com,emeraldostel.com,,,Westchester FL,hvac contractor,gmaps
prtcoolservice.com,https://prtcoolservice.com,prtcoolservice.com,prtinc@bellsouth.net,,Westchester FL,hvac contractor,gmaps
coolingdynamicsinc.com,https://coolingdynamicsinc.com,coolingdynamicsinc.com,charlescoolingdynamics@gmail.com,,Weston FL,hvac contractor,gmaps
coldenheat.com,https://coldenheat.com,coldenheat.com,info@coldenheat.com,,Weston FL,hvac contractor,gmaps
filterbuy.com,https://filterbuy.com,filterbuy.com,info@filterbuy.com,,Weston FL,hvac contractor,gmaps
acrepairsbyhvacmax.com,https://acrepairsbyhvacmax.com,acrepairsbyhvacmax.com,info@acrepairsbyhvacmax.com,,Weston FL,hvac contractor,gmaps
italbreezeac.com,https://italbreezeac.com,italbreezeac.com,service@italbreezeac.com,,Weston FL,hvac contractor,gmaps
liablecontrols.com,https://liablecontrols.com,liablecontrols.com,info@liablecontrols.com,,Weston FL,hvac contractor,gmaps
superioracservice.com,https://superioracservice.com,superioracservice.com,info@superioracservice.com,,Weston FL,hvac contractor,gmaps
acrepairprofl.com,https://acrepairprofl.com,acrepairprofl.com,sales@acrepairprofl.browardplumbing.net,,Wilton Manors FL,hvac contractor,gmaps
polaredgeacrepairs.com,https://polaredgeacrepairs.com,polaredgeacrepairs.com,info@polaredgeacrepairs.com,,Wilton Manors FL,hvac contractor,gmaps
fixmyairhvac.com,https://fixmyairhvac.com,fixmyairhvac.com,service@fixmyairhvac.com,,Wilton Manors FL,hvac contractor,gmaps
bennettmarineservices.com,https://bennettmarineservices.com,bennettmarineservices.com,service@bennettmarineservices.com,,Wilton Manors FL,hvac contractor,gmaps
solar-airinc.com,https://solar-airinc.com,solar-airinc.com,solarairinc@msn.com,,Wilton Manors FL,hvac contractor,gmaps
acnerdz.com,https://acnerdz.com,acnerdz.com,acnerdzfl@gmail.com,,Aventura FL,air conditioning repair,gmaps
247airsolution.com,https://247airsolution.com,247airsolution.com,service@247airsolution.com,,Aventura FL,air conditioning repair,gmaps
techyaventura.com,https://techyaventura.com,techyaventura.com,aventura@techycompany.com,,Aventura FL,air conditioning repair,gmaps
bhgreenimprovement.com,https://bhgreenimprovement.com,bhgreenimprovement.com,info@bhgreenimprovement.com,,Aventura FL,air conditioning repair,gmaps
acqualityrepairllc.com,https://acqualityrepairllc.com,acqualityrepairllc.com,yandyrios@icloud.com,,Bal Harbour FL,air conditioning repair,gmaps
itechappliances.com,https://itechappliances.com,itechappliances.com,info@itechappliances.com,,Bal Harbour FL,air conditioning repair,gmaps
kleinairconditioning.com,https://kleinairconditioning.com,kleinairconditioning.com,support@kleinairconditioning.com,,Bal Harbour FL,air conditioning repair,gmaps
blueoceanacrepair.com,https://blueoceanacrepair.com,blueoceanacrepair.com,office@blueoceanacrepair.com,,Bal Harbour FL,air conditioning repair,gmaps
bestcreair.com,https://bestcreair.com,bestcreair.com,inina@bestcreair.com,,Bal Harbour FL,air conditioning repair,gmaps
miamimoldservices.com,https://miamimoldservices.com,miamimoldservices.com,info@miamimoldservices.com,,Bay Harbor Islands FL,air conditioning repair,gmaps
jandcac.com,https://jandcac.com,jandcac.com,joe@jandcac.com,,Bay Harbor Islands FL,air conditioning repair,gmaps
thelandon.com,https://thelandon.com,thelandon.com,info@thelandon.com,,Bay Harbor Islands FL,air conditioning repair,gmaps
bestprosacrepairmiami.pro,https://bestprosacrepairmiami.pro,bestprosacrepairmiami.pro,info@bestprosacrepairmiami.pro,,Biscayne Park FL,air conditioning repair,gmaps
appliancesrepairmculai.com,https://appliancesrepairmculai.com,appliancesrepairmculai.com,mr.culaimihai@gmail.com,,Biscayne Park FL,air conditioning repair,gmaps
noasair.com,https://noasair.com,noasair.com,noasair75@gmail.com,,Boca Raton FL,air conditioning repair,gmaps
aircoolingsupreme.com,https://aircoolingsupreme.com,aircoolingsupreme.com,support@aircoolingsupreme.com,,Boca Raton FL,air conditioning repair,gmaps
myairexpert.com,https://myairexpert.com,myairexpert.com,info@myairexpert.com,,Boca Raton FL,air conditioning repair,gmaps
airsharksinc.com,https://airsharksinc.com,airsharksinc.com,airsharksinc@gmail.com,,Boca Raton FL,air conditioning repair,gmaps
appliancekoa.com,https://appliancekoa.com,appliancekoa.com,customerservice@appliancekoa.com,,Boynton Beach FL,air conditioning repair,gmaps
avirepair.com,https://avirepair.com,avirepair.com,avielrepair@gmail.com,,Boynton Beach FL,air conditioning repair,gmaps
aztechacservices.com,https://aztechacservices.com,aztechacservices.com,aztechacservices@gmail.com,,Coconut Creek FL,air conditioning repair,gmaps
allcountymobilerepair.com,https://allcountymobilerepair.com,allcountymobilerepair.com,info@website.com,,Coconut Creek FL,air conditioning repair,gmaps
tdairconditioning.com,https://tdairconditioning.com,tdairconditioning.com,service@tdairconditioning.com,,Coconut Creek FL,air conditioning repair,gmaps
aerofixacrepairs.com,https://aerofixacrepairs.com,aerofixacrepairs.com,info@aerofixacrepairs.com,,Coconut Grove FL,air conditioning repair,gmaps
thermoproacrepairs.com,https://thermoproacrepairs.com,thermoproacrepairs.com,info@thermoproacrepairs.com,,Coconut Grove FL,air conditioning repair,gmaps
greenbeeair.com,https://greenbeeair.com,greenbeeair.com,info@greenbeeaie.com,,Cooper City FL,air conditioning repair,gmaps
maxacrepairs.com,https://maxacrepairs.com,maxacrepairs.com,info@maxacrepairs.com,,Coral Gables FL,air conditioning repair,gmaps
royalductmasterscleaning.com,https://royalductmasterscleaning.com,royalductmasterscleaning.com,info@ventguardairductcleaning.com,,Coral Gables FL,air conditioning repair,gmaps
azoneair.com,https://azoneair.com,azoneair.com,azoneair@aol.com,,Coral Gables FL,air conditioning repair,gmaps
nextcoolacrepairs.com,https://nextcoolacrepairs.com,nextcoolacrepairs.com,info@nextcoolacrepairs.com,,Coral Gables FL,air conditioning repair,gmaps
trueproacrepairs.com,https://trueproacrepairs.com,trueproacrepairs.com,info@trueproacrepairs.com,,Coral Gables FL,air conditioning repair,gmaps
hvacteamacrepairs.com,https://hvacteamacrepairs.com,hvacteamacrepairs.com,info@hvacteamacrepairs.com,,Coral Gables FL,air conditioning repair,gmaps
deepaircool.com,https://deepaircool.com,deepaircool.com,contact@deepaircool.com,,Coral Gables FL,air conditioning repair,gmaps
universeductcleaning.com,https://universeductcleaning.com,universeductcleaning.com,universeductclean@gmail.com,,Coral Springs FL,air conditioning repair,gmaps
vrserviceexperts.com,https://vrserviceexperts.com,vrserviceexperts.com,vrserviceexperts@gmail.com,,Coral Springs FL,air conditioning repair,gmaps
americanservicealliance.com,https://americanservicealliance.com,americanservicealliance.com,info@americanservicealliance.com,,Coral Springs FL,air conditioning repair,gmaps
trustedcoolingsolutions.com,https://trustedcoolingsolutions.com,trustedcoolingsolutions.com,trustedcoolingsolutions@gmail.com,,Coral Springs FL,air conditioning repair,gmaps
fastservicerepairs.com,https://fastservicerepairs.com,fastservicerepairs.com,reypincho1206@gmail.com,,Cutler Bay FL,air conditioning repair,gmaps
chillzoneac.com,https://chillzoneac.com,chillzoneac.com,sales@chillzoneac.com,,Cutler Bay FL,air conditioning repair,gmaps
mechanicsinmotion.tech,https://mechanicsinmotion.tech,mechanicsinmotion.tech,info@mechanicsinmotion.tech,,Cutler Bay FL,air conditioning repair,gmaps
gdmaster.net,https://gdmaster.net,gdmaster.net,applianceflorida@yahoo.com,,Dania Beach FL,air conditioning repair,gmaps
acsoldiers.com,https://acsoldiers.com,acsoldiers.com,contact@acsoldiers.com,,Dania Beach FL,air conditioning repair,gmaps
mabrumarine.com,https://mabrumarine.com,mabrumarine.com,sales@mabrumarine.com,,Dania Beach FL,air conditioning repair,gmaps
motronix.net,https://motronix.net,motronix.net,servicedesk@motronix.net,,Dania Beach FL,air conditioning repair,gmaps
accooling305.godaddysites.com,https://accooling305.godaddysites.com,accooling305.godaddysites.com,micah@micahrich.com,,Davie FL,air conditioning repair,gmaps
aasupplyco.com,https://aasupplyco.com,aasupplyco.com,sales@aasupplyco.com,,Davie FL,air conditioning repair,gmaps
airrevive.com,https://airrevive.com,airrevive.com,info@airrevive.com,,Davie FL,air conditioning repair,gmaps
autobizdeerfield.com,https://autobizdeerfield.com,autobizdeerfield.com,autobizfl@gmail.com,,Deerfield Beach FL,air conditioning repair,gmaps
ddprimeauto.netlify.app,https://ddprimeauto.netlify.app,ddprimeauto.netlify.app,ddprimeautoservices@gmail.com,,Deerfield Beach FL,air conditioning repair,gmaps
authoritycool.com,https://authoritycool.com,authoritycool.com,contact@authoritycool.com,,Delray Beach FL,air conditioning repair,gmaps
ahdelray.com,https://ahdelray.com,ahdelray.com,info@ahdelray.com,,Delray Beach FL,air conditioning repair,gmaps
myshopmanager.com,https://myshopmanager.com,myshopmanager.com,support@myshopmanager.com,,Delray Beach FL,air conditioning repair,gmaps
qualityoilexchange.com,https://qualityoilexchange.com,qualityoilexchange.com,adam@qualityoilexchange.com,,Delray Beach FL,air conditioning repair,gmaps
gatorairusa.com,https://gatorairusa.com,gatorairusa.com,micah@micahrich.com,,Delray Beach FL,air conditioning repair,gmaps
eliteservicesac.com,https://eliteservicesac.com,eliteservicesac.com,contact@eliteservicesac.com,,Doral FL,air conditioning repair,gmaps
flairductcleaning.com,https://flairductcleaning.com,flairductcleaning.com,info@flairductcleaning.com,,Doral FL,air conditioning repair,gmaps
airnovasolutions.com,https://airnovasolutions.com,airnovasolutions.com,info@airnovasolutions.com,,Doral FL,air conditioning repair,gmaps
allimporttech.com,https://allimporttech.com,allimporttech.com,all.import.tec5020@att.net,,Doral FL,air conditioning repair,gmaps
martiautoservice.com,https://martiautoservice.com,martiautoservice.com,info@martiautoservice.com,,Doral FL,air conditioning repair,gmaps
rheem.com,https://rheem.com,rheem.com,web.applications@rheem.com,,Doral FL,air conditioning repair,gmaps
airdoctor.us,https://airdoctor.us,airdoctor.us,airdoctor911@gmail.com,,Doral FL,air conditioning repair,gmaps
treasurecoastair.com,https://treasurecoastair.com,treasurecoastair.com,tcac1990@att.net,,Florida City FL,air conditioning repair,gmaps
miamiacrepair.acbrothers.com,https://miamiacrepair.acbrothers.com,miamiacrepair.acbrothers.com,info@acbrothers.com,,Florida City FL,air conditioning repair,gmaps
blueocean-air.com,https://blueocean-air.com,blueocean-air.com,wweeiihhuuaanngg@gmail.com,,Fontainebleau FL,air conditioning repair,gmaps
daxion.com,https://daxion.com,daxion.com,contact@daxion.com,,Fontainebleau FL,air conditioning repair,gmaps
atlanticautofix.com,https://atlanticautofix.com,atlanticautofix.com,info@atlanticautofix.com,,Fort Lauderdale FL,air conditioning repair,gmaps
supercoolacrepair.com,https://supercoolacrepair.com,supercoolacrepair.com,suprkool@yahoo.com,,Fort Lauderdale FL,air conditioning repair,gmaps
epairconditioningservices.com,https://epairconditioningservices.com,epairconditioningservices.com,celvi.ortiz@gmail.com,,Fort Lauderdale FL,air conditioning repair,gmaps
hawthornemarine.com,https://hawthornemarine.com,hawthornemarine.com,info@hawthornemarine.com,,Fort Lauderdale FL,air conditioning repair,gmaps
neptunemarineac.com,https://neptunemarineac.com,neptunemarineac.com,neptuneaircorp@gmail.com,,Fort Lauderdale FL,air conditioning repair,gmaps
schedule.autoops.com,https://schedule.autoops.com,schedule.autoops.com,hello@autoops.com,,Greenacres FL,air conditioning repair,gmaps
waccairllc.com,https://waccairllc.com,waccairllc.com,waccair@gmail.com,,Greenacres FL,air conditioning repair,gmaps
dynastyventcleaning.live,https://dynastyventcleaning.live,dynastyventcleaning.live,reagan@dynastyventcleaning.live,,Greenacres FL,air conditioning repair,gmaps
wiseairconditioning.com,https://wiseairconditioning.com,wiseairconditioning.com,info@wiseairconditioning.com,,Greenacres FL,air conditioning repair,gmaps
masterhvacsolutions.com,https://masterhvacsolutions.com,masterhvacsolutions.com,info@masterhvacsolutions.com,,Greenacres FL,air conditioning repair,gmaps
enterthecoolzone.net,https://enterthecoolzone.net,enterthecoolzone.net,info@enterthecoolzone.net,,Greenacres FL,air conditioning repair,gmaps
mrcoolairhandymanservices.com,https://mrcoolairhandymanservices.com,mrcoolairhandymanservices.com,contact@mrcoolairhandymanservices.com,,Greenacres FL,air conditioning repair,gmaps
greenacreschimneyanddryerservices.com,https://greenacreschimneyanddryerservices.com,greenacreschimneyanddryerservices.com,info@greenacreschimneyanddryerservices.com,,Greenacres FL,air conditioning repair,gmaps
cupelliauto.com,https://cupelliauto.com,cupelliauto.com,info@cupelliauto.com,,Greenacres FL,air conditioning repair,gmaps
brakekingdom.com,https://brakekingdom.com,brakekingdom.com,brakekingdom1@gmail.com,,Hallandale Beach FL,air conditioning repair,gmaps
allproeuropean.com,https://allproeuropean.com,allproeuropean.com,allproeuropean@gmail.com,,Hallandale Beach FL,air conditioning repair,gmaps
acautorepairmiami.com,https://acautorepairmiami.com,acautorepairmiami.com,artemisaautoair@gmail.com,,Hialeah FL,air conditioning repair,gmaps
liamc.us,https://liamc.us,liamc.us,liamcservices@gmail.com,,Hialeah FL,air conditioning repair,gmaps
autocentercorp.com,https://autocentercorp.com,autocentercorp.com,1autocentercorp@gmail.com,,Hialeah FL,air conditioning repair,gmaps
apairconditioning.com,https://apairconditioning.com,apairconditioning.com,service@apairconditioning.com,,Hialeah FL,air conditioning repair,gmaps
sfaweb.com,https://sfaweb.com,sfaweb.com,you@company.com,,Hialeah FL,air conditioning repair,gmaps
hialeahautocare.com,https://hialeahautocare.com,hialeahautocare.com,service@hialeahautocare.com,,Hialeah FL,air conditioning repair,gmaps
alaskaautoair.com,https://alaskaautoair.com,alaskaautoair.com,sales@alaskaautoair.com,,Hialeah FL,air conditioning repair,gmaps
masterrepairservicez.com,https://masterrepairservicez.com,masterrepairservicez.com,carterhenderson@masterrepairservicez.com,,Hialeah FL,air conditioning repair,gmaps
ozoneairdesign.com,https://ozoneairdesign.com,ozoneairdesign.com,,,Hialeah FL,air conditioning repair,gmaps
centralaircontrol.com,https://centralaircontrol.com,centralaircontrol.com,customerservice@centralaircontrol.com,,Hialeah FL,air conditioning repair,gmaps
lakesautocenter.com,https://lakesautocenter.com,lakesautocenter.com,support@lakesautocenter.com,,Hialeah FL,air conditioning repair,gmaps
apexpressair.com,https://apexpressair.com,apexpressair.com,apexpressair@gmail.com,,Hialeah FL,air conditioning repair,gmaps
tiofrioacrepairs.com,https://tiofrioacrepairs.com,tiofrioacrepairs.com,info@tiofrioacrepairs.com,,Hialeah Gardens FL,air conditioning repair,gmaps
prettycoolacrepairs.com,https://prettycoolacrepairs.com,prettycoolacrepairs.com,info@prettycoolacrepairs.com,,Hialeah Gardens FL,air conditioning repair,gmaps
pierreappliances.com,https://pierreappliances.com,pierreappliances.com,pierreappliancesrepair@gmail.com,,Hillsboro Beach FL,air conditioning repair,gmaps
chillzonecooling.com,https://chillzonecooling.com,chillzonecooling.com,randall@chillzonecooling.com,,Hillsboro Beach FL,air conditioning repair,gmaps
oceanclubdb.com,https://oceanclubdb.com,oceanclubdb.com,dfrieman@comcast.net,,Hillsboro Beach FL,air conditioning repair,gmaps
sammyautohouse.com,https://sammyautohouse.com,sammyautohouse.com,sammy@sammysautohouse.net,,Hillsboro Beach FL,air conditioning repair,gmaps
palaceair.net,https://palaceair.net,palaceair.net,support@palaceair.net,,Hillsboro Beach FL,air conditioning repair,gmaps
royalflamingovillas.com,https://royalflamingovillas.com,royalflamingovillas.com,reservations@royalflamingovillas.com,,Hillsboro Beach FL,air conditioning repair,gmaps
deerfieldautoservice.com,https://deerfieldautoservice.com,deerfieldautoservice.com,,,Hillsboro Beach FL,air conditioning repair,gmaps
agcbuildingservices.com,https://agcbuildingservices.com,agcbuildingservices.com,4globaldispatch@gmail.com,,Hillsboro Beach FL,air conditioning repair,gmaps
airfellows.com,https://airfellows.com,airfellows.com,contact@airfellows.com,,Hillsboro Beach FL,air conditioning repair,gmaps
martincoolingfl.com,https://martincoolingfl.com,martincoolingfl.com,mrmartinappliances@gmail.com,,Hollywood FL,air conditioning repair,gmaps
accleaningandrepair.com,https://accleaningandrepair.com,accleaningandrepair.com,sale@airbulance.com,,Hollywood FL,air conditioning repair,gmaps
isacoolair.com,https://isacoolair.com,isacoolair.com,isacool2021@gmail.com,,Hollywood FL,air conditioning repair,gmaps
itechccc.com,https://itechccc.com,itechccc.com,itech@itechccc.com,,Hollywood FL,air conditioning repair,gmaps
ngoqualityservices.com,https://ngoqualityservices.com,ngoqualityservices.com,ngoqualityservices24@gmail.com,,Hollywood FL,air conditioning repair,gmaps
prestigeautoworx.com,https://prestigeautoworx.com,prestigeautoworx.com,melanieautocare@gmail.com,,Homestead FL,air conditioning repair,gmaps
miamimarioautorepair.com,https://miamimarioautorepair.com,miamimarioautorepair.com,mariobautorepair@gmail.com,,Homestead FL,air conditioning repair,gmaps
supremeacrepairsolutions.com,https://supremeacrepairsolutions.com,supremeacrepairsolutions.com,info@supremeacrepairsolutions.com,,Homestead FL,air conditioning repair,gmaps
sfairconditioningpros.com,https://sfairconditioningpros.com,sfairconditioningpros.com,info@sfairconditioningpros.com,,Homestead FL,air conditioning repair,gmaps
adamsmobilemechanicinmiami.com,https://adamsmobilemechanicinmiami.com,adamsmobilemechanicinmiami.com,impallari@gmail.com,,Homestead FL,air conditioning repair,gmaps
miami-kendall-homestead-mobileautorepair.com,https://miami-kendall-homestead-mobileautorepair.com,miami-kendall-homestead-mobileautorepair.com,miamimobileautorepairservice@gmail.com,,Homestead FL,air conditioning repair,gmaps
maxicoldacrepairs.com,https://maxicoldacrepairs.com,maxicoldacrepairs.com,info@maxicoldacrepairs.com,,Homestead FL,air conditioning repair,gmaps
homealliance.com,https://homealliance.com,homealliance.com,info@homealliance.com,,Homestead FL,air conditioning repair,gmaps
homesteadtireandauto.com,https://homesteadtireandauto.com,homesteadtireandauto.com,homesteadtire@aol.com,,Homestead FL,air conditioning repair,gmaps
adautoelectricparts.com,https://adautoelectricparts.com,adautoelectricparts.com,info@adautoelectricparts.com,,Homestead FL,air conditioning repair,gmaps
brinksalarmhomesecuritysystems-dhsalarms.com,https://brinksalarmhomesecuritysystems-dhsalarms.com,brinksalarmhomesecuritysystems-dhsalarms.com,info@brinkshomesecuritysystemsdlr-dhsalarm.com,,Homestead FL,air conditioning repair,gmaps
livewinchestergardens.com,https://livewinchestergardens.com,livewinchestergardens.com,contact@mysite.com,,Homestead FL,air conditioning repair,gmaps
carlsacandappliance.com,https://carlsacandappliance.com,carlsacandappliance.com,carlsac@me.com,,Jupiter FL,air conditioning repair,gmaps
airmanautomotive.com,https://airmanautomotive.com,airmanautomotive.com,info@mysite.com,,Jupiter FL,air conditioning repair,gmaps
carageauto.com,https://carageauto.com,carageauto.com,jortiz@foreignaffairsauto.com,,Jupiter FL,air conditioning repair,gmaps
greenworksac.com,https://greenworksac.com,greenworksac.com,sales@greenworksac.com,,Jupiter FL,air conditioning repair,gmaps
carcareofjupiter.com,https://carcareofjupiter.com,carcareofjupiter.com,astigma@astigmatic.com,,Jupiter FL,air conditioning repair,gmaps
abacoauto.com,https://abacoauto.com,abacoauto.com,admin@abacoauto.com,,Jupiter FL,air conditioning repair,gmaps
free-4016430.webador.com,https://free-4016430.webador.com,free-4016430.webador.com,support@webador.com,,Jupiter FL,air conditioning repair,gmaps
northpalmbeachacrepair.site,https://northpalmbeachacrepair.site,northpalmbeachacrepair.site,info@northpalmbeachacrepair.site,,Jupiter FL,air conditioning repair,gmaps
mikesautojupiter.com,https://mikesautojupiter.com,mikesautojupiter.com,autorepair@mikesautojupiter.com,,Jupiter FL,air conditioning repair,gmaps
dryerventcleaningjupiter.com,https://dryerventcleaningjupiter.com,dryerventcleaningjupiter.com,admin@dryerventcleaningjupiter.com,,Jupiter FL,air conditioning repair,gmaps
precisionexperts.site,https://precisionexperts.site,precisionexperts.site,allison@precisionexperts.site,,Jupiter FL,air conditioning repair,gmaps
engelcoolers.com,https://engelcoolers.com,engelcoolers.com,info@engelcoolers.com,,Jupiter FL,air conditioning repair,gmaps
jerrysappliancerepairs.com,https://jerrysappliancerepairs.com,jerrysappliancerepairs.com,jerrysappliancerepairs@gmail.com,,Jupiter FL,air conditioning repair,gmaps
trumechac.com,https://trumechac.com,trumechac.com,trumechac@gmail.com,,Jupiter FL,air conditioning repair,gmaps
transmissionrepairwpb.com,https://transmissionrepairwpb.com,transmissionrepairwpb.com,matt@pixelspread.com,,Jupiter FL,air conditioning repair,gmaps
a1rvrepair.com,https://a1rvrepair.com,a1rvrepair.com,service@a1rvrepair.com,,Jupiter FL,air conditioning repair,gmaps
lacoair.com,https://lacoair.com,lacoair.com,info@expertstone.co.uk,,Kendall FL,air conditioning repair,gmaps
oneshotair.com,https://oneshotair.com,oneshotair.com,info@oneshotair.com,,Kendall FL,air conditioning repair,gmaps
kdmechanical.com,https://kdmechanical.com,kdmechanical.com,info@kdmechanical.com,,Key Biscayne FL,air conditioning repair,gmaps
floridaappliancepros.com,https://floridaappliancepros.com,floridaappliancepros.com,team@floridaappliancepros.com,,Key Biscayne FL,air conditioning repair,gmaps
keycolonyone.com,https://keycolonyone.com,keycolonyone.com,susan@keycolonynone.com,,Key Biscayne FL,air conditioning repair,gmaps
unitedrestorationteam.com,https://unitedrestorationteam.com,unitedrestorationteam.com,you@emailhost.com,,Key Biscayne FL,air conditioning repair,gmaps
airductcleaningmiamips.com,https://airductcleaningmiamips.com,airductcleaningmiamips.com,airductcleaningmiamips@gmail.com,,Key Biscayne FL,air conditioning repair,gmaps
economicalautomotivefl.com,https://economicalautomotivefl.com,economicalautomotivefl.com,admin@economicalautomotivefl.com,,Lake Park FL,air conditioning repair,gmaps
atriumair.com,https://atriumair.com,atriumair.com,info@atriumair.com,,Lake Worth Beach FL,air conditioning repair,gmaps
bobbysdryervent.live,https://bobbysdryervent.live,bobbysdryervent.live,kelsey@bobbysdryervent.live,,Lake Worth Beach FL,air conditioning repair,gmaps
coolnickac.com,https://coolnickac.com,coolnickac.com,info@coolnickac.com,,Lantana FL,air conditioning repair,gmaps
restoreremodelrenew.com,https://restoreremodelrenew.com,restoreremodelrenew.com,info@restorepbc.com,,Lantana FL,air conditioning repair,gmaps
fasttireautorepair.com,https://fasttireautorepair.com,fasttireautorepair.com,example@mysite.com,,Lantana FL,air conditioning repair,gmaps
z77a.top,https://z77a.top,z77a.top,hello@locmaps.com,,Lantana FL,air conditioning repair,gmaps
frenchsclimatespecialists.com,https://frenchsclimatespecialists.com,frenchsclimatespecialists.com,steph@frenchsclimatespecialists.com,,Lantana FL,air conditioning repair,gmaps
acrepairsbyfreezetop.com,https://acrepairsbyfreezetop.com,acrepairsbyfreezetop.com,info@acrepairsbyfreezetop.com,,Lauderdale Lakes FL,air conditioning repair,gmaps
atltamarac.com,https://atltamarac.com,atltamarac.com,info@atltamarac.com,,Lauderhill FL,air conditioning repair,gmaps
dryerventcleaningprosfl.com,https://dryerventcleaningprosfl.com,dryerventcleaningprosfl.com,contact@dryerventcleaningpros.com,,Lighthouse Point FL,air conditioning repair,gmaps
aimhvacservices.com,https://aimhvacservices.com,aimhvacservices.com,luis33162@hotmail.com,,Margate FL,air conditioning repair,gmaps
expertauto.net,https://expertauto.net,expertauto.net,fred.balgobin@gmail.com,,Margate FL,air conditioning repair,gmaps
nextgenerationelectricalcontractors.com,https://nextgenerationelectricalcontractors.com,nextgenerationelectricalcontractors.com,help@nextgenerationelectricalcontractors.com,,Margate FL,air conditioning repair,gmaps
clima-parts.net,https://clima-parts.net,clima-parts.net,angel@dharmamarketing.cloud,,Medley FL,air conditioning repair,gmaps
jorgeapplianceservice.com,https://jorgeapplianceservice.com,jorgeapplianceservice.com,info@jorgeapplianceservice.com,,Miami Gardens FL,air conditioning repair,gmaps
nevadosacservices.com,https://nevadosacservices.com,nevadosacservices.com,acnevados@gmail.com,,Miami Lakes FL,air conditioning repair,gmaps
nova-air-power.square.site,https://nova-air-power.square.site,nova-air-power.square.site,novairpower@gmail.com,,Miramar FL,air conditioning repair,gmaps
sunsetsparkelectric.com,https://sunsetsparkelectric.com,sunsetsparkelectric.com,info@sunsetsparkelectric.com,,Miramar FL,air conditioning repair,gmaps
phoenixcompleteauto.com,https://phoenixcompleteauto.com,phoenixcompleteauto.com,phoenixauto97@gmail.com,,North Miami Beach FL,air conditioning repair,gmaps
albatechhvac.com,https://albatechhvac.com,albatechhvac.com,ed@albatechac.com,,Oakland Park FL,air conditioning repair,gmaps
martyscompleteauto.com,https://martyscompleteauto.com,martyscompleteauto.com,mwinkler3@comcast.net,,Oakland Park FL,air conditioning repair,gmaps
kingsairconditioning.net,https://kingsairconditioning.net,kingsairconditioning.net,jonpinhorn.typedesign@gmail.com,,Oakland Park FL,air conditioning repair,gmaps
recogroupsolutions.com,https://recogroupsolutions.com,recogroupsolutions.com,sales@recogroupsolutions.com,,Opa-locka FL,air conditioning repair,gmaps
kkemergencysystems.com,https://kkemergencysystems.com,kkemergencysystems.com,sales@kkemergencysystems.com,,Opa-locka FL,air conditioning repair,gmaps
usaroadservice.net,https://usaroadservice.net,usaroadservice.net,usaroadservice@yahoo.com,,Opa-locka FL,air conditioning repair,gmaps
fbeservicesinsulation.com,https://fbeservicesinsulation.com,fbeservicesinsulation.com,fbe@servicesinsulation.com,,Opa-locka FL,air conditioning repair,gmaps
fs-compression.com,https://fs-compression.com,fs-compression.com,info@fs-compression.com,,Opa-locka FL,air conditioning repair,gmaps
airsuperhero.com,https://airsuperhero.com,airsuperhero.com,sebastian@aldusleaf.org,,Palm Beach FL,air conditioning repair,gmaps
sosaac.com,https://sosaac.com,sosaac.com,sosaair@yahoo.com,,Palm Beach FL,air conditioning repair,gmaps
summit-ac.com,https://summit-ac.com,summit-ac.com,office@summit-ac.com,,Palm Beach FL,air conditioning repair,gmaps
palmbeachgardensacrepair.site,https://palmbeachgardensacrepair.site,palmbeachgardensacrepair.site,info@palmbeachgardensacrepair.site,,Palm Beach Gardens FL,air conditioning repair,gmaps
palmspringsautorepair.com,https://palmspringsautorepair.com,palmspringsautorepair.com,palmspringsacauto@gmail.com,,Palm Springs FL,air conditioning repair,gmaps
acandheatbycase.com,https://acandheatbycase.com,acandheatbycase.com,support@webador.com,,Palmetto Bay FL,air conditioning repair,gmaps
nachosappliancerepair.com,https://nachosappliancerepair.com,nachosappliancerepair.com,losnachos46@gmail.com,,Palmetto Bay FL,air conditioning repair,gmaps
williamsonacpro.com,https://williamsonacpro.com,williamsonacpro.com,info@williamsonacpro.com,,Palmetto Bay FL,air conditioning repair,gmaps
cruzacserviceandpartsinc.com,https://cruzacserviceandpartsinc.com,cruzacserviceandpartsinc.com,hassancruz84@hotmail.com,,Palmetto Bay FL,air conditioning repair,gmaps
anthonysairconditioning.com,https://anthonysairconditioning.com,anthonysairconditioning.com,info@anthonyscooling.com,,Palmetto Bay FL,air conditioning repair,gmaps
simoneair.com,https://simoneair.com,simoneair.com,info@simoneair.com,,Palmetto Bay FL,air conditioning repair,gmaps
charliesautorepairs.com,https://charliesautorepairs.com,charliesautorepairs.com,charliesauto@bellsouth.net,,Palmetto Bay FL,air conditioning repair,gmaps
skywayacservice.com,https://skywayacservice.com,skywayacservice.com,skywayacservice@gmail.com,,Palmetto Bay FL,air conditioning repair,gmaps
reliablervrepairs.com,https://reliablervrepairs.com,reliablervrepairs.com,service@reliablervrepair.com,,Palmetto Bay FL,air conditioning repair,gmaps
spartanrestorations.com,https://spartanrestorations.com,spartanrestorations.com,olemoine@spartanrestorations.com,,Parkland FL,air conditioning repair,gmaps
dryerventcleaningprosparkland.com,https://dryerventcleaningprosparkland.com,dryerventcleaningprosparkland.com,contact@dryerventcleaningpros.com,,Parkland FL,air conditioning repair,gmaps
acfilters4less.com,https://acfilters4less.com,acfilters4less.com,info@acfilters4less.com,,Parkland FL,air conditioning repair,gmaps
floridabuildcontractors.com,https://floridabuildcontractors.com,floridabuildcontractors.com,info@floridabuildcontractors.com,,Parkland FL,air conditioning repair,gmaps
alldryparkland.com,https://alldryparkland.com,alldryparkland.com,example@gmail.com,,Parkland FL,air conditioning repair,gmaps
garrisonmechanical.com,https://garrisonmechanical.com,garrisonmechanical.com,info@garrisonmechanical.com,,Pembroke Park FL,air conditioning repair,gmaps
airaidexperts.pro,https://airaidexperts.pro,airaidexperts.pro,info@airaidexperts.pro,,Pembroke Park FL,air conditioning repair,gmaps
polarbearsprofessionalservices.com,https://polarbearsprofessionalservices.com,polarbearsprofessionalservices.com,polarbearsacllc@gmail.com,,Pembroke Park FL,air conditioning repair,gmaps
brakeworldpp.com,https://brakeworldpp.com,brakeworldpp.com,brake5560@gmail.com,,Pembroke Pines FL,air conditioning repair,gmaps
autotechmobilemechanic.com,https://autotechmobilemechanic.com,autotechmobilemechanic.com,manuelfelix56@gmail.com,,Pembroke Pines FL,air conditioning repair,gmaps
subcoolair.com,https://subcoolair.com,subcoolair.com,subcool614@gmail.com,,Pembroke Pines FL,air conditioning repair,gmaps
hvacpartners.net,https://hvacpartners.net,hvacpartners.net,info@hvacpartners.net,,Pinecrest FL,air conditioning repair,gmaps
xplorekidz.com,https://xplorekidz.com,xplorekidz.com,hello@xplorekidz.com,,Pinecrest FL,air conditioning repair,gmaps
agappliances.com,https://agappliances.com,agappliances.com,info@agappliances.com,,Plantation FL,air conditioning repair,gmaps
clearskybreezecare.site,https://clearskybreezecare.site,clearskybreezecare.site,johndoe@gmail.com,,Plantation FL,air conditioning repair,gmaps
apolloairconditioning.com,https://apolloairconditioning.com,apolloairconditioning.com,info@apolloairconditioning.com,,Riviera Beach FL,air conditioning repair,gmaps
acbrothers.com,https://acbrothers.com,acbrothers.com,info@acbrothers.com,,Royal Palm Beach FL,air conditioning repair,gmaps
airandheatinc.net,https://airandheatinc.net,airandheatinc.net,contact@sansoxygen.com,,Sea Ranch Lakes FL,air conditioning repair,gmaps
voltagehomeservice.com,https://voltagehomeservice.com,voltagehomeservice.com,info@voltagehomeservice.com,,Sunny Isles Beach FL,air conditioning repair,gmaps
maxcoldacrepairs.com,https://maxcoldacrepairs.com,maxcoldacrepairs.com,info@maxcoldacrepairs.com,,Sunny Isles Beach FL,air conditioning repair,gmaps
brightchoicemaintenance.com,https://brightchoicemaintenance.com,brightchoicemaintenance.com,brightchoicemaintenance@gmail.com,,Sunrise FL,air conditioning repair,gmaps
browardautomotive.com,https://browardautomotive.com,browardautomotive.com,browardautomotive@gmail.com,,Sunrise FL,air conditioning repair,gmaps
acvibesmiami.com,https://acvibesmiami.com,acvibesmiami.com,acvibesmiami@gmail.com,,Sweetwater FL,air conditioning repair,gmaps
daizuki.com,https://daizuki.com,daizuki.com,info@daizuki.com,,Sweetwater FL,air conditioning repair,gmaps
aireng.com,https://aireng.com,aireng.com,info@aireng.com,,Sweetwater FL,air conditioning repair,gmaps
honoracservices.com,https://honoracservices.com,honoracservices.com,daniel@honoracservices.com,,Sweetwater FL,air conditioning repair,gmaps
coolinggenius.com,https://coolinggenius.com,coolinggenius.com,jcruz@coolinggenius.com,,Sweetwater FL,air conditioning repair,gmaps
brophyair.com,https://brophyair.com,brophyair.com,office@brophyair.com,,Sweetwater FL,air conditioning repair,gmaps
galoair.com,https://galoair.com,galoair.com,services@galoir.com,,Sweetwater FL,air conditioning repair,gmaps
theultimateautocare.com,https://theultimateautocare.com,theultimateautocare.com,ultimateautocare@gmail.com,,Tamarac FL,air conditioning repair,gmaps
dandjappliancerepair.com,https://dandjappliancerepair.com,dandjappliancerepair.com,info@dandjappliancerepair.com,,Tamarac FL,air conditioning repair,gmaps
ocellosautomotive.com,https://ocellosautomotive.com,ocellosautomotive.com,ocellosauto@gmail.com,,Tamarac FL,air conditioning repair,gmaps
trustedcoolacrepairs.com,https://trustedcoolacrepairs.com,trustedcoolacrepairs.com,info@trustedcoolacrepairs.com,,Tamiami FL,air conditioning repair,gmaps
bettercoldacrepairservice.com,https://bettercoldacrepairservice.com,bettercoldacrepairservice.com,info@bettercoldacrepairservice.com,,Tamiami FL,air conditioning repair,gmaps
bluecoolacrepair.com,https://bluecoolacrepair.com,bluecoolacrepair.com,info@bluecoolacrepair.com,,Tamiami FL,air conditioning repair,gmaps
rpsairconditioning.com,https://rpsairconditioning.com,rpsairconditioning.com,,,The Hammocks FL,air conditioning repair,gmaps
experttechhammocks.com,https://experttechhammocks.com,experttechhammocks.com,contact@sansoxygen.com,,The Hammocks FL,air conditioning repair,gmaps
cvoair.com,https://cvoair.com,cvoair.com,cvomechanical@gmail.com,,The Hammocks FL,air conditioning repair,gmaps
ddebenezer.com,https://ddebenezer.com,ddebenezer.com,soporte@webador.es,,The Hammocks FL,air conditioning repair,gmaps
acrepairinnovators.pro,https://acrepairinnovators.pro,acrepairinnovators.pro,info@acrepairinnovators.pro,,The Hammocks FL,air conditioning repair,gmaps
cmhvac.com,https://cmhvac.com,cmhvac.com,rconley@cmhvac.com,,The Hammocks FL,air conditioning repair,gmaps
coldurbanoacrepairs.com,https://coldurbanoacrepairs.com,coldurbanoacrepairs.com,info@coldurbanoacrepairs.com,,The Hammocks FL,air conditioning repair,gmaps
reliableprosacrepair.com,https://reliableprosacrepair.com,reliableprosacrepair.com,info@reliableprosacrepair.com,,The Hammocks FL,air conditioning repair,gmaps
evo-air.com,https://evo-air.com,evo-air.com,chris@evo-eir.com,,The Hammocks FL,air conditioning repair,gmaps
kleanonair.com,https://kleanonair.com,kleanonair.com,mwilord@kleanonair.com,,Wellington FL,air conditioning repair,gmaps
airmetrix.org,https://airmetrix.org,airmetrix.org,airmetrix@icloud.com,,Wellington FL,air conditioning repair,gmaps
oakwoodairsolutions.site,https://oakwoodairsolutions.site,oakwoodairsolutions.site,info@oakwoodairsolutions.site,,Wellington FL,air conditioning repair,gmaps
marvinair.com,https://marvinair.com,marvinair.com,marvinair@aol.com,,Weston FL,air conditioning repair,gmaps
taylorus.com,https://taylorus.com,taylorus.com,info@taylorus.com,,Weston FL,air conditioning repair,gmaps
vmechac.com,https://vmechac.com,vmechac.com,office@vmechac.com,,Weston FL,air conditioning repair,gmaps
rescuecoolingrentals.com,https://rescuecoolingrentals.com,rescuecoolingrentals.com,info@rescuecooling.com,,Wilton Manors FL,air conditioning repair,gmaps
starquicklube.com,https://starquicklube.com,starquicklube.com,,,Wilton Manors FL,air conditioning repair,gmaps
inandoutinsulationandsprayfoam.com,https://inandoutinsulationandsprayfoam.com,inandoutinsulationandsprayfoam.com,inandoutinsulationandsprayfoam@gmail.com,,Wilton Manors FL,air conditioning repair,gmaps
itsurgarage.com,https://itsurgarage.com,itsurgarage.com,itsyourgaragemail@gmail.com,,Aventura FL,auto repair shop,gmaps
boluxmia.com,https://boluxmia.com,boluxmia.com,boluxllc@gmail.com,,Aventura FL,auto repair shop,gmaps
aventuracollision.com,https://aventuracollision.com,aventuracollision.com,aventurabodyoffice@gmail.com,,Aventura FL,auto repair shop,gmaps
playaauto.com,https://playaauto.com,playaauto.com,playa9141@gmail.com,,Bal Harbour FL,auto repair shop,gmaps
dynamotiv.com,https://dynamotiv.com,dynamotiv.com,service@dynamotiv.com,,Bal Harbour FL,auto repair shop,gmaps
europeanautoworld.com,https://europeanautoworld.com,europeanautoworld.com,info@mercedesservices.com,,Bal Harbour FL,auto repair shop,gmaps
transmissionsunlimitedfl.com,https://transmissionsunlimitedfl.com,transmissionsunlimitedfl.com,jvizca@bellsouth.net,,Bal Harbour FL,auto repair shop,gmaps
miamiautoinspections.com,https://miamiautoinspections.com,miamiautoinspections.com,miamiautoinspections@gmail.com,,Bal Harbour FL,auto repair shop,gmaps
devomotors.com,https://devomotors.com,devomotors.com,desk@devo-motors.com,,Bal Harbour FL,auto repair shop,gmaps
ubreakwheelfix.com,https://ubreakwheelfix.com,ubreakwheelfix.com,info@ubreakwheelfix.com,,Bal Harbour FL,auto repair shop,gmaps
northmiamibodyshop.com,https://northmiamibodyshop.com,northmiamibodyshop.com,info@northmiamibodyshop.com,,Bal Harbour FL,auto repair shop,gmaps
vantagemotorworks.com,https://vantagemotorworks.com,vantagemotorworks.com,info@vantagemotorworks.com,,Bal Harbour FL,auto repair shop,gmaps
nmbcollisionexperts.com,https://nmbcollisionexperts.com,nmbcollisionexperts.com,info@mysite.com,,Bal Harbour FL,auto repair shop,gmaps
carwise.com,https://carwise.com,carwise.com,support@carwise.com,,Bal Harbour FL,auto repair shop,gmaps
shamrocktrim.com,https://shamrocktrim.com,shamrocktrim.com,shamrocktrim@aol.com,,Bal Harbour FL,auto repair shop,gmaps
balharbourflowers.com,https://balharbourflowers.com,balharbourflowers.com,info2@surfflorist.com,,Bal Harbour FL,auto repair shop,gmaps
miamicycles.net,https://miamicycles.net,miamicycles.net,miamicycles@comcast.net,,Bal Harbour FL,auto repair shop,gmaps
autobodylab.com,https://autobodylab.com,autobodylab.com,contactus@autobodylab.com,,Bal Harbour FL,auto repair shop,gmaps
tiresplus.com,https://tiresplus.com,tiresplus.com,webmaster@tiresplus.com,,Bal Harbour FL,auto repair shop,gmaps
autotechimportmiami.com,https://autotechimportmiami.com,autotechimportmiami.com,example@mysite.com,,Bal Harbour FL,auto repair shop,gmaps
mrjetskimiami.com,https://mrjetskimiami.com,mrjetskimiami.com,micah@micahrich.com,,Bal Harbour FL,auto repair shop,gmaps
beachhauscollection.com,https://beachhauscollection.com,beachhauscollection.com,info@beachhaus.net,,Bal Harbour FL,auto repair shop,gmaps
uribecarservices.com,https://uribecarservices.com,uribecarservices.com,contact@uribecarservices.com,,Bal Harbour FL,auto repair shop,gmaps
bigedautorescue.com,https://bigedautorescue.com,bigedautorescue.com,bigedautorescue@gmail.com,,Bal Harbour FL,auto repair shop,gmaps
miamiviplimo.com,https://miamiviplimo.com,miamiviplimo.com,,,Bal Harbour FL,auto repair shop,gmaps
ridersmiami.com,https://ridersmiami.com,ridersmiami.com,ridersmiamimotos@gmail.com,,Bal Harbour FL,auto repair shop,gmaps
generalautotires.com,https://generalautotires.com,generalautotires.com,generalautorepairs97@gmail.com,,Biscayne Park FL,auto repair shop,gmaps
mobileautodetailings.com,https://mobileautodetailings.com,mobileautodetailings.com,contact@mysite.com,,Biscayne Park FL,auto repair shop,gmaps
app.shopmonkey.cloud,https://app.shopmonkey.cloud,app.shopmonkey.cloud,payments@shopmonkey.io,,Biscayne Park FL,auto repair shop,gmaps
chevron.com,https://chevron.com,chevron.com,chvcips@chevron.com,,Biscayne Park FL,auto repair shop,gmaps
tonyvehiclesolution.com,https://tonyvehiclesolution.com,tonyvehiclesolution.com,tonyvehiclesolutions@gmail.com,,Biscayne Park FL,auto repair shop,gmaps
gratis-5236143.webadorsite.com,https://gratis-5236143.webadorsite.com,gratis-5236143.webadorsite.com,soporte@webador.es,,Biscayne Park FL,auto repair shop,gmaps
europeanmastertechofmiami.com,https://europeanmastertechofmiami.com,europeanmastertechofmiami.com,europeanmastertechofmiami@gmail.com,,Biscayne Park FL,auto repair shop,gmaps
bangautoglass.com,https://bangautoglass.com,bangautoglass.com,appointments@bangautoglass.com,,Biscayne Park FL,auto repair shop,gmaps
peakmobileautocare.com,https://peakmobileautocare.com,peakmobileautocare.com,service@peakmobileautocare.com,,Biscayne Park FL,auto repair shop,gmaps
ernestomobilemechanic.com,https://ernestomobilemechanic.com,ernestomobilemechanic.com,ernesto1mobilemechanic@gmail.com,,Biscayne Park FL,auto repair shop,gmaps
allautotech.com,https://allautotech.com,allautotech.com,info@allautotech.com,,Biscayne Park FL,auto repair shop,gmaps
vipmiamiauto.com,https://vipmiamiauto.com,vipmiamiauto.com,vipmiamiauto@gmail.com,,Biscayne Park FL,auto repair shop,gmaps
mybocaautoservice.com,https://mybocaautoservice.com,mybocaautoservice.com,bocaautoservice1@gmail.com,,Boca Raton FL,auto repair shop,gmaps
bocaautofix.com,https://bocaautofix.com,bocaautofix.com,service@bocaautofix.com,,Boca Raton FL,auto repair shop,gmaps
autoclinicofbocaraton.godaddysites.com,https://autoclinicofbocaraton.godaddysites.com,autoclinicofbocaraton.godaddysites.com,micah@micahrich.com,,Boca Raton FL,auto repair shop,gmaps
discountautorepairboca.com,https://discountautorepairboca.com,discountautorepairboca.com,info@discountautorepairboca.com,,Boca Raton FL,auto repair shop,gmaps
bocasbestauto.com,https://bocasbestauto.com,bocasbestauto.com,bocasbestrepair@gmail.com,,Boca Raton FL,auto repair shop,gmaps
absoluteautoboca.com,https://absoluteautoboca.com,absoluteautoboca.com,service@absoluteautoboca.com,,Boca Raton FL,auto repair shop,gmaps
spanishriverautorepair.com,https://spanishriverautorepair.com,spanishriverautorepair.com,srautorepair@bellsouth.net,,Boca Raton FL,auto repair shop,gmaps
europeanautorepaircenter.com,https://europeanautorepaircenter.com,europeanautorepaircenter.com,euromastertech@gmail.com,,Boca Raton FL,auto repair shop,gmaps
billscollision-web-makeover.lovable.app,https://billscollision-web-makeover.lovable.app,billscollision-web-makeover.lovable.app,shop@billsautoboca.com,,Boca Raton FL,auto repair shop,gmaps
brasusaautocare.com,https://brasusaautocare.com,brasusaautocare.com,brasusaautocare@gmail.com,,Boca Raton FL,auto repair shop,gmaps
colbycoauto.com,https://colbycoauto.com,colbycoauto.com,info@colbycoauto.com,,Boca Raton FL,auto repair shop,gmaps
euroautorepairflorida.com,https://euroautorepairflorida.com,euroautorepairflorida.com,europeanfinecarrepairs@gmail.com,,Boca Raton FL,auto repair shop,gmaps
westbocaauto.com,https://westbocaauto.com,westbocaauto.com,westbocaauto@hotmail.com,,Boca Raton FL,auto repair shop,gmaps
dixieautotechs.com,https://dixieautotechs.com,dixieautotechs.com,jonpinhorn.typedesign@gmail.com,,Boca Raton FL,auto repair shop,gmaps
autorepairbocaraton.com,https://autorepairbocaraton.com,autorepairbocaraton.com,,,Boca Raton FL,auto repair shop,gmaps
exoticautoboca.com,https://exoticautoboca.com,exoticautoboca.com,exoticautoboca@gmail.com,,Boca Raton FL,auto repair shop,gmaps
brakeszone.com,https://brakeszone.com,brakeszone.com,brakeszone@gmail.com,,Boca Raton FL,auto repair shop,gmaps
excellrace.com,https://excellrace.com,excellrace.com,rob@excellrace.com,,Boca Raton FL,auto repair shop,gmaps
firstclassboca.com,https://firstclassboca.com,firstclassboca.com,office@firstclassboca.com,,Boca Raton FL,auto repair shop,gmaps
bocapb.com,https://bocapb.com,bocapb.com,info@bocapb.com,,Boca Raton FL,auto repair shop,gmaps
miamiengines.com,https://miamiengines.com,miamiengines.com,rosa@miamiengines.com,,Boca Raton FL,auto repair shop,gmaps
euroautotechinc.com,https://euroautotechinc.com,euroautotechinc.com,info@euroautotechinc.com,,Boca Raton FL,auto repair shop,gmaps
carstar.com,https://carstar.com,carstar.com,esther@imagemakers-inc.com,,Boca Raton FL,auto repair shop,gmaps
tradefl.com,https://tradefl.com,tradefl.com,tradeflinc@gmail.com,,Boca Raton FL,auto repair shop,gmaps
a1bodyandglass.com,https://a1bodyandglass.com,a1bodyandglass.com,mcastro@a1bodyandglass.com,,Boca Raton FL,auto repair shop,gmaps
sunshinecollisioncenter.com,https://sunshinecollisioncenter.com,sunshinecollisioncenter.com,scc33431@hotmail.com,,Boca Raton FL,auto repair shop,gmaps
hacollisionrepair.com,https://hacollisionrepair.com,hacollisionrepair.com,hacollisionrepair@gmail.com,,Boca Raton FL,auto repair shop,gmaps
boyntonautorepair.com,https://boyntonautorepair.com,boyntonautorepair.com,bsony56@yahoo.com,,Boynton Beach FL,auto repair shop,gmaps
eastcoastautoservice.com,https://eastcoastautoservice.com,eastcoastautoservice.com,eastcoastautoservice1@gmail.com,,Boynton Beach FL,auto repair shop,gmaps
mobileautomechanicexperts.com,https://mobileautomechanicexperts.com,mobileautomechanicexperts.com,robertwilliams.200547@gmail.com,,Boynton Beach FL,auto repair shop,gmaps
lazosautorepair.com,https://lazosautorepair.com,lazosautorepair.com,lazosautos@outlook.com,,Boynton Beach FL,auto repair shop,gmaps
nealsautohaus.com,https://nealsautohaus.com,nealsautohaus.com,nealsautohaus@gmail.com,,Boynton Beach FL,auto repair shop,gmaps
floridaautoelectric.com,https://floridaautoelectric.com,floridaautoelectric.com,info@floridaautoelectric.com,,Boynton Beach FL,auto repair shop,gmaps
aetireservicesinc.com,https://aetireservicesinc.com,aetireservicesinc.com,t.anderson_info@aetireservicesinc.com,,Boynton Beach FL,auto repair shop,gmaps
dmautorepairshop.com,https://dmautorepairshop.com,dmautorepairshop.com,info@dmautorepairshop.com,,Boynton Beach FL,auto repair shop,gmaps
necessarystockinginc.com,https://necessarystockinginc.com,necessarystockinginc.com,info.nsi@yahoo.com,,Boynton Beach FL,auto repair shop,gmaps
gardenstowinginc.com,https://gardenstowinginc.com,gardenstowinginc.com,info@gardenstowinginc.com,,Boynton Beach FL,auto repair shop,gmaps
exoticmotorwork.com,https://exoticmotorwork.com,exoticmotorwork.com,contact@sansoxygen.com,,Boynton Beach FL,auto repair shop,gmaps
euroautollc.com,https://euroautollc.com,euroautollc.com,info@euroautollc.com,,Boynton Beach FL,auto repair shop,gmaps
rabbit-repair.com,https://rabbit-repair.com,rabbit-repair.com,,,Boynton Beach FL,auto repair shop,gmaps
obdautorepair.com,https://obdautorepair.com,obdautorepair.com,obdautorepair1@gmail.com,,Boynton Beach FL,auto repair shop,gmaps
pbdyno.com,https://pbdyno.com,pbdyno.com,support@pbdyno.com,,Boynton Beach FL,auto repair shop,gmaps
miznerstorallbb.com,https://miznerstorallbb.com,miznerstorallbb.com,miznerstorallbb@gmail.com,,Boynton Beach FL,auto repair shop,gmaps
soflopaintz.com,https://soflopaintz.com,soflopaintz.com,sam@soflopaintz.com,,Boynton Beach FL,auto repair shop,gmaps
nextgenerationcollision.com,https://nextgenerationcollision.com,nextgenerationcollision.com,office@nextgenerationcollision.com,,Boynton Beach FL,auto repair shop,gmaps
scratchsolution.ueniweb.com,https://scratchsolution.ueniweb.com,scratchsolution.ueniweb.com,thadsifuentes@yahoo.com,,Boynton Beach FL,auto repair shop,gmaps
wheelfixitusa.com,https://wheelfixitusa.com,wheelfixitusa.com,wheelfixitusa17@gmail.com,,Boynton Beach FL,auto repair shop,gmaps
discountautotirechoice.com,https://discountautotirechoice.com,discountautotirechoice.com,discounttirechoice@gmail.com,,Coconut Creek FL,auto repair shop,gmaps
performanceplusmotorsports.com,https://performanceplusmotorsports.com,performanceplusmotorsports.com,info@performanceplusmotorsports.com,,Coconut Creek FL,auto repair shop,gmaps
germanlinemotorsports.com,https://germanlinemotorsports.com,germanlinemotorsports.com,germanlinemotorsports@gmail.com,,Coconut Creek FL,auto repair shop,gmaps
leonardiperformance.com,https://leonardiperformance.com,leonardiperformance.com,contact@leonardiperformance.com,,Coconut Creek FL,auto repair shop,gmaps
mrautoclinic.net,https://mrautoclinic.net,mrautoclinic.net,mrautoclinic@bellsouth.net,,Coconut Creek FL,auto repair shop,gmaps
precisiontune.com,https://precisiontune.com,precisiontune.com,customerservice@precisionac.com,,Coconut Creek FL,auto repair shop,gmaps
sunnyshineautoglass.com,https://sunnyshineautoglass.com,sunnyshineautoglass.com,autoglass@sunnyshineautoglass.com,,Coconut Creek FL,auto repair shop,gmaps
expertcarcare.com,https://expertcarcare.com,expertcarcare.com,lakenona@expertcarcare.com,,Coconut Creek FL,auto repair shop,gmaps
asaproadsideservices.com,https://asaproadsideservices.com,asaproadsideservices.com,asaproadsideservices@gmail.com,,Coconut Creek FL,auto repair shop,gmaps
stuckeys-autoservices-sales.ueniweb.com,https://stuckeys-autoservices-sales.ueniweb.com,stuckeys-autoservices-sales.ueniweb.com,stuckeysauto@gmail.com,,Coconut Creek FL,auto repair shop,gmaps
drbrakesusa.com,https://drbrakesusa.com,drbrakesusa.com,drbrakesfl@gmail.com,,Coconut Creek FL,auto repair shop,gmaps
zippylubeandcarcare.com,https://zippylubeandcarcare.com,zippylubeandcarcare.com,zippyauto@gmail.com,,Coconut Creek FL,auto repair shop,gmaps
autorepairkings.com,https://autorepairkings.com,autorepairkings.com,autorepairkings@outlook.com,,Coconut Creek FL,auto repair shop,gmaps
euromotiveperformance.com,https://euromotiveperformance.com,euromotiveperformance.com,info@euromotiveperformance.com,,Coconut Creek FL,auto repair shop,gmaps
autospotfl.com,https://autospotfl.com,autospotfl.com,autospotfl@gmail.com,,Coconut Creek FL,auto repair shop,gmaps
a1-autoworks.com,https://a1-autoworks.com,a1-autoworks.com,a1autowrks@gmail.com,,Coconut Creek FL,auto repair shop,gmaps
autovice1.com,https://autovice1.com,autovice1.com,nadir1718@gmail.com,,Coconut Grove FL,auto repair shop,gmaps
tireskingofmiami.com,https://tireskingofmiami.com,tireskingofmiami.com,support@tireskingofmiami.com,,Coconut Grove FL,auto repair shop,gmaps
miamivipcarservice.com,https://miamivipcarservice.com,miamivipcarservice.com,booking@miamivipcarservice.com,,Coconut Grove FL,auto repair shop,gmaps
giantmotorsauto.com,https://giantmotorsauto.com,giantmotorsauto.com,jorge@giantmotorsauto.com,,Coconut Grove FL,auto repair shop,gmaps
autorepaircoralgables.com,https://autorepaircoralgables.com,autorepaircoralgables.com,varese@bellsouth.net,,Coconut Grove FL,auto repair shop,gmaps
alexexpressautorepair.com,https://alexexpressautorepair.com,alexexpressautorepair.com,alex@alexexpressautorepair.com,,Coconut Grove FL,auto repair shop,gmaps
elmotorepair.com,https://elmotorepair.com,elmotorepair.com,elmotorepair@gmail.com,,Coconut Grove FL,auto repair shop,gmaps
brickellautocollisioncenter.com,https://brickellautocollisioncenter.com,brickellautocollisioncenter.com,info@aapattersonbodyshop.com,,Coconut Grove FL,auto repair shop,gmaps
vertexauto.com,https://vertexauto.com,vertexauto.com,sales@vertexauto.com,,Coconut Grove FL,auto repair shop,gmaps
masterclassauto.com,https://masterclassauto.com,masterclassauto.com,info@masterclassauto.com,,Coconut Grove FL,auto repair shop,gmaps
glassusa.com,https://glassusa.com,glassusa.com,company.info@glassusa.com,,Coconut Grove FL,auto repair shop,gmaps
usatiresandautorepair.com,https://usatiresandautorepair.com,usatiresandautorepair.com,ali323029@gmail.com,,Coconut Grove FL,auto repair shop,gmaps
gwaxsh.com,https://gwaxsh.com,gwaxsh.com,mobile@gwaxsh.com,,Coconut Grove FL,auto repair shop,gmaps
shiplux.com,https://shiplux.com,shiplux.com,sales@shiplux.com,,Coconut Grove FL,auto repair shop,gmaps
miamiclutch.com,https://miamiclutch.com,miamiclutch.com,miamiclutch@att.net,,Coconut Grove FL,auto repair shop,gmaps
the-auto-dr.com,https://the-auto-dr.com,the-auto-dr.com,theautodr1111@gmail.com,,Cooper City FL,auto repair shop,gmaps
germancardepot.com,https://germancardepot.com,germancardepot.com,media@germancardepot.com,,Cooper City FL,auto repair shop,gmaps
competitioncarcare.com,https://competitioncarcare.com,competitioncarcare.com,competitioncarcare@gmail.com,,Cooper City FL,auto repair shop,gmaps
techycoopercity.com,https://techycoopercity.com,techycoopercity.com,coopercity@techycompany.com,,Cooper City FL,auto repair shop,gmaps
county-widelockoutsandmore.com,https://county-widelockoutsandmore.com,county-widelockoutsandmore.com,24hrautoservices@gmail.com,,Cooper City FL,auto repair shop,gmaps
mastertechautoshop.com,https://mastertechautoshop.com,mastertechautoshop.com,service@mastertechautoshop.com,,Cooper City FL,auto repair shop,gmaps
nationaltireshollywood441.com,https://nationaltireshollywood441.com,nationaltireshollywood441.com,nationaltires441hollywood@gmail.com,,Cooper City FL,auto repair shop,gmaps
colormateauto.com,https://colormateauto.com,colormateauto.com,info@colormateauto.com,,Cooper City FL,auto repair shop,gmaps
amsjettransmissions.com,https://amsjettransmissions.com,amsjettransmissions.com,jettransmission@aol.com,,Cooper City FL,auto repair shop,gmaps
washandwaxpros.com,https://washandwaxpros.com,washandwaxpros.com,,,Cooper City FL,auto repair shop,gmaps
potentialchurch.com,https://potentialchurch.com,potentialchurch.com,info@potentialchurch.com,,Cooper City FL,auto repair shop,gmaps
sakuramassages.com,https://sakuramassages.com,sakuramassages.com,yingliu7001@gmail.com,,Cooper City FL,auto repair shop,gmaps
2cousinsautobody.com,https://2cousinsautobody.com,2cousinsautobody.com,2cuzauto@gmail.com,,Cooper City FL,auto repair shop,gmaps
orbit-store.com,https://orbit-store.com,orbit-store.com,sales@orbit-store.com,,Cooper City FL,auto repair shop,gmaps
pinelakelaundry.com,https://pinelakelaundry.com,pinelakelaundry.com,pinelakelaundry@gmail.com,,Cooper City FL,auto repair shop,gmaps
licenseplateframes.com,https://licenseplateframes.com,licenseplateframes.com,fstangle@automotiveadvertisingassociates.com,,Cooper City FL,auto repair shop,gmaps
12voltoutfitters.com,https://12voltoutfitters.com,12voltoutfitters.com,12voltoutfitters@gmail.com,,Cooper City FL,auto repair shop,gmaps
corporatecustomz.com,https://corporatecustomz.com,corporatecustomz.com,corporatecustomzinc@gmail.com,,Cooper City FL,auto repair shop,gmaps
coopercitychurch.org,https://coopercitychurch.org,coopercitychurch.org,kathie.wellman@yahoo.com,,Cooper City FL,auto repair shop,gmaps
familytiredistributors.com,https://familytiredistributors.com,familytiredistributors.com,familytire@familytiredistributors.com,,Cooper City FL,auto repair shop,gmaps
coopercityanimalclinic.com,https://coopercityanimalclinic.com,coopercityanimalclinic.com,mendydvm@gmail.com,,Cooper City FL,auto repair shop,gmaps
neurofit360.com,https://neurofit360.com,neurofit360.com,info@neurofit360.com,,Cooper City FL,auto repair shop,gmaps
fainainsurance.com,https://fainainsurance.com,fainainsurance.com,lisafaina@allstate.com,,Cooper City FL,auto repair shop,gmaps
leadervet.com,https://leadervet.com,leadervet.com,heather@leadervet.com,,Cooper City FL,auto repair shop,gmaps
donnasarah.org,https://donnasarah.org,donnasarah.org,donnasarahfl@gmail.com,,Cooper City FL,auto repair shop,gmaps
calixtires.com,https://calixtires.com,calixtires.com,calixtires@gmail.com,,Coral Gables FL,auto repair shop,gmaps
countachpaintandbody.com,https://countachpaintandbody.com,countachpaintandbody.com,abraham@countachinc.co,,Coral Gables FL,auto repair shop,gmaps
cashforjunkcarmiami.com,https://cashforjunkcarmiami.com,cashforjunkcarmiami.com,info@cashforjunkcarmiami.com,,Coral Gables FL,auto repair shop,gmaps
way.com,https://way.com,way.com,support@way.com,,Coral Gables FL,auto repair shop,gmaps
thecollection.com,https://thecollection.com,thecollection.com,m_yangxin@hotmail.com,,Coral Gables FL,auto repair shop,gmaps
ubreakifix.com,https://ubreakifix.com,ubreakifix.com,,,Coral Gables FL,auto repair shop,gmaps
adcmri.com,https://adcmri.com,adcmri.com,info@adcmri.com,,Coral Gables FL,auto repair shop,gmaps
supremeautoglass.biz,https://supremeautoglass.biz,supremeautoglass.biz,example@mysite.com,,Coral Gables FL,auto repair shop,gmaps
firstclassdetailcarwash.com,https://firstclassdetailcarwash.com,firstclassdetailcarwash.com,evelyn@first-classgroup.com,,Coral Gables FL,auto repair shop,gmaps
marsautoperformance.com,https://marsautoperformance.com,marsautoperformance.com,info@marsautorepairshop.com,,Coral Springs FL,auto repair shop,gmaps
coralspringsautocollisions.com,https://coralspringsautocollisions.com,coralspringsautocollisions.com,csautocollision@gmail.com,,Coral Springs FL,auto repair shop,gmaps
velocityfactor.shop,https://velocityfactor.shop,velocityfactor.shop,sales@velocityfactor.net,,Coral Springs FL,auto repair shop,gmaps
coralspringsautobodyinc.com,https://coralspringsautobodyinc.com,coralspringsautobodyinc.com,example@mysite.com,,Coral Springs FL,auto repair shop,gmaps
tunersmotorsports.com,https://tunersmotorsports.com,tunersmotorsports.com,info@tunersmotorsports.com,,Coral Springs FL,auto repair shop,gmaps
signatureautohaus.com,https://signatureautohaus.com,signatureautohaus.com,info@signatureautohaus.com,,Coral Springs FL,auto repair shop,gmaps
gaffsmobiletires.com,https://gaffsmobiletires.com,gaffsmobiletires.com,gaffsmobiletires@gmail.com,,Coral Springs FL,auto repair shop,gmaps
freedomautohouse.com,https://freedomautohouse.com,freedomautohouse.com,info@freedomautohouse.com,,Coral Terrace FL,auto repair shop,gmaps
goldwingmotors.com,https://goldwingmotors.com,goldwingmotors.com,alex@goldwingmotors.com,,Coral Terrace FL,auto repair shop,gmaps
japcarcare.com,https://japcarcare.com,japcarcare.com,info@japcarcare.com,,Coral Terrace FL,auto repair shop,gmaps
mannysautoservice.com,https://mannysautoservice.com,mannysautoservice.com,mannysautosvc@bellsouth.net,,Coral Terrace FL,auto repair shop,gmaps
melsreset.com,https://melsreset.com,melsreset.com,jonpinhorn.typedesign@gmail.com,,Coral Terrace FL,auto repair shop,gmaps
europeanautorepairmiami.com,https://europeanautorepairmiami.com,europeanautorepairmiami.com,mbauto@bellsoth.net,,Coral Terrace FL,auto repair shop,gmaps
rolyseuropeanautocenter.com,https://rolyseuropeanautocenter.com,rolyseuropeanautocenter.com,rolyseuropeanautocenter@gmail.com,,Coral Terrace FL,auto repair shop,gmaps
cardenaselectronics.com,https://cardenaselectronics.com,cardenaselectronics.com,cardenaselectronics@gmail.com,,Coral Terrace FL,auto repair shop,gmaps
305autocollection.com,https://305autocollection.com,305autocollection.com,michilo25@yahoo.com,,Coral Terrace FL,auto repair shop,gmaps
mobyauto.com,https://mobyauto.com,mobyauto.com,kendall@mobyauto.com,,Coral Terrace FL,auto repair shop,gmaps
charliespbs.com,https://charliespbs.com,charliespbs.com,info@charliespbs.com,,Coral Terrace FL,auto repair shop,gmaps
jiffylubespecials.com,https://jiffylubespecials.com,jiffylubespecials.com,info@jiffylubespecials.com,,Coral Terrace FL,auto repair shop,gmaps
windowskyllc.com,https://windowskyllc.com,windowskyllc.com,miami@windowskyllc.com,,Coral Terrace FL,auto repair shop,gmaps
unibodycollision.net,https://unibodycollision.net,unibodycollision.net,info@unibodycollision.net,,Coral Terrace FL,auto repair shop,gmaps
atransportation.com,https://atransportation.com,atransportation.com,amedicaltrans@gmail.com,,Coral Terrace FL,auto repair shop,gmaps
rtautoperformance.com,https://rtautoperformance.com,rtautoperformance.com,tech@rtautoperformance.com,,Country Club FL,auto repair shop,gmaps
mbceurocarcare.com,https://mbceurocarcare.com,mbceurocarcare.com,mbcautocare@gmail.com,,Country Club FL,auto repair shop,gmaps
alfagaragemiami.com,https://alfagaragemiami.com,alfagaragemiami.com,service@alfagaragemiami.com,,Country Club FL,auto repair shop,gmaps
lagangageneralmechanicinc.com,https://lagangageneralmechanicinc.com,lagangageneralmechanicinc.com,,,Country Club FL,auto repair shop,gmaps
advancebenzsolutions.com,https://advancebenzsolutions.com,advancebenzsolutions.com,ceolandrove@advancebenzsolutions.com,,Country Club FL,auto repair shop,gmaps
autoglassanytime.net,https://autoglassanytime.net,autoglassanytime.net,,,Country Club FL,auto repair shop,gmaps
miamicarprogrammingandrepair.com,https://miamicarprogrammingandrepair.com,miamicarprogrammingandrepair.com,carprogrammingandrepair@gmail.com,,Country Club FL,auto repair shop,gmaps
flhsmv.gov,https://flhsmv.gov,flhsmv.gov,professionalcompliance@flhsmv.gov,,Country Club FL,auto repair shop,gmaps
flashlubemiami.com,https://flashlubemiami.com,flashlubemiami.com,flashlubemiami@gmail.com,,Country Club FL,auto repair shop,gmaps
luxurylifestyleconnections.com,https://luxurylifestyleconnections.com,luxurylifestyleconnections.com,reservations@luxurylifestyleconnections.com,,Country Club FL,auto repair shop,gmaps
tagvenue.com,https://tagvenue.com,tagvenue.com,help@tagvenue.com,,Country Club FL,auto repair shop,gmaps
miamiautotek.com,https://miamiautotek.com,miamiautotek.com,team@latofonts.com,,Cutler Bay FL,auto repair shop,gmaps
rsautospecialties.com,https://rsautospecialties.com,rsautospecialties.com,rs@rsutospecialties.com,,Cutler Bay FL,auto repair shop,gmaps
pistoncarcare.com,https://pistoncarcare.com,pistoncarcare.com,info@pitsoncarcare.com,,Cutler Bay FL,auto repair shop,gmaps
theassf.com,https://theassf.com,theassf.com,luis@theautosurgeons.com,,Cutler Bay FL,auto repair shop,gmaps
dade-trailer-rescue-and-repairs.vercel.app,https://dade-trailer-rescue-and-repairs.vercel.app,dade-trailer-rescue-and-repairs.vercel.app,info@dadetrailerrescue.com,,Cutler Bay FL,auto repair shop,gmaps
alltowingofmiami.com,https://alltowingofmiami.com,alltowingofmiami.com,alltowingmiami@gmail.com,,Cutler Bay FL,auto repair shop,gmaps
collisioncentermd.com,https://collisioncentermd.com,collisioncentermd.com,info@collisioncentermd.com,,Cutler Bay FL,auto repair shop,gmaps
automotiveworldcc.com,https://automotiveworldcc.com,automotiveworldcc.com,automotiveworldcc@gmail.com,,Cutler Bay FL,auto repair shop,gmaps
empirebesttires.com,https://empirebesttires.com,empirebesttires.com,empirebesttires@gmail.com,,Cutler Bay FL,auto repair shop,gmaps
autobodyshopmiami.com,https://autobodyshopmiami.com,autobodyshopmiami.com,service@linkeo.net,,Cutler Bay FL,auto repair shop,gmaps
luxecaredetailing.com,https://luxecaredetailing.com,luxecaredetailing.com,luxecaredetailing@gmail.com,,Cutler Bay FL,auto repair shop,gmaps
premierautosuppliescorp.com,https://premierautosuppliescorp.com,premierautosuppliescorp.com,marketing@premierautosupplies.com,,Cutler Bay FL,auto repair shop,gmaps
perrineautopaintsupplies.com,https://perrineautopaintsupplies.com,perrineautopaintsupplies.com,example@mail.com,,Cutler Bay FL,auto repair shop,gmaps
wheelsdoctor.com,https://wheelsdoctor.com,wheelsdoctor.com,info@wheelsdoctor.com,,Cutler Bay FL,auto repair shop,gmaps
ferraraauto.com,https://ferraraauto.com,ferraraauto.com,ferraraauto@hotmail.com,,Dania Beach FL,auto repair shop,gmaps
preferredautomotiveinc.com,https://preferredautomotiveinc.com,preferredautomotiveinc.com,info@preferredautomotiveinc.com,,Dania Beach FL,auto repair shop,gmaps
vjtirecoastalcollision.com,https://vjtirecoastalcollision.com,vjtirecoastalcollision.com,coastalauto441@gmail.com,,Dania Beach FL,auto repair shop,gmaps
fixargarage.com,https://fixargarage.com,fixargarage.com,hello@fixargarage.com,,Dania Beach FL,auto repair shop,gmaps
goravenswood.com,https://goravenswood.com,goravenswood.com,micah@micahrich.com,,Dania Beach FL,auto repair shop,gmaps
mikesgbear.com,https://mikesgbear.com,mikesgbear.com,mikesgbear1@aol.com,,Dania Beach FL,auto repair shop,gmaps
ondemandmobileautocare.godaddysites.com,https://ondemandmobileautocare.godaddysites.com,ondemandmobileautocare.godaddysites.com,ondemandmobileauto@gmail.com,,Dania Beach FL,auto repair shop,gmaps
yanautorepair.com,https://yanautorepair.com,yanautorepair.com,info@yanautorepair.com,,Dania Beach FL,auto repair shop,gmaps
thecreativeworkshop.com,https://thecreativeworkshop.com,thecreativeworkshop.com,info@thecreativeworkshop.com,,Dania Beach FL,auto repair shop,gmaps
uncleds.com,https://uncleds.com,uncleds.com,managemet@uncleds.com,,Dania Beach FL,auto repair shop,gmaps
ovidiostires.com,https://ovidiostires.com,ovidiostires.com,ovidiostiresinc@gmail.com,,Dania Beach FL,auto repair shop,gmaps
autogenxautocenter.com,https://autogenxautocenter.com,autogenxautocenter.com,autogenx@gmail.com,,Davie FL,auto repair shop,gmaps
proserviceautofl.com,https://proserviceautofl.com,proserviceautofl.com,info@proserviceautofl.com,,Davie FL,auto repair shop,gmaps
ezosautotech.com,https://ezosautotech.com,ezosautotech.com,ezosautotech@gmail.com,,Davie FL,auto repair shop,gmaps
mtmbavaria.com,https://mtmbavaria.com,mtmbavaria.com,bavariaautomotive@gmail.com,,Davie FL,auto repair shop,gmaps
ccrautorepair.com,https://ccrautorepair.com,ccrautorepair.com,contact@ccrautorepair.com,,Davie FL,auto repair shop,gmaps
alex-mobile-mechanic.square.site,https://alex-mobile-mechanic.square.site,alex-mobile-mechanic.square.site,hi@mystore.com,,Davie FL,auto repair shop,gmaps
hitechlubeoil.net,https://hitechlubeoil.net,hitechlubeoil.net,hitechlube1@hotmail.com,,Davie FL,auto repair shop,gmaps
eurotech-motorsports.com,https://eurotech-motorsports.com,eurotech-motorsports.com,info@eurotech-motorsports.com,,Davie FL,auto repair shop,gmaps
semitruckmechanicdavie.com,https://semitruckmechanicdavie.com,semitruckmechanicdavie.com,zsolt_xxr@yahoo.com,,Davie FL,auto repair shop,gmaps
thebenzshop.newwaymg.com,https://thebenzshop.newwaymg.com,thebenzshop.newwaymg.com,thebenzshop1@gmail.com,,Davie FL,auto repair shop,gmaps
impressiveautobodyfl.com,https://impressiveautobodyfl.com,impressiveautobodyfl.com,impressiveauto1@yahoo.com,,Davie FL,auto repair shop,gmaps
tlautorepairs.com,https://tlautorepairs.com,tlautorepairs.com,tlautorepair1211@gmail.com,,Davie FL,auto repair shop,gmaps
setmotorsports.com,https://setmotorsports.com,setmotorsports.com,info@setmotorsports.com,,Davie FL,auto repair shop,gmaps
upullitdavie.com,https://upullitdavie.com,upullitdavie.com,,,Davie FL,auto repair shop,gmaps
clintsautorepair.godaddysites.com,https://clintsautorepair.godaddysites.com,clintsautorepair.godaddysites.com,clintsautorepairfl@gmail.com,,Davie FL,auto repair shop,gmaps
globaltruck.shop,https://globaltruck.shop,globaltruck.shop,service@globaltruck.biz,,Davie FL,auto repair shop,gmaps
dakarmotors.com,https://dakarmotors.com,dakarmotors.com,info@dakarmotors.com,,Deerfield Beach FL,auto repair shop,gmaps
mucelinauto.com,https://mucelinauto.com,mucelinauto.com,jeanmocelin@yahoo.com,,Deerfield Beach FL,auto repair shop,gmaps
boostedautousa.com,https://boostedautousa.com,boostedautousa.com,contact@boostedauto.com,,Deerfield Beach FL,auto repair shop,gmaps
temismotorsports.com,https://temismotorsports.com,temismotorsports.com,,,Deerfield Beach FL,auto repair shop,gmaps
thetireplaceusa.com,https://thetireplaceusa.com,thetireplaceusa.com,info@thetireplaceusa.com,,Deerfield Beach FL,auto repair shop,gmaps
66eb2ba1d19ed.site123.me,https://66eb2ba1d19ed.site123.me,66eb2ba1d19ed.site123.me,info@allstarautoworks.com,,Deerfield Beach FL,auto repair shop,gmaps
techydeerfield.com,https://techydeerfield.com,techydeerfield.com,deerfield@techycompany.com,,Deerfield Beach FL,auto repair shop,gmaps
denrodsauto.com,https://denrodsauto.com,denrodsauto.com,denrods@comcast.net,,Deerfield Beach FL,auto repair shop,gmaps
drummondsoutboard.com,https://drummondsoutboard.com,drummondsoutboard.com,drummondsoutboard@gmail.com,,Deerfield Beach FL,auto repair shop,gmaps
rivasuperstore.com,https://rivasuperstore.com,rivasuperstore.com,rickg@rivamotorsports.com,,Deerfield Beach FL,auto repair shop,gmaps
aoceanauto.com,https://aoceanauto.com,aoceanauto.com,contact@sansoxygen.com,,Delray Beach FL,auto repair shop,gmaps
atlanticcarcareinc.com,https://atlanticcarcareinc.com,atlanticcarcareinc.com,service@atlanticcarcareinc.com,,Delray Beach FL,auto repair shop,gmaps
riteautofl.com,https://riteautofl.com,riteautofl.com,sales@flritetireauto.com,,Delray Beach FL,auto repair shop,gmaps
acejiffylube1753.fullslate.com,https://acejiffylube1753.fullslate.com,acejiffylube1753.fullslate.com,support@fullslate.com,,Delray Beach FL,auto repair shop,gmaps
jadiautorecon.com,https://jadiautorecon.com,jadiautorecon.com,jaditech@yahoo.com,,Delray Beach FL,auto repair shop,gmaps
verybestforeigncars.com,https://verybestforeigncars.com,verybestforeigncars.com,verybestforeigncars@yahoo.com,,Delray Beach FL,auto repair shop,gmaps
customcarworksfl.hibuwebsites.com,https://customcarworksfl.hibuwebsites.com,customcarworksfl.hibuwebsites.com,ccarworks@yahoo.com,,Delray Beach FL,auto repair shop,gmaps
scratchcar.com,https://scratchcar.com,scratchcar.com,scratchcar@scratchcar.com,,Delray Beach FL,auto repair shop,gmaps
cruisersmotor.com,https://cruisersmotor.com,cruisersmotor.com,cruisersmotor@bellsouth.net,,Delray Beach FL,auto repair shop,gmaps
autopalacecollision.com,https://autopalacecollision.com,autopalacecollision.com,autopalacecc@gmail.com,,Delray Beach FL,auto repair shop,gmaps
pecosproshop.com,https://pecosproshop.com,pecosproshop.com,pecosproshop@gmail.com,,Delray Beach FL,auto repair shop,gmaps
allcarcenterent.com,https://allcarcenterent.com,allcarcenterent.com,allcarcenter@yahoo.com,,Doral FL,auto repair shop,gmaps
germanluxeautocare.com,https://germanluxeautocare.com,germanluxeautocare.com,info@germanluxeautocare.com,,Doral FL,auto repair shop,gmaps
beaconauto.net,https://beaconauto.net,beaconauto.net,shop@beaconauto.net,,Doral FL,auto repair shop,gmaps
thepointcarsworkshop.com,https://thepointcarsworkshop.com,thepointcarsworkshop.com,thepoint1305@gmail.com,,Doral FL,auto repair shop,gmaps
collisionmiami.com,https://collisionmiami.com,collisionmiami.com,,,Doral FL,auto repair shop,gmaps
redlionauto.com,https://redlionauto.com,redlionauto.com,nadir1718@gmail.com,,El Portal FL,auto repair shop,gmaps
galceranautoelectric.com,https://galceranautoelectric.com,galceranautoelectric.com,galceranautoelec@gmail.com,,El Portal FL,auto repair shop,gmaps
autorepair-store.ai,https://autorepair-store.ai,autorepair-store.ai,coryreidel@icloud.com,,El Portal FL,auto repair shop,gmaps
expressroadsideservices.net,https://expressroadsideservices.net,expressroadsideservices.net,galinahomes16@gmail.com,,Florida City FL,auto repair shop,gmaps
fixstation.netlify.app,https://fixstation.netlify.app,fixstation.netlify.app,info@fixstation.example,,Florida City FL,auto repair shop,gmaps
citytowcorp.com,https://citytowcorp.com,citytowcorp.com,admin@citytowcorp.com,,Florida City FL,auto repair shop,gmaps
ifixandrepair.com,https://ifixandrepair.com,ifixandrepair.com,xxx@xxx.xxx,,Florida City FL,auto repair shop,gmaps
jessesbodyshop.com,https://jessesbodyshop.com,jessesbodyshop.com,info@website.com,,Florida City FL,auto repair shop,gmaps
allincolorwebpage.com,https://allincolorwebpage.com,allincolorwebpage.com,support@webador.com,,Florida City FL,auto repair shop,gmaps
autophysicsmiami.com,https://autophysicsmiami.com,autophysicsmiami.com,autophysics3740@outlook.com,,Fontainebleau FL,auto repair shop,gmaps
miamiautosport.com,https://miamiautosport.com,miamiautosport.com,fbare@miamiautosport.com,,Fontainebleau FL,auto repair shop,gmaps
tdsmiami.com,https://tdsmiami.com,tdsmiami.com,info@tdsmiami.com,,Fontainebleau FL,auto repair shop,gmaps
urolube.com,https://urolube.com,urolube.com,info.urolube@gmail.com,,Fontainebleau FL,auto repair shop,gmaps
gasparinitires.net,https://gasparinitires.net,gasparinitires.net,info@gasparinitires.net,,Fontainebleau FL,auto repair shop,gmaps
laceibatireshopusa.com,https://laceibatireshopusa.com,laceibatireshopusa.com,lctsflorida@gmail.com,,Fontainebleau FL,auto repair shop,gmaps
balado.com,https://balado.com,balado.com,alyssa@balado.com,,Fontainebleau FL,auto repair shop,gmaps
doralcollisioncenter.com,https://doralcollisioncenter.com,doralcollisioncenter.com,info@doralcollision.com,,Fontainebleau FL,auto repair shop,gmaps
miamisunshineautopainting.com,https://miamisunshineautopainting.com,miamisunshineautopainting.com,jonpinhorn.typedesign@gmail.com,,Fontainebleau FL,auto repair shop,gmaps
autorepairmobilemechanic.com,https://autorepairmobilemechanic.com,autorepairmobilemechanic.com,info@autorepairmobilemechanic.com,,Fort Lauderdale FL,auto repair shop,gmaps
southport-auto-repair.com,https://southport-auto-repair.com,southport-auto-repair.com,southportautorepair@gmail.com,,Fort Lauderdale FL,auto repair shop,gmaps
jimmysgermanautorepair.com,https://jimmysgermanautorepair.com,jimmysgermanautorepair.com,service@jimmysgermanrepair.com,,Fort Lauderdale FL,auto repair shop,gmaps
eurautosolutions.com,https://eurautosolutions.com,eurautosolutions.com,eurauto1@gmail.com,,Fort Lauderdale FL,auto repair shop,gmaps
browardautorepairusa.com,https://browardautorepairusa.com,browardautorepairusa.com,browardautorepair5350@gmail.com,,Fort Lauderdale FL,auto repair shop,gmaps
browardtire.com,https://browardtire.com,browardtire.com,browardtire@gmail.com,,Fort Lauderdale FL,auto repair shop,gmaps
top5mobilemechanic.com,https://top5mobilemechanic.com,top5mobilemechanic.com,support@webador.com,,Fort Lauderdale FL,auto repair shop,gmaps
arcticautocenter.com,https://arcticautocenter.com,arcticautocenter.com,arcticautocenter@mechanicnet.com,,Fort Lauderdale FL,auto repair shop,gmaps
mobilemechanicautorepair.com,https://mobilemechanicautorepair.com,mobilemechanicautorepair.com,service@mobilemechanicfl.com,,Fort Lauderdale FL,auto repair shop,gmaps
autobahnperformance.org,https://autobahnperformance.org,autobahnperformance.org,don@autobahnperf.com,,Fort Lauderdale FL,auto repair shop,gmaps
yourwrenchtech.com,https://yourwrenchtech.com,yourwrenchtech.com,info@indiantypefoundry.com,,Fort Lauderdale FL,auto repair shop,gmaps
dixierepair.com,https://dixierepair.com,dixierepair.com,dave@dixierepair.com,,Fort Lauderdale FL,auto repair shop,gmaps
germanicaautoworks.com,https://germanicaautoworks.com,germanicaautoworks.com,germanica.autoworks@gmail.com,,Fort Lauderdale FL,auto repair shop,gmaps
neweraautomotive.net,https://neweraautomotive.net,neweraautomotive.net,neweraautomotive1@gmail.com,,Fort Lauderdale FL,auto repair shop,gmaps
empiretireauto.com,https://empiretireauto.com,empiretireauto.com,daimer@empiretireautorepair.com,,Fort Lauderdale FL,auto repair shop,gmaps
goodguysautorepair.com,https://goodguysautorepair.com,goodguysautorepair.com,shop@goodguysautorepair.com,,Golden Beach FL,auto repair shop,gmaps
autotowmiamiinc.com,https://autotowmiamiinc.com,autotowmiamiinc.com,automiami2022@gmail.com,,Golden Beach FL,auto repair shop,gmaps
chadsmobilemechanics.godaddysites.com,https://chadsmobilemechanics.godaddysites.com,chadsmobilemechanics.godaddysites.com,911mobilerepair@gmail.com,,Golden Beach FL,auto repair shop,gmaps
rextechauto.com,https://rextechauto.com,rextechauto.com,rextechauto@gmail.com,,Golden Beach FL,auto repair shop,gmaps
autoprocarcarefl.com,https://autoprocarcarefl.com,autoprocarcarefl.com,autoprocarcarefl@gmail.com,,Golden Beach FL,auto repair shop,gmaps
preciseautoglassllc.com,https://preciseautoglassllc.com,preciseautoglassllc.com,preciseglass1@gmail.com,,Golden Beach FL,auto repair shop,gmaps
masterslocksmith.com,https://masterslocksmith.com,masterslocksmith.com,masterlocksmithinc@gmail.com,,Golden Beach FL,auto repair shop,gmaps
armorgarage.com,https://armorgarage.com,armorgarage.com,info@armorgarage.com,,Golden Beach FL,auto repair shop,gmaps
rockysperformancemotors.com,https://rockysperformancemotors.com,rockysperformancemotors.com,jensenbeachautorepair@gmail.com,,Golden Beach FL,auto repair shop,gmaps
iboatlifts.com,https://iboatlifts.com,iboatlifts.com,thughes@qualityboats.com,,Golden Beach FL,auto repair shop,gmaps
abcautocars.com,https://abcautocars.com,abcautocars.com,abcvipflorida@gmail.com,,Golden Beach FL,auto repair shop,gmaps
agrecoautomotive.com,https://agrecoautomotive.com,agrecoautomotive.com,dtgreco@live.com,,Golden Beach FL,auto repair shop,gmaps
vikonauto.com,https://vikonauto.com,vikonauto.com,vikonautorepair@gmail.com,,Greenacres FL,auto repair shop,gmaps
cesarsautorepairwpb.com,https://cesarsautorepairwpb.com,cesarsautorepairwpb.com,cesarsautorepairinc@gmail.com,,Greenacres FL,auto repair shop,gmaps
marcoscarkeyssolutions.com,https://marcoscarkeyssolutions.com,marcoscarkeyssolutions.com,info@marcoscarkeyssolutions.com,,Greenacres FL,auto repair shop,gmaps
dtmilitarytrl.com,https://dtmilitarytrl.com,dtmilitarytrl.com,discounttire2450@gmail.com,,Greenacres FL,auto repair shop,gmaps
sams-autorepair.com,https://sams-autorepair.com,sams-autorepair.com,samanthony03@gmail.com,,Greenacres FL,auto repair shop,gmaps
harveysbrakeauto.com,https://harveysbrakeauto.com,harveysbrakeauto.com,harveystint@gmail.com,,Greenacres FL,auto repair shop,gmaps
duquetowing.com,https://duquetowing.com,duquetowing.com,duqueyuri566@gmail.com,,Greenacres FL,auto repair shop,gmaps
splashbroz.com,https://splashbroz.com,splashbroz.com,info@spalshbroz.com,,Greenacres FL,auto repair shop,gmaps
summitautoglassrepair.site,https://summitautoglassrepair.site,summitautoglassrepair.site,info@summitautoglassrepair.site,,Greenacres FL,auto repair shop,gmaps
greenacresfl.paymore.com,https://greenacresfl.paymore.com,greenacresfl.paymore.com,fl01@paymore.com,,Greenacres FL,auto repair shop,gmaps
elcarwash.com,https://elcarwash.com,elcarwash.com,support@elcarwash.com,,Greenacres FL,auto repair shop,gmaps
limospb.com,https://limospb.com,limospb.com,info@limospb.com,,Greenacres FL,auto repair shop,gmaps
anikcarandlimo.com,https://anikcarandlimo.com,anikcarandlimo.com,anikcarandlimo@gmail.com,,Greenacres FL,auto repair shop,gmaps
2brothersmobileautorepair.com,https://2brothersmobileautorepair.com,2brothersmobileautorepair.com,info@2brothersmobileautorepair.com,,Greenacres FL,auto repair shop,gmaps
mojocarwash.com,https://mojocarwash.com,mojocarwash.com,support@mojocarwash.com,,Greenacres FL,auto repair shop,gmaps
verivapes.com,https://verivapes.com,verivapes.com,keri@verivapes.com,,Greenacres FL,auto repair shop,gmaps
sunshineautorepairandtires.com,https://sunshineautorepairandtires.com,sunshineautorepairandtires.com,sunriseauto@gmail.com,,Hallandale Beach FL,auto repair shop,gmaps
titanautorepairfl.com,https://titanautorepairfl.com,titanautorepairfl.com,titanautorepair1@gmail.com,,Hallandale Beach FL,auto repair shop,gmaps
hallandaleautoelectricfl.com,https://hallandaleautoelectricfl.com,hallandaleautoelectricfl.com,hallandaleautoelectric@gmail.com,,Hallandale Beach FL,auto repair shop,gmaps
good-ok.org,https://good-ok.org,good-ok.org,goodok1811@gmail.comcall,,Hallandale Beach FL,auto repair shop,gmaps
mwerksgarage.com,https://mwerksgarage.com,mwerksgarage.com,service@mwerksgarage.com,,Hallandale Beach FL,auto repair shop,gmaps
billymotors.com,https://billymotors.com,billymotors.com,contact@mysite.com,,Hallandale Beach FL,auto repair shop,gmaps
brakeandmufflerauthority.com,https://brakeandmufflerauthority.com,brakeandmufflerauthority.com,info@brakeandmufflerauthority.com,,Hallandale Beach FL,auto repair shop,gmaps
alpineperformance.com,https://alpineperformance.com,alpineperformance.com,info@alpineperformance.com,,Hallandale Beach FL,auto repair shop,gmaps
ortegaautotech1.com,https://ortegaautotech1.com,ortegaautotech1.com,jose.forever@ymail.com,,Hallandale Beach FL,auto repair shop,gmaps
xautorepairs.com,https://xautorepairs.com,xautorepairs.com,xautorepairs@comcast.net,,Hallandale Beach FL,auto repair shop,gmaps
amttire.com,https://amttire.com,amttire.com,info@amttire.com,,Hallandale Beach FL,auto repair shop,gmaps
hubtireshop.com,https://hubtireshop.com,hubtireshop.com,info@hubtireshop.com,,Hallandale Beach FL,auto repair shop,gmaps
southfloridadent.com,https://southfloridadent.com,southfloridadent.com,888romanz@gmail.com,,Hallandale Beach FL,auto repair shop,gmaps
ajstirecenter.com,https://ajstirecenter.com,ajstirecenter.com,info@ajstirecenter.com,,Hialeah FL,auto repair shop,gmaps
bodyshoppros.net,https://bodyshoppros.net,bodyshoppros.net,bodyshopprosjenice@gmail.com,,Hialeah FL,auto repair shop,gmaps
camiloautomotivegarage.com,https://camiloautomotivegarage.com,camiloautomotivegarage.com,info@camiloautomotivegarage.com,,Hialeah FL,auto repair shop,gmaps
micturbo.com,https://micturbo.com,micturbo.com,support@micturbo.com,,Hialeah FL,auto repair shop,gmaps
305mufflers.com,https://305mufflers.com,305mufflers.com,305mufflers@gmail.com,,Hialeah FL,auto repair shop,gmaps
carrazanaautorepair.com,https://carrazanaautorepair.com,carrazanaautorepair.com,carrazanaautorepairandservices@gmail.com,,Hialeah FL,auto repair shop,gmaps
nationsautoglass.com,https://nationsautoglass.com,nationsautoglass.com,jason@jasonshaffer.net,,Hialeah FL,auto repair shop,gmaps
orlandotirepros.com,https://orlandotirepros.com,orlandotirepros.com,services@orlandotiresllc.com,,Hialeah Gardens FL,auto repair shop,gmaps
autocomputersolution.com,https://autocomputersolution.com,autocomputersolution.com,sales@autocomputersolution.com,,Hialeah Gardens FL,auto repair shop,gmaps
monstertruckrepair.com,https://monstertruckrepair.com,monstertruckrepair.com,mtrepair@yahoo.com,,Hialeah Gardens FL,auto repair shop,gmaps
sflcollision.com,https://sflcollision.com,sflcollision.com,southfloridacollisionservices@gmail.com,,Hialeah Gardens FL,auto repair shop,gmaps
deerfieldtrailer.com,https://deerfieldtrailer.com,deerfieldtrailer.com,chip@deerfieldtrailer.com,,Hillsboro Beach FL,auto repair shop,gmaps
miznermarina.com,https://miznermarina.com,miznermarina.com,info@miznermarina.com,,Hillsboro Beach FL,auto repair shop,gmaps
tritonrvrepair.com,https://tritonrvrepair.com,tritonrvrepair.com,service@tritonrvrepair.com,,Hillsboro Beach FL,auto repair shop,gmaps
hillsborobicycle.com,https://hillsborobicycle.com,hillsborobicycle.com,ridefastandeasy@aol.com,,Hillsboro Beach FL,auto repair shop,gmaps
spy-spot.com,https://spy-spot.com,spy-spot.com,spyspot@outlook.com,,Hillsboro Beach FL,auto repair shop,gmaps
bocamedicaltherapy.com,https://bocamedicaltherapy.com,bocamedicaltherapy.com,bocamedicaltherapy@gmail.com,,Hillsboro Beach FL,auto repair shop,gmaps
alpinelimousinenyc.com,https://alpinelimousinenyc.com,alpinelimousinenyc.com,inbox@alpinelimousinenyc.com,,Hillsboro Beach FL,auto repair shop,gmaps
usedtires.com,https://usedtires.com,usedtires.com,sales@usedtires.com,,Hillsboro Beach FL,auto repair shop,gmaps
bartellchiro.com,https://bartellchiro.com,bartellchiro.com,bartellchiro@yahoo.com,,Hillsboro Beach FL,auto repair shop,gmaps
hillsborobeachpd.org,https://hillsborobeachpd.org,hillsborobeachpd.org,pdrecords@townofhillsborobeach.com,,Hillsboro Beach FL,auto repair shop,gmaps
deluxetowing.netlify.app,https://deluxetowing.netlify.app,deluxetowing.netlify.app,deluxetowingllc@gmail.com,,Hillsboro Beach FL,auto repair shop,gmaps
consolidatedmobilesolutions.com,https://consolidatedmobilesolutions.com,consolidatedmobilesolutions.com,consolidatedmobilesolutions@gmail.com,,Hillsboro Beach FL,auto repair shop,gmaps
xpressfl.com,https://xpressfl.com,xpressfl.com,hr@mcmhealthcare.com,,Hillsboro Beach FL,auto repair shop,gmaps
santafequote.com,https://santafequote.com,santafequote.com,insurance@santafequote.com,,Hillsboro Beach FL,auto repair shop,gmaps
deerfieldflorist.com,https://deerfieldflorist.com,deerfieldflorist.com,deerfieldflorist1@gmail.com,,Hillsboro Beach FL,auto repair shop,gmaps
allbicycles.com,https://allbicycles.com,allbicycles.com,rich@allbicycles.com,,Hillsboro Beach FL,auto repair shop,gmaps
dandeedonuts.com,https://dandeedonuts.com,dandeedonuts.com,info@dandeedonuts.com,,Hillsboro Beach FL,auto repair shop,gmaps
achoiceautocare.com,https://achoiceautocare.com,achoiceautocare.com,achoiceautocare@gmail.com,,Hollywood FL,auto repair shop,gmaps
cmautotire.com,https://cmautotire.com,cmautotire.com,service@cmautotire.com,,Hollywood FL,auto repair shop,gmaps
noproblemauto.org,https://noproblemauto.org,noproblemauto.org,example@mysite.com,,Hollywood FL,auto repair shop,gmaps
cargeekscollision.com,https://cargeekscollision.com,cargeekscollision.com,info@cargeekscollision.com,,Hollywood FL,auto repair shop,gmaps
bmrauto.com,https://bmrauto.com,bmrauto.com,info@bmrauto.com,,Hollywood FL,auto repair shop,gmaps
globalridereport.com,https://globalridereport.com,globalridereport.com,support@globalridereport.com,,Homestead FL,auto repair shop,gmaps
nunezelectronics.com,https://nunezelectronics.com,nunezelectronics.com,rodrigo@nunezelectronics.com,,Homestead FL,auto repair shop,gmaps
usaspecialmechanic.com,https://usaspecialmechanic.com,usaspecialmechanic.com,daumet1981@gmail.com,,Homestead FL,auto repair shop,gmaps
recycler.car-part.com,https://recycler.car-part.com,recycler.car-part.com,mywestautoparts@yahoo.com,,Homestead FL,auto repair shop,gmaps
rubioautobody.net,https://rubioautobody.net,rubioautobody.net,admin@rubioautobody.net,,Homestead FL,auto repair shop,gmaps
atlantictransmissionauto.com,https://atlantictransmissionauto.com,atlantictransmissionauto.com,matt@pixelspread.com,,Jupiter FL,auto repair shop,gmaps
jupiterautobody.com,https://jupiterautobody.com,jupiterautobody.com,info@jupiterautobody.com,,Jupiter FL,auto repair shop,gmaps
caliber.com,https://caliber.com,caliber.com,communitymanager@calibercollision.com,,Jupiter FL,auto repair shop,gmaps
allhookeduptowing.com,https://allhookeduptowing.com,allhookeduptowing.com,office@allhookeduptowing.com,,Jupiter FL,auto repair shop,gmaps
acejiffylube2311.fullslate.com,https://acejiffylube2311.fullslate.com,acejiffylube2311.fullslate.com,support@fullslate.com,,Jupiter FL,auto repair shop,gmaps
ozziethecardoctor.com,https://ozziethecardoctor.com,ozziethecardoctor.com,ozziecardoc@yahoo.com,,Jupiter FL,auto repair shop,gmaps
jupiterfloridatowing.com,https://jupiterfloridatowing.com,jupiterfloridatowing.com,impallari@gmail.com,,Jupiter FL,auto repair shop,gmaps
flnorthcountytowing.com,https://flnorthcountytowing.com,flnorthcountytowing.com,dispatch.northcounty@yahoo.com,,Jupiter FL,auto repair shop,gmaps
pybway.com,https://pybway.com,pybway.com,contact@sansoxygen.com,,Jupiter FL,auto repair shop,gmaps
lucca.limo,https://lucca.limo,lucca.limo,luccakoko1@gmail.com,,Jupiter FL,auto repair shop,gmaps
ellisonspremiermarine.com,https://ellisonspremiermarine.com,ellisonspremiermarine.com,scott@ellisonspremiermarine.com,,Jupiter FL,auto repair shop,gmaps
jupiterqualitytowing.com,https://jupiterqualitytowing.com,jupiterqualitytowing.com,elvenger1966@gmail.com,,Jupiter FL,auto repair shop,gmaps
allfloridatinting.com,https://allfloridatinting.com,allfloridatinting.com,impallari@gmail.com,,Jupiter FL,auto repair shop,gmaps
aplustintpros.com,https://aplustintpros.com,aplustintpros.com,aplustintpros@gmail.com,,Jupiter FL,auto repair shop,gmaps
jupiterpumpandmotor.com,https://jupiterpumpandmotor.com,jupiterpumpandmotor.com,jupiterpump500@gmail.com,,Jupiter FL,auto repair shop,gmaps
kendallautocare.com,https://kendallautocare.com,kendallautocare.com,service@miamiautocarecenter.com,,Kendall FL,auto repair shop,gmaps
miamicarcare.com,https://miamicarcare.com,miamicarcare.com,erios@miamicarcare.com,,Kendall FL,auto repair shop,gmaps
miamiautocarecenter.com,https://miamiautocarecenter.com,miamiautocarecenter.com,service@miamiautocarecenter.com,,Kendall FL,auto repair shop,gmaps
miami-mobile-auto-repair.com,https://miami-mobile-auto-repair.com,miami-mobile-auto-repair.com,miamimobileautorepairservice@gmail.com,,Kendall FL,auto repair shop,gmaps
miamiperformanceinc.com,https://miamiperformanceinc.com,miamiperformanceinc.com,sales@miamiperformanceinc.com,,Kendall FL,auto repair shop,gmaps
bavariancarcare.com,https://bavariancarcare.com,bavariancarcare.com,bavariancarcare@bellsouth.net,,Kendall FL,auto repair shop,gmaps
naulinautoservices.com,https://naulinautoservices.com,naulinautoservices.com,info@naulinautoservices.com,,Kendall FL,auto repair shop,gmaps
thecarclinicofmiami.com,https://thecarclinicofmiami.com,thecarclinicofmiami.com,thecarclinicofmiami@gmail.com,,Kendall FL,auto repair shop,gmaps
pinecrestautocenter.com,https://pinecrestautocenter.com,pinecrestautocenter.com,pinecrest12905@hotmail.com,,Kendall FL,auto repair shop,gmaps
xtremeautowerke.com,https://xtremeautowerke.com,xtremeautowerke.com,marcelo@xtremeautowerke.com,,Kendall FL,auto repair shop,gmaps
drautotech.net,https://drautotech.net,drautotech.net,dreurotech@gmail.com,,Kendall FL,auto repair shop,gmaps
giuseppeautorepair.com,https://giuseppeautorepair.com,giuseppeautorepair.com,emiliomartinez215@hotmail.com,,Kendall FL,auto repair shop,gmaps
mksauto.com,https://mksauto.com,mksauto.com,karla@mksauto.com,,Kendall FL,auto repair shop,gmaps
revautoclub.com,https://revautoclub.com,revautoclub.com,sales@revautoclub.com,,Kendall FL,auto repair shop,gmaps
imcobestwheels.com,https://imcobestwheels.com,imcobestwheels.com,imcoenterpriseinc@gmail.com,,Kendall FL,auto repair shop,gmaps
autoperfectionmiami.com,https://autoperfectionmiami.com,autoperfectionmiami.com,autoperfectionmiami@gmail.com,,Kendall FL,auto repair shop,gmaps
miamiluxuryautodetailers.com,https://miamiluxuryautodetailers.com,miamiluxuryautodetailers.com,info@miamiluxuryautodetailers.com,,Key Biscayne FL,auto repair shop,gmaps
oiltechsupply.com,https://oiltechsupply.com,oiltechsupply.com,info@oiltechsupply.com,,Key Biscayne FL,auto repair shop,gmaps
realisticshop.com,https://realisticshop.com,realisticshop.com,info@realisticshop.com,,Lake Park FL,auto repair shop,gmaps
allstarautoservice.net,https://allstarautoservice.net,allstarautoservice.net,info@allstarautoservice.net,,Lake Park FL,auto repair shop,gmaps
ars-autorepairservice.com,https://ars-autorepairservice.com,ars-autorepairservice.com,ars.autorepairservice@gmail.com,,Lake Park FL,auto repair shop,gmaps
vinniesautoandtruck.com,https://vinniesautoandtruck.com,vinniesautoandtruck.com,vinniesautoandtruck@gmail.com,,Lake Park FL,auto repair shop,gmaps
masterautomotivefl.com,https://masterautomotivefl.com,masterautomotivefl.com,info@masterautomotivefl.com,,Lake Park FL,auto repair shop,gmaps
allstarbodywork.com,https://allstarbodywork.com,allstarbodywork.com,allstarrepair561@gmail.com,,Lake Park FL,auto repair shop,gmaps
mcautospecialist.com,https://mcautospecialist.com,mcautospecialist.com,repair@mcautospecialist.com,,Lake Park FL,auto repair shop,gmaps
exclusivelyhybrid.com,https://exclusivelyhybrid.com,exclusivelyhybrid.com,exclusivelyhybrid@gmail.com,,Lake Park FL,auto repair shop,gmaps
endlessautoworksllcmobilemechanic.jobbersites.com,https://endlessautoworksllcmobilemechanic.jobbersites.com,endlessautoworksllcmobilemechanic.jobbersites.com,endlesautoworks@gmail.com,,Lake Park FL,auto repair shop,gmaps
eliosauto.com,https://eliosauto.com,eliosauto.com,eliofish@gmail.com,,Lake Park FL,auto repair shop,gmaps
mbautoclinic.com,https://mbautoclinic.com,mbautoclinic.com,info@mbautoclinic.com,,Lake Park FL,auto repair shop,gmaps
reliabletireandautorepair.com,https://reliabletireandautorepair.com,reliabletireandautorepair.com,,,Lake Worth Beach FL,auto repair shop,gmaps
bosautorepairsfl.com,https://bosautorepairsfl.com,bosautorepairsfl.com,bosautorepairfl@gmail.com,,Lake Worth Beach FL,auto repair shop,gmaps
obdmobilediagnostic.com,https://obdmobilediagnostic.com,obdmobilediagnostic.com,obd2diag1@gmail.com,,Lake Worth Beach FL,auto repair shop,gmaps
vinniesautobodyshop.com,https://vinniesautobodyshop.com,vinniesautobodyshop.com,support@webador.com,,Lake Worth Beach FL,auto repair shop,gmaps
pacosautobody.com,https://pacosautobody.com,pacosautobody.com,paco@pacosauto.comcastbiz.net,,Lake Worth Beach FL,auto repair shop,gmaps
gonzcollision.com,https://gonzcollision.com,gonzcollision.com,info@gonzcollision.com,,Lake Worth Beach FL,auto repair shop,gmaps
redsautomotiverepair.com,https://redsautomotiverepair.com,redsautomotiverepair.com,info@redsautomotiverepair.com,,Lantana FL,auto repair shop,gmaps
retrocustomz.com,https://retrocustomz.com,retrocustomz.com,kevin@retrocustomz1.com,,Lantana FL,auto repair shop,gmaps
lofmotorsports.com,https://lofmotorsports.com,lofmotorsports.com,info@lofmotorsports.com,,Lantana FL,auto repair shop,gmaps
acejiffylube1677.fullslate.com,https://acejiffylube1677.fullslate.com,acejiffylube1677.fullslate.com,support@fullslate.com,,Lantana FL,auto repair shop,gmaps
sboilchange.com,https://sboilchange.com,sboilchange.com,customerrelations@sboilchange.com,,Lantana FL,auto repair shop,gmaps
flbesttow.com,https://flbesttow.com,flbesttow.com,info@flbesttow.com,,Lantana FL,auto repair shop,gmaps
carguysautosalesfl.com,https://carguysautosalesfl.com,carguysautosalesfl.com,carguyslantana@gmail.com,,Lantana FL,auto repair shop,gmaps
satreatments.com,https://satreatments.com,satreatments.com,info@satreatments.com,,Lauderdale Lakes FL,auto repair shop,gmaps
clancysautobody.com,https://clancysautobody.com,clancysautobody.com,info@clancysautobody.com,,Lauderdale Lakes FL,auto repair shop,gmaps
smartwaymobiledentrepair.com,https://smartwaymobiledentrepair.com,smartwaymobiledentrepair.com,info@smartwaydentrepair.com,,Lauderdale Lakes FL,auto repair shop,gmaps
tireshopfl.com,https://tireshopfl.com,tireshopfl.com,admin@tireshopfl.com,,Lauderdale Lakes FL,auto repair shop,gmaps
arxsupercenter.com,https://arxsupercenter.com,arxsupercenter.com,info@arxsupercenter.com,,Lauderdale Lakes FL,auto repair shop,gmaps
automaintenanceexpertsllc.com,https://automaintenanceexpertsllc.com,automaintenanceexpertsllc.com,mezbmw@yahoo.com,,Lauderdale Lakes FL,auto repair shop,gmaps
transmissionkingfl.com,https://transmissionkingfl.com,transmissionkingfl.com,transmissionkingfl@gmail.com,,Lauderdale Lakes FL,auto repair shop,gmaps
morrisoncorpbp.com,https://morrisoncorpbp.com,morrisoncorpbp.com,support@morrisoncorpbp.com,,Lauderdale Lakes FL,auto repair shop,gmaps
autovisioncare.com,https://autovisioncare.com,autovisioncare.com,autovisioncare@gmail.com,,Lauderhill FL,auto repair shop,gmaps
brooksymobiletires.com,https://brooksymobiletires.com,brooksymobiletires.com,nigel@advantageup.com,,Lauderhill FL,auto repair shop,gmaps
masterimportautohaus.com,https://masterimportautohaus.com,masterimportautohaus.com,info@masterimportautohaus.com,,Lauderhill FL,auto repair shop,gmaps
mobiletireservicebroward.com,https://mobiletireservicebroward.com,mobiletireservicebroward.com,trealhelp02@gmail.com,,Lauderhill FL,auto repair shop,gmaps
nkontimemobiletires.com,https://nkontimemobiletires.com,nkontimemobiletires.com,nkontimemobiletires@gmail.com,,Lauderhill FL,auto repair shop,gmaps
leosautoshop.com,https://leosautoshop.com,leosautoshop.com,leosautoshop@hotmail.com,,Lighthouse Point FL,auto repair shop,gmaps
stallionautofix.com,https://stallionautofix.com,stallionautofix.com,stallionsrepair@gmail.com,,Lighthouse Point FL,auto repair shop,gmaps
corsatechnik.com,https://corsatechnik.com,corsatechnik.com,service@corsatechnik.com,,Lighthouse Point FL,auto repair shop,gmaps
oilchange.sparklingimage.com,https://oilchange.sparklingimage.com,oilchange.sparklingimage.com,info@washdepot.com,,Lighthouse Point FL,auto repair shop,gmaps
philselectricauto.com,https://philselectricauto.com,philselectricauto.com,philselectricc@hotmail.com,,Lighthouse Point FL,auto repair shop,gmaps
hobbyshopgarage.com,https://hobbyshopgarage.com,hobbyshopgarage.com,shannon@hobbyshopgarage.com,,Lighthouse Point FL,auto repair shop,gmaps
1stclassauto.com,https://1stclassauto.com,1stclassauto.com,support@1stclassauto.com,,Lighthouse Point FL,auto repair shop,gmaps
autologistrepair.com,https://autologistrepair.com,autologistrepair.com,autologists@gmail.com,,Lighthouse Point FL,auto repair shop,gmaps
aba-performance.com,https://aba-performance.com,aba-performance.com,service@aba-performance.com,,Lighthouse Point FL,auto repair shop,gmaps
precisionautohaus1.com,https://precisionautohaus1.com,precisionautohaus1.com,precisionautohaus1@gmail.com,,Lighthouse Point FL,auto repair shop,gmaps
lionsautorepairfl.com,https://lionsautorepairfl.com,lionsautorepairfl.com,lionsautorepair@gmail.com,,Margate FL,auto repair shop,gmaps
kaynoautocare.com,https://kaynoautocare.com,kaynoautocare.com,sales@kaynocarcare.com,,Margate FL,auto repair shop,gmaps
thautoservice.com,https://thautoservice.com,thautoservice.com,thautoservice@yahoo.com,,Margate FL,auto repair shop,gmaps
d1autorepair.com,https://d1autorepair.com,d1autorepair.com,carservice@mail.com,,Margate FL,auto repair shop,gmaps
bjsautomarine.com,https://bjsautomarine.com,bjsautomarine.com,contact@sansoxygen.com,,Margate FL,auto repair shop,gmaps
nechemotorsportsfl.com,https://nechemotorsportsfl.com,nechemotorsportsfl.com,nechemotor@hotmail.com,,Margate FL,auto repair shop,gmaps
lionsautobodyfl.com,https://lionsautobodyfl.com,lionsautobodyfl.com,info@lionsautobodyinc.com,,Margate FL,auto repair shop,gmaps
hatoffauto.com,https://hatoffauto.com,hatoffauto.com,hatoffauto@gmail.com,,Margate FL,auto repair shop,gmaps
goldenmobiletire.com,https://goldenmobiletire.com,goldenmobiletire.com,gibson@goldenmobiletire.com,,Margate FL,auto repair shop,gmaps
galumatires.com,https://galumatires.com,galumatires.com,info@galumatires.com,,Margate FL,auto repair shop,gmaps
prologixauto.com,https://prologixauto.com,prologixauto.com,info@latinotype.com,,Margate FL,auto repair shop,gmaps
autocomputerperformance.net,https://autocomputerperformance.net,autocomputerperformance.net,autocomputerperformance@yahoo.com,,Margate FL,auto repair shop,gmaps
mobiletruckmechanicmedley.com,https://mobiletruckmechanicmedley.com,mobiletruckmechanicmedley.com,zsolt_xxr@yahoo.com,,Medley FL,auto repair shop,gmaps
tctruckandtrailer.com,https://tctruckandtrailer.com,tctruckandtrailer.com,admin@tctruckandtrailer.com,,Medley FL,auto repair shop,gmaps
fitmentdynamics.com,https://fitmentdynamics.com,fitmentdynamics.com,support@fitmentdynamics.com,,Medley FL,auto repair shop,gmaps
medleymachine.com,https://medleymachine.com,medleymachine.com,info@medleymachine.com,,Medley FL,auto repair shop,gmaps
t1autobody.com,https://t1autobody.com,t1autobody.com,t1autobody@gmail.com,,Medley FL,auto repair shop,gmaps
leospeedometer.com,https://leospeedometer.com,leospeedometer.com,leospeedometer@gmail.com,,Medley FL,auto repair shop,gmaps
mstruckparts.com,https://mstruckparts.com,mstruckparts.com,sales@mstruckparts.com,,Medley FL,auto repair shop,gmaps
rodriguezbrothersautoservices.com,https://rodriguezbrothersautoservices.com,rodriguezbrothersautoservices.com,milenabbrandao@gmail.com,,Miami FL,auto repair shop,gmaps
boatelectricians.com,https://boatelectricians.com,boatelectricians.com,rod@boatelectricians.com,,Miami FL,auto repair shop,gmaps
andinoautoservice.com,https://andinoautoservice.com,andinoautoservice.com,losandino1@gmail.com,,Miami FL,auto repair shop,gmaps
artofsolerepairs.com,https://artofsolerepairs.com,artofsolerepairs.com,artofsolemia@gmail.com,,Miami FL,auto repair shop,gmaps
sccautomotive.com,https://sccautomotive.com,sccautomotive.com,contact@sccautomotive.com,,Miami FL,auto repair shop,gmaps
miamieuroautocenter.com,https://miamieuroautocenter.com,miamieuroautocenter.com,miamieuroautocenter@gmail.com,,Miami FL,auto repair shop,gmaps
touchofclassmiami.com,https://touchofclassmiami.com,touchofclassmiami.com,info@touchofclassmiami.com,,Miami Beach FL,auto repair shop,gmaps
dreambrosautomotive.setmore.com,https://dreambrosautomotive.setmore.com,dreambrosautomotive.setmore.com,dreambrosautomotive@gmail.com,,Miami Beach FL,auto repair shop,gmaps
miamiautoshows.com,https://miamiautoshows.com,miamiautoshows.com,info@miamiautoshows.com,,Miami Beach FL,auto repair shop,gmaps
dnrlimousines.com,https://dnrlimousines.com,dnrlimousines.com,dnrlimousinesinc@gmail.com,,Miami Beach FL,auto repair shop,gmaps
luxxmiami.com,https://luxxmiami.com,luxxmiami.com,luxxmiamigroup@gmail.com,,Miami Beach FL,auto repair shop,gmaps
mhtus.com,https://mhtus.com,mhtus.com,hello@mhtus.com,,Miami Beach FL,auto repair shop,gmaps
watchbatteryreplacementmiamibeach.com,https://watchbatteryreplacementmiamibeach.com,watchbatteryreplacementmiamibeach.com,bachijewels@gmail.com,,Miami Beach FL,auto repair shop,gmaps
miamibeachfl.gov,https://miamibeachfl.gov,miamibeachfl.gov,mbbiz@miamibeachfl.gov,,Miami Beach FL,auto repair shop,gmaps
miamibeachscooter.com,https://miamibeachscooter.com,miamibeachscooter.com,info@miamibeachscooter.com,,Miami Beach FL,auto repair shop,gmaps
miamiconvertibles.com,https://miamiconvertibles.com,miamiconvertibles.com,info@miamiconvertibles.com,,Miami Beach FL,auto repair shop,gmaps
southbeachlocksmiths.com,https://southbeachlocksmiths.com,southbeachlocksmiths.com,southbeachmiamilocksmiths@gmail.com,,Miami Beach FL,auto repair shop,gmaps
parkwhiz.com,https://parkwhiz.com,parkwhiz.com,,,Miami Beach FL,auto repair shop,gmaps
flashlubemiami.net,https://flashlubemiami.net,flashlubemiami.net,flashlubegardens@gmail.com,,Miami Gardens FL,auto repair shop,gmaps
autobodygenius.com,https://autobodygenius.com,autobodygenius.com,thegenius@autobodygenius.com,,Miami Gardens FL,auto repair shop,gmaps
bossaroadsideassistance.com,https://bossaroadsideassistance.com,bossaroadsideassistance.com,barbossabiz@gmail.com,,Miami Gardens FL,auto repair shop,gmaps
gonzarepairs.com,https://gonzarepairs.com,gonzarepairs.com,info@gonzarepairs.com,,Miami Gardens FL,auto repair shop,gmaps
autofinishclinic.com,https://autofinishclinic.com,autofinishclinic.com,info@autoclinicmiami.com,,Miami Gardens FL,auto repair shop,gmaps
sancarrepaircorp.com,https://sancarrepaircorp.com,sancarrepaircorp.com,sancarrepaircorp@gmail.com,,Miami Gardens FL,auto repair shop,gmaps
258mobiletireshop.com,https://258mobiletireshop.com,258mobiletireshop.com,25.8mobiletires@gmail.com,,Miami Lakes FL,auto repair shop,gmaps
americanautoservicesofmiami.com,https://americanautoservicesofmiami.com,americanautoservicesofmiami.com,americanautoservices@icloud.com,,Miami Lakes FL,auto repair shop,gmaps
tireswcorp.com,https://tireswcorp.com,tireswcorp.com,info@tireswcorp.com,,Miami Lakes FL,auto repair shop,gmaps
miamirebuiltinspection.com,https://miamirebuiltinspection.com,miamirebuiltinspection.com,miamirebuiltinspection@gmail.com,,Miami Lakes FL,auto repair shop,gmaps
soflosuds.com,https://soflosuds.com,soflosuds.com,support@soflosuds.com,,Miami Lakes FL,auto repair shop,gmaps
fspmiami.com,https://fspmiami.com,fspmiami.com,info@fspmiami.com,,Miami Lakes FL,auto repair shop,gmaps
carbrain.com,https://carbrain.com,carbrain.com,info@carbrain.com,,Miami Lakes FL,auto repair shop,gmaps
lafamiliamultiservices.com,https://lafamiliamultiservices.com,lafamiliamultiservices.com,customer@lafamiliamultiservices.com,,Miami Springs FL,auto repair shop,gmaps
autoproservices.net,https://autoproservices.net,autoproservices.net,autoproservicesfl@gmail.com,,Miami Springs FL,auto repair shop,gmaps
premierchoiceautosolutions.com,https://premierchoiceautosolutions.com,premierchoiceautosolutions.com,premierchoiceautosolutions@gmail.com,,Miramar FL,auto repair shop,gmaps
mannythemechanic.com,https://mannythemechanic.com,mannythemechanic.com,info@mannythemechanic.com,,Miramar FL,auto repair shop,gmaps
goodwearfla.com,https://goodwearfla.com,goodwearfla.com,goodwearfl@gmail.com,,Miramar FL,auto repair shop,gmaps
btgautomotive.com,https://btgautomotive.com,btgautomotive.com,btgautomotive@gmail.com,,Miramar FL,auto repair shop,gmaps
elystires.com,https://elystires.com,elystires.com,contact@elystires.com,,Miramar FL,auto repair shop,gmaps
japtech.com,https://japtech.com,japtech.com,service@japtech.com,,Miramar FL,auto repair shop,gmaps
ridincleangarage.com,https://ridincleangarage.com,ridincleangarage.com,info@ridincleangarage.com,,Miramar FL,auto repair shop,gmaps
diamondautofl.com,https://diamondautofl.com,diamondautofl.com,services@diamondautofl.com,,Miramar FL,auto repair shop,gmaps
tropicalbreezeautospa.com,https://tropicalbreezeautospa.com,tropicalbreezeautospa.com,tropicalbreezeautospa@gmail.com,,Miramar FL,auto repair shop,gmaps
uti.edu,https://uti.edu,uti.edu,f.a.deptutiphoenix-internet@uticorp.com,,Miramar FL,auto repair shop,gmaps
miayandoletsgo.com,https://miayandoletsgo.com,miayandoletsgo.com,hello@miayandoletsgo.com,,North Bay Village FL,auto repair shop,gmaps
apostillefastmiami.com,https://apostillefastmiami.com,apostillefastmiami.com,orders@miamidadeapostille.com,,North Bay Village FL,auto repair shop,gmaps
euroautopartsdepot.com,https://euroautopartsdepot.com,euroautopartsdepot.com,info@euroapd.com,,North Bay Village FL,auto repair shop,gmaps
mntruckdispatch.us,https://mntruckdispatch.us,mntruckdispatch.us,admin@mntruckdispatch.us,,North Bay Village FL,auto repair shop,gmaps
dkarprofessionalservices.net,https://dkarprofessionalservices.net,dkarprofessionalservices.net,dkarprofessionalservices@gmail.com,,North Lauderdale FL,auto repair shop,gmaps
marimaxauto.square.site,https://marimaxauto.square.site,marimaxauto.square.site,hi@mystore.com,,North Miami FL,auto repair shop,gmaps
sosautoprotect.com,https://sosautoprotect.com,sosautoprotect.com,info@sosautoprotect.com,,North Miami FL,auto repair shop,gmaps
steppupmlb.com,https://steppupmlb.com,steppupmlb.com,customerservice@steppupmlb.com,,Oakland Park FL,auto repair shop,gmaps
calljpauto.com,https://calljpauto.com,calljpauto.com,pwrench@aol.com,,Oakland Park FL,auto repair shop,gmaps
blackhorseautos.com,https://blackhorseautos.com,blackhorseautos.com,info@blackhorseautos.com,,Oakland Park FL,auto repair shop,gmaps
streetwiseautomotive.net,https://streetwiseautomotive.net,streetwiseautomotive.net,streetwiseautomotive@gmail.com,,Oakland Park FL,auto repair shop,gmaps
allcountymobilerepair-fortlauderdale.com,https://allcountymobilerepair-fortlauderdale.com,allcountymobilerepair-fortlauderdale.com,info@allcountymobilerepair-fortlauderdale.com,,Oakland Park FL,auto repair shop,gmaps
eastwestclassics.com,https://eastwestclassics.com,eastwestclassics.com,info@indiantypefoundry.com,,Oakland Park FL,auto repair shop,gmaps
fivestarwheel.com,https://fivestarwheel.com,fivestarwheel.com,hello@fivestarwheel.com,,Oakland Park FL,auto repair shop,gmaps
coreysroadsideassistancesouthflorida.com,https://coreysroadsideassistancesouthflorida.com,coreysroadsideassistancesouthflorida.com,,,Oakland Park FL,auto repair shop,gmaps
advancefuturetech.com,https://advancefuturetech.com,advancefuturetech.com,info@advancefuturetech.com,,Oakland Park FL,auto repair shop,gmaps
cac-auto.com,https://cac-auto.com,cac-auto.com,cacauto@comcast.net,,Oakland Park FL,auto repair shop,gmaps
salstowing.com,https://salstowing.com,salstowing.com,dispatch@salstowing.com,,Oakland Park FL,auto repair shop,gmaps
southfloridatires.com,https://southfloridatires.com,southfloridatires.com,sfloridatires@gmail.com,,Opa-locka FL,auto repair shop,gmaps
threeinoneauto.com,https://threeinoneauto.com,threeinoneauto.com,threeinone2314@gmail.com,,Opa-locka FL,auto repair shop,gmaps
opa-lockarebuiltinc.com,https://opa-lockarebuiltinc.com,opa-lockarebuiltinc.com,opalockarebuilt@gmail.com,,Opa-locka FL,auto repair shop,gmaps
championscollision1.com,https://championscollision1.com,championscollision1.com,info@championscollision1.com,,Opa-locka FL,auto repair shop,gmaps
mdbodyshop.com,https://mdbodyshop.com,mdbodyshop.com,info@mdbodyshop.com,,Opa-locka FL,auto repair shop,gmaps
ejusedauto.com,https://ejusedauto.com,ejusedauto.com,ejusedauto@gmail.com,,Opa-locka FL,auto repair shop,gmaps
ottomobiletires.com,https://ottomobiletires.com,ottomobiletires.com,micah@micahrich.com,,Opa-locka FL,auto repair shop,gmaps
peakautobodyrepair.com,https://peakautobodyrepair.com,peakautobodyrepair.com,victor@peakautobodyrepair.com,,Opa-locka FL,auto repair shop,gmaps
rialsautomotive.com,https://rialsautomotive.com,rialsautomotive.com,rialsautomotive@gmail.com,,Opa-locka FL,auto repair shop,gmaps
odosolutions.biz,https://odosolutions.biz,odosolutions.biz,support@odosolutions.biz,,Opa-locka FL,auto repair shop,gmaps
sawmiami.com,https://sawmiami.com,sawmiami.com,john.doe@gmail.com,,Opa-locka FL,auto repair shop,gmaps
topsrus.net,https://topsrus.net,topsrus.net,autotopsrus@hotmail.com,,Opa-locka FL,auto repair shop,gmaps
mobautobody.com,https://mobautobody.com,mobautobody.com,bmtiresllc@gmail.com,,Opa-locka FL,auto repair shop,gmaps
precisionpbs.com,https://precisionpbs.com,precisionpbs.com,admin@precisionpbs.com,,Opa-locka FL,auto repair shop,gmaps
palmbeachperformance.net,https://palmbeachperformance.net,palmbeachperformance.net,palmbeachperformancefl@gmail.com,,Palm Beach FL,auto repair shop,gmaps
drautopalmbeach.com,https://drautopalmbeach.com,drautopalmbeach.com,,,Palm Beach FL,auto repair shop,gmaps
thepalmbeachgarage.com,https://thepalmbeachgarage.com,thepalmbeachgarage.com,jeff@thepalmbeachgarage.com,,Palm Beach FL,auto repair shop,gmaps
foreignaffairsauto.com,https://foreignaffairsauto.com,foreignaffairsauto.com,jortiz@foreignaffairsauto.com,,Palm Beach FL,auto repair shop,gmaps
rojasautorepair.us,https://rojasautorepair.us,rojasautorepair.us,rarepair48@gmail.com,,Palm Beach FL,auto repair shop,gmaps
mastertechsautorepair.com,https://mastertechsautorepair.com,mastertechsautorepair.com,chris@mastertechswpb.com,,Palm Beach FL,auto repair shop,gmaps
royalpalmautospa.com,https://royalpalmautospa.com,royalpalmautospa.com,royalpalmautospa@gmail.com,,Palm Beach FL,auto repair shop,gmaps
dandrautomotive.net,https://dandrautomotive.net,dandrautomotive.net,90camaro@comcast.net,,Palm Beach FL,auto repair shop,gmaps
ufixselfserviceauto.com,https://ufixselfserviceauto.com,ufixselfserviceauto.com,info@ufixselfserviceauto.com,,Palm Beach FL,auto repair shop,gmaps
westgateautoshop.com,https://westgateautoshop.com,westgateautoshop.com,westgateautoshop@gmail.com,,Palm Beach FL,auto repair shop,gmaps
candtautocare.com,https://candtautocare.com,candtautocare.com,ampalmbeach2021@gmail.com,,Palm Beach FL,auto repair shop,gmaps
discountautorepairtire.com,https://discountautorepairtire.com,discountautorepairtire.com,discount9730fl@gmail.com,,Palm Beach Gardens FL,auto repair shop,gmaps
aandjautocarefl.com,https://aandjautocarefl.com,aandjautocarefl.com,adrijim@aol.com,,Palm Beach Gardens FL,auto repair shop,gmaps
brakeworldauto.com,https://brakeworldauto.com,brakeworldauto.com,robert@brakeworldauto.com,,Palm Beach Gardens FL,auto repair shop,gmaps
jtsautorepair.com,https://jtsautorepair.com,jtsautorepair.com,jtsautorepair@mechanicnet.com,,Palm Beach Gardens FL,auto repair shop,gmaps
coronadototalautorepair.com,https://coronadototalautorepair.com,coronadototalautorepair.com,coronadototalautorepair@gmail.com,,Palm Beach Gardens FL,auto repair shop,gmaps
1stchoicerebuiltinspections.com,https://1stchoicerebuiltinspections.com,1stchoicerebuiltinspections.com,info@1stchoicerebuiltinspections.com,,Palm Beach Gardens FL,auto repair shop,gmaps
autorepairpalmettobay.com,https://autorepairpalmettobay.com,autorepairpalmettobay.com,inaolyautotech@yahoo.com,,Palmetto Bay FL,auto repair shop,gmaps
miamiacs.com,https://miamiacs.com,miamiacs.com,info@miamiacs.com,,Palmetto Bay FL,auto repair shop,gmaps
gelpi-insurance.com,https://gelpi-insurance.com,gelpi-insurance.com,info@gelpiinsurance.com,,Palmetto Bay FL,auto repair shop,gmaps
floridaautoplusinsurance.com,https://floridaautoplusinsurance.com,floridaautoplusinsurance.com,cliff@autoplusinsurance.com,,Palmetto Bay FL,auto repair shop,gmaps
japaneseautocare.net,https://japaneseautocare.net,japaneseautocare.net,jimmycappiello@gmail.com,,Parkland FL,auto repair shop,gmaps
philscarservice.com,https://philscarservice.com,philscarservice.com,alex@philscarservice.com,,Parkland FL,auto repair shop,gmaps
aftermarket.express,https://aftermarket.express,aftermarket.express,business@aftermarket.express,,Parkland FL,auto repair shop,gmaps
risingtidecarwash.com,https://risingtidecarwash.com,risingtidecarwash.com,membership@risingtidecarwash.com,,Parkland FL,auto repair shop,gmaps
shopcore.com,https://shopcore.com,shopcore.com,info@performproperties.com,,Parkland FL,auto repair shop,gmaps
amt.company,https://amt.company,amt.company,sales@repair360.com,,Parkland FL,auto repair shop,gmaps
repair360.com,https://repair360.com,repair360.com,sales@repair360.com,,Parkland FL,auto repair shop,gmaps
toppromotorsports.com,https://toppromotorsports.com,toppromotorsports.com,toppromotorsports@gmail.com,,Parkland FL,auto repair shop,gmaps
bigshotrides.com,https://bigshotrides.com,bigshotrides.com,info@bigshotrides.com,,Parkland FL,auto repair shop,gmaps
tintmagic.net,https://tintmagic.net,tintmagic.net,thetintmagic@gmail.com,,Parkland FL,auto repair shop,gmaps
automotivesolutionsandservices.com,https://automotivesolutionsandservices.com,automotivesolutionsandservices.com,ray@automotivesoulutionsandservices.com,,Parkland FL,auto repair shop,gmaps
glasslux.us,https://glasslux.us,glasslux.us,glassluxllc@gmail.com,,Parkland FL,auto repair shop,gmaps
hrmobileautorepair.com,https://hrmobileautorepair.com,hrmobileautorepair.com,admin@hrmobileautorepair.com,,Pembroke Park FL,auto repair shop,gmaps
u77s.top,https://u77s.top,u77s.top,hello@locmaps.com,,Pembroke Park FL,auto repair shop,gmaps
goodecareauto.com,https://goodecareauto.com,goodecareauto.com,goodecareautopros@gmail.com,,Pembroke Park FL,auto repair shop,gmaps
wheelrush.net,https://wheelrush.net,wheelrush.net,contact@wheelrush.net,,Pembroke Park FL,auto repair shop,gmaps
gebumer.miami,https://gebumer.miami,gebumer.miami,gebumerrepair@gmail.com,,Pembroke Park FL,auto repair shop,gmaps
brakeworldautocenter.com,https://brakeworldautocenter.com,brakeworldautocenter.com,brakeworld@comcast.net,,Pembroke Park FL,auto repair shop,gmaps
aactionfix.com,https://aactionfix.com,aactionfix.com,info@aactionfix.com,,Pembroke Pines FL,auto repair shop,gmaps
pinesrapidlube.com,https://pinesrapidlube.com,pinesrapidlube.com,jesusmarin@bellsouth.net,,Pembroke Pines FL,auto repair shop,gmaps
servicedetailusa.com,https://servicedetailusa.com,servicedetailusa.com,info@website.com,,Pembroke Pines FL,auto repair shop,gmaps
hilinestyling.com,https://hilinestyling.com,hilinestyling.com,info@hilinestyling.com,,Pembroke Pines FL,auto repair shop,gmaps
jsbautoworks.com,https://jsbautoworks.com,jsbautoworks.com,info@jsbautoworks.com,,Pinecrest FL,auto repair shop,gmaps
treadsandbrakes.com,https://treadsandbrakes.com,treadsandbrakes.com,info@treadsandbrakes.com,,Pinecrest FL,auto repair shop,gmaps
autobrakesplus.com,https://autobrakesplus.com,autobrakesplus.com,abpivan@hotmail.com,,Pinecrest FL,auto repair shop,gmaps
scottfinlay.com,https://scottfinlay.com,scottfinlay.com,info@scottfinlay.com,,Pinecrest FL,auto repair shop,gmaps
precisionautosolutions.org,https://precisionautosolutions.org,precisionautosolutions.org,precisionautosolutions24@gmail.com,,Pinecrest FL,auto repair shop,gmaps
miamibenz.com,https://miamibenz.com,miamibenz.com,info@miamibenz.com,,Pinecrest FL,auto repair shop,gmaps
mikesbeemershop.com,https://mikesbeemershop.com,mikesbeemershop.com,support@mikesbeemershop.com,,Pinecrest FL,auto repair shop,gmaps
miamitransmission.net,https://miamitransmission.net,miamitransmission.net,shop@aactiontransmission.com,,Pinecrest FL,auto repair shop,gmaps
autotechnikvintage.com,https://autotechnikvintage.com,autotechnikvintage.com,mgusmao@autotechnikvintage.com,,Pinecrest FL,auto repair shop,gmaps
europeancc.com,https://europeancc.com,europeancc.com,info@europeancc.com,,Pinecrest FL,auto repair shop,gmaps
usatiresandautorepairs.com,https://usatiresandautorepairs.com,usatiresandautorepairs.com,info@usatiresandautorepairs.com,,Plantation FL,auto repair shop,gmaps
dtperformanceandwheels.com,https://dtperformanceandwheels.com,dtperformanceandwheels.com,dtperformanceandwheels@gmail.com,,Plantation FL,auto repair shop,gmaps
experttransmissionfl.com,https://experttransmissionfl.com,experttransmissionfl.com,sdesane@gmail.com,,Plantation FL,auto repair shop,gmaps
fortlauderdaletransmissions.com,https://fortlauderdaletransmissions.com,fortlauderdaletransmissions.com,contact@downtowntrans.com,,Plantation FL,auto repair shop,gmaps
queentire.com,https://queentire.com,queentire.com,astigma@astigmatic.com,,Plantation FL,auto repair shop,gmaps
europeanautoservicefl.com,https://europeanautoservicefl.com,europeanautoservicefl.com,easfortlauderdale@gmail.com,,Plantation FL,auto repair shop,gmaps
doctorbrakes.com,https://doctorbrakes.com,doctorbrakes.com,drbrakespompano@gmail.com,,Pompano Beach FL,auto repair shop,gmaps
germantechautomotive.com,https://germantechautomotive.com,germantechautomotive.com,germantechauto@yahoo.com,,Pompano Beach FL,auto repair shop,gmaps
autoperformance4wd.com,https://autoperformance4wd.com,autoperformance4wd.com,ap4wds@gmail.com,,Pompano Beach FL,auto repair shop,gmaps
techonautorepair.com,https://techonautorepair.com,techonautorepair.com,,,Pompano Beach FL,auto repair shop,gmaps
eurotech-autoworks.com,https://eurotech-autoworks.com,eurotech-autoworks.com,mesut@eurotech-autoworks.com,,Pompano Beach FL,auto repair shop,gmaps
automaiacorp.com,https://automaiacorp.com,automaiacorp.com,info@automaiacorp.com,,Pompano Beach FL,auto repair shop,gmaps
citybizlocal.com,https://citybizlocal.com,citybizlocal.com,info@citybizlocal.com,,Pompano Beach FL,auto repair shop,gmaps
foreignaffairsmotorsports.com,https://foreignaffairsmotorsports.com,foreignaffairsmotorsports.com,amyv4n@gmail.com,,Pompano Beach FL,auto repair shop,gmaps
chestonsautoanddiesel.godaddysites.com,https://chestonsautoanddiesel.godaddysites.com,chestonsautoanddiesel.godaddysites.com,team@latofonts.com,,Riviera Beach FL,auto repair shop,gmaps
angelsautocare.com,https://angelsautocare.com,angelsautocare.com,angel@angelsautocare.com,,Riviera Beach FL,auto repair shop,gmaps
luxeautolabz.com,https://luxeautolabz.com,luxeautolabz.com,contact@luxeautolabz.com,,Riviera Beach FL,auto repair shop,gmaps
autokrafterspb.com,https://autokrafterspb.com,autokrafterspb.com,info@autokrafterspb.com,,Riviera Beach FL,auto repair shop,gmaps
jeromanautorepair.godaddysites.com,https://jeromanautorepair.godaddysites.com,jeromanautorepair.godaddysites.com,matt@pixelspread.com,,Riviera Beach FL,auto repair shop,gmaps
nolimitautobodypb.net,https://nolimitautobodypb.net,nolimitautobodypb.net,nolimitpbinfo@gmail.com,,Riviera Beach FL,auto repair shop,gmaps
9automotion.com,https://9automotion.com,9automotion.com,info@9automotion.com,,Riviera Beach FL,auto repair shop,gmaps
bndealsautorepair.com,https://bndealsautorepair.com,bndealsautorepair.com,info@bdealsauto.com,,Riviera Beach FL,auto repair shop,gmaps
reysmarineauto.com,https://reysmarineauto.com,reysmarineauto.com,info@reysmarine.com,,Riviera Beach FL,auto repair shop,gmaps
transfactory.com,https://transfactory.com,transfactory.com,sales@transfactory.com,,Riviera Beach FL,auto repair shop,gmaps
lucidmotors.com,https://lucidmotors.com,lucidmotors.com,customercare@lucidmotors.com,,Riviera Beach FL,auto repair shop,gmaps
tildencarcare.com,https://tildencarcare.com,tildencarcare.com,info@tildencarcare.com,,Riviera Beach FL,auto repair shop,gmaps
westpalmboost.com,https://westpalmboost.com,westpalmboost.com,info@westpalmboost.com,,Riviera Beach FL,auto repair shop,gmaps
lakeshorebody.com,https://lakeshorebody.com,lakeshorebody.com,info@lakeshorebody.com,,Riviera Beach FL,auto repair shop,gmaps
southfloridaautorepair.com,https://southfloridaautorepair.com,southfloridaautorepair.com,info@southfloridaautorepair.com,,Royal Palm Beach FL,auto repair shop,gmaps
platinumautoworksllc.com,https://platinumautoworksllc.com,platinumautoworksllc.com,team@latofonts.com,,Royal Palm Beach FL,auto repair shop,gmaps
ramtechsvc.com,https://ramtechsvc.com,ramtechsvc.com,darrel@ramtechsvc.com,,Royal Palm Beach FL,auto repair shop,gmaps
towsareus.com,https://towsareus.com,towsareus.com,trevis@towsareus.com,,Royal Palm Beach FL,auto repair shop,gmaps
griffinautocare.com,https://griffinautocare.com,griffinautocare.com,info@griffinautocare.com,,Royal Palm Beach FL,auto repair shop,gmaps
rapidautosolutions.com,https://rapidautosolutions.com,rapidautosolutions.com,rapidautosolutions@hotmail.com,,Royal Palm Beach FL,auto repair shop,gmaps
americanautocollisioncenter.com,https://americanautocollisioncenter.com,americanautocollisioncenter.com,micah@micahrich.com,,Royal Palm Beach FL,auto repair shop,gmaps
rodrysautorepair.com,https://rodrysautorepair.com,rodrysautorepair.com,contact@rodrysautorepair.com,,Royal Palm Beach FL,auto repair shop,gmaps
jqmobileautoservice.com,https://jqmobileautoservice.com,jqmobileautoservice.com,jqmobileautoservicellc@gmail.com,,Sea Ranch Lakes FL,auto repair shop,gmaps
atlanticmotors.us,https://atlanticmotors.us,atlanticmotors.us,info@atlanticmotors.us,,Sea Ranch Lakes FL,auto repair shop,gmaps
stuartmobiletire.com,https://stuartmobiletire.com,stuartmobiletire.com,admin@stuartmobiletire.com,,Sea Ranch Lakes FL,auto repair shop,gmaps
junkcarbuyerssfl.com,https://junkcarbuyerssfl.com,junkcarbuyerssfl.com,junkcarbuyersfl@gmail.com,,Sea Ranch Lakes FL,auto repair shop,gmaps
cocostowing.com,https://cocostowing.com,cocostowing.com,service@cocostowing.com,,Sea Ranch Lakes FL,auto repair shop,gmaps
landolakestrans.mechanicnet.com,https://landolakestrans.mechanicnet.com,landolakestrans.mechanicnet.com,landolakestrans@mechanicnet.com,,Sea Ranch Lakes FL,auto repair shop,gmaps
instantmoneyjunkcars.com,https://instantmoneyjunkcars.com,instantmoneyjunkcars.com,offer@instantmoneyjunkcars.com,,Sea Ranch Lakes FL,auto repair shop,gmaps
junkcarsbrowardcounty.com,https://junkcarsbrowardcounty.com,junkcarsbrowardcounty.com,junkcarsbrowardcounty754@gmail.com,,Sea Ranch Lakes FL,auto repair shop,gmaps
diamondmobilewash.com,https://diamondmobilewash.com,diamondmobilewash.com,diamondmobiledetailing05@gmail.com,,Sea Ranch Lakes FL,auto repair shop,gmaps
logisticalautotransport.com,https://logisticalautotransport.com,logisticalautotransport.com,info@logisticalautotransport.com,,Sea Ranch Lakes FL,auto repair shop,gmaps
deejorgedetailing.com,https://deejorgedetailing.com,deejorgedetailing.com,deejorgedetailing@hotmail.com,,Sea Ranch Lakes FL,auto repair shop,gmaps
lakecountyautoservice.com,https://lakecountyautoservice.com,lakecountyautoservice.com,eben@eyebytes.com,,Sea Ranch Lakes FL,auto repair shop,gmaps
tireverse.shop,https://tireverse.shop,tireverse.shop,support@tireverse.app,,Sea Ranch Lakes FL,auto repair shop,gmaps
somicoachworks.com,https://somicoachworks.com,somicoachworks.com,somicoachworks@gmail.com,,South Miami FL,auto repair shop,gmaps
commercelanebodyshop.com,https://commercelanebodyshop.com,commercelanebodyshop.com,commercelanebodyshop@gmail.com,,South Miami FL,auto repair shop,gmaps
southfloridarebuilt.com,https://southfloridarebuilt.com,southfloridarebuilt.com,service@ameritechnetworks.com,,South Miami FL,auto repair shop,gmaps
maranellocollision.com,https://maranellocollision.com,maranellocollision.com,info@mysite.com,,South Miami FL,auto repair shop,gmaps
954trailers.com,https://954trailers.com,954trailers.com,aplustrailers@hotmail.com,,Southwest Ranches FL,auto repair shop,gmaps
epiclandscaping.com,https://epiclandscaping.com,epiclandscaping.com,info@epiclandscaping.com,,Southwest Ranches FL,auto repair shop,gmaps
healthiertogo.com,https://healthiertogo.com,healthiertogo.com,ferdi@infortel.com,,Southwest Ranches FL,auto repair shop,gmaps
acuareladogranchusa.com,https://acuareladogranchusa.com,acuareladogranchusa.com,impallari@gmail.com,,Southwest Ranches FL,auto repair shop,gmaps
rrgardennursery.com,https://rrgardennursery.com,rrgardennursery.com,hi@typemade.mx,,Southwest Ranches FL,auto repair shop,gmaps
loadrunnertrailers.com,https://loadrunnertrailers.com,loadrunnertrailers.com,info@floridatrailers.com,,Southwest Ranches FL,auto repair shop,gmaps
phillipsedison.com,https://phillipsedison.com,phillipsedison.com,info@phillipsedison.com,,Southwest Ranches FL,auto repair shop,gmaps
smallengineserviceshop.com,https://smallengineserviceshop.com,smallengineserviceshop.com,micah@micahrich.com,,Southwest Ranches FL,auto repair shop,gmaps
floridatruckroadservice.com,https://floridatruckroadservice.com,floridatruckroadservice.com,floridatruckrs@gmail.com,,Southwest Ranches FL,auto repair shop,gmaps
onthegoautomechanicllc.com,https://onthegoautomechanicllc.com,onthegoautomechanicllc.com,onthegoautomech1@gmail.com,,Southwest Ranches FL,auto repair shop,gmaps
paintandbodyshopathome.com,https://paintandbodyshopathome.com,paintandbodyshopathome.com,service@paintandbodyshopathome.com,,Sunny Isles Beach FL,auto repair shop,gmaps
bhcardetails.com,https://bhcardetails.com,bhcardetails.com,info@bhcardetails.com,,Sunny Isles Beach FL,auto repair shop,gmaps
notaryapostillefingerprintsnearme.com,https://notaryapostillefingerprintsnearme.com,notaryapostillefingerprintsnearme.com,orders@miamidadeapostille.com,,Sunny Isles Beach FL,auto repair shop,gmaps
cellularsunnyisles.com,https://cellularsunnyisles.com,cellularsunnyisles.com,info@mysite.com,,Sunny Isles Beach FL,auto repair shop,gmaps
miamisupremelimo.com,https://miamisupremelimo.com,miamisupremelimo.com,miamisupremelimo@gmail.com,,Sunny Isles Beach FL,auto repair shop,gmaps
exotictransportgroup.com,https://exotictransportgroup.com,exotictransportgroup.com,boooking@exotictransportgroup.com,,Sunny Isles Beach FL,auto repair shop,gmaps
haroldtireservicesmiami.com,https://haroldtireservicesmiami.com,haroldtireservicesmiami.com,info@haroldmobile.digitalizayemprende.com,,Sunny Isles Beach FL,auto repair shop,gmaps
excellentmovers.org,https://excellentmovers.org,excellentmovers.org,info@excellentmovers.net,,Sunny Isles Beach FL,auto repair shop,gmaps
skilledvisits.com,https://skilledvisits.com,skilledvisits.com,info@skilledvisits.com,,Sunny Isles Beach FL,auto repair shop,gmaps
handymanhome.pro,https://handymanhome.pro,handymanhome.pro,help@reliablefix.com,,Sunny Isles Beach FL,auto repair shop,gmaps
miamiautoconcierge.com,https://miamiautoconcierge.com,miamiautoconcierge.com,miamiautoconcierge1@gmail.com,,Sunny Isles Beach FL,auto repair shop,gmaps
pdtowermiami.com,https://pdtowermiami.com,pdtowermiami.com,frontdesk@pdtowermiami.com,,Sunny Isles Beach FL,auto repair shop,gmaps
nexuslocksmith.com,https://nexuslocksmith.com,nexuslocksmith.com,admin@nexuslocksmith.com,,Sunny Isles Beach FL,auto repair shop,gmaps
hitroadside.com,https://hitroadside.com,hitroadside.com,sonofds99@gmail.com,,Sunrise FL,auto repair shop,gmaps
rogerfix2go.netlify.app,https://rogerfix2go.netlify.app,rogerfix2go.netlify.app,rogerfix2go@gmail.com,,Sunrise FL,auto repair shop,gmaps
precisionpowersportsservice.com,https://precisionpowersportsservice.com,precisionpowersportsservice.com,info@precisionpowersportsservice.com,,Sunrise FL,auto repair shop,gmaps
fortlauderdaleautorescue.com,https://fortlauderdaleautorescue.com,fortlauderdaleautorescue.com,calbertdavidson1@gmail.com,,Sunrise FL,auto repair shop,gmaps
escoastcustoms.com,https://escoastcustoms.com,escoastcustoms.com,matt@pixelspread.com,,Sunrise FL,auto repair shop,gmaps
aluminumbodyshop.com,https://aluminumbodyshop.com,aluminumbodyshop.com,milenabbrandao@gmail.com,,Sunrise FL,auto repair shop,gmaps
soundsunrise.com,https://soundsunrise.com,soundsunrise.com,soundinc@bellsouth.net,,Sunrise FL,auto repair shop,gmaps
glowupcardetailing.com,https://glowupcardetailing.com,glowupcardetailing.com,glowupmobiledetails@gmail.com,,Surfside FL,auto repair shop,gmaps
sunrisemotorimports.com,https://sunrisemotorimports.com,sunrisemotorimports.com,support@sunrisemotorimports.com,,Surfside FL,auto repair shop,gmaps
alexiaandfrankiesbeautybar.com,https://alexiaandfrankiesbeautybar.com,alexiaandfrankiesbeautybar.com,afbeautybar9448@gmail.com,,Surfside FL,auto repair shop,gmaps
grandbeachhotel.com,https://grandbeachhotel.com,grandbeachhotel.com,surfsidereservations@grandbeachhotel.com,,Surfside FL,auto repair shop,gmaps
blinkcharging.com,https://blinkcharging.com,blinkcharging.com,support@blinkcharging.com,,Surfside FL,auto repair shop,gmaps
bayharborblackcarservice.com,https://bayharborblackcarservice.com,bayharborblackcarservice.com,miamisuvlimoservices@gmail.com,,Surfside FL,auto repair shop,gmaps
ohhscooter.com,https://ohhscooter.com,ohhscooter.com,lemonad@jovanny.ru,,Surfside FL,auto repair shop,gmaps
flashpropane.com,https://flashpropane.com,flashpropane.com,hello@flashpropane.com,,Surfside FL,auto repair shop,gmaps
chargepoint.com,https://chargepoint.com,chargepoint.com,media@chargepoint.com,,Surfside FL,auto repair shop,gmaps
autogaterepairs.com,https://autogaterepairs.com,autogaterepairs.com,autogaterepair.com@gmail.com,,Surfside FL,auto repair shop,gmaps
eightysevenpark.com,https://eightysevenpark.com,eightysevenpark.com,info@eightysevenpark.com,,Surfside FL,auto repair shop,gmaps
rhpmotorcargroup.com,https://rhpmotorcargroup.com,rhpmotorcargroup.com,yannick@rhpmotorcargroup.com,,Surfside FL,auto repair shop,gmaps
fasterfreight.com,https://fasterfreight.com,fasterfreight.com,norman@fasterfreight.com,,Surfside FL,auto repair shop,gmaps
flagstar.com,https://flagstar.com,flagstar.com,flagstar_web_prechat_survey@flagstar.com,,Surfside FL,auto repair shop,gmaps
mebcotire.com,https://mebcotire.com,mebcotire.com,mebcotires@hotmail.com,,Sweetwater FL,auto repair shop,gmaps
hometownlube.com,https://hometownlube.com,hometownlube.com,htlube2@gmail.com,,Sweetwater FL,auto repair shop,gmaps
shop.fiu.edu,https://shop.fiu.edu,shop.fiu.edu,bussvc@fiu.edu,,Sweetwater FL,auto repair shop,gmaps
birdroadbodyshop.com,https://birdroadbodyshop.com,birdroadbodyshop.com,hello@lawyers.com,,Sweetwater FL,auto repair shop,gmaps
exclusivemotoring.com,https://exclusivemotoring.com,exclusivemotoring.com,prodancristian03@gmail.com,,Sweetwater FL,auto repair shop,gmaps
realdealbodyshop.com,https://realdealbodyshop.com,realdealbodyshop.com,realdealbodyshop@gmail.com,,Sweetwater FL,auto repair shop,gmaps
unlimitedautoglasscorp.com,https://unlimitedautoglasscorp.com,unlimitedautoglasscorp.com,unlimitedautoglass@hotmail.com,,Sweetwater FL,auto repair shop,gmaps
pgwautoglass.com,https://pgwautoglass.com,pgwautoglass.com,pgwmarketing@pgwautoglass.com,,Sweetwater FL,auto repair shop,gmaps
daltoshopmiami.com,https://daltoshopmiami.com,daltoshopmiami.com,sales@daltoshopmiami.com,,Sweetwater FL,auto repair shop,gmaps
techy-doral.com,https://techy-doral.com,techy-doral.com,daniel@dharmamarketing.cloud,,Sweetwater FL,auto repair shop,gmaps
eliermobileautorepair.com,https://eliermobileautorepair.com,eliermobileautorepair.com,contactoelier.autorepair@gmail.com,,Sweetwater FL,auto repair shop,gmaps
tirewheelgurus.com,https://tirewheelgurus.com,tirewheelgurus.com,info@tirewheelgurus.com,,Sweetwater FL,auto repair shop,gmaps
drtread.com,https://drtread.com,drtread.com,info@drtread.com,,Sweetwater FL,auto repair shop,gmaps
miamifleetauto.com,https://miamifleetauto.com,miamifleetauto.com,info@miamifleetauto.com,,Sweetwater FL,auto repair shop,gmaps
4cornertireshop.com,https://4cornertireshop.com,4cornertireshop.com,rmcohen90@gmail.com,,Tamarac FL,auto repair shop,gmaps
tamaracmobilemechanics.com,https://tamaracmobilemechanics.com,tamaracmobilemechanics.com,info@tamaracmobilemechanics.com,,Tamarac FL,auto repair shop,gmaps
toyowork.com,https://toyowork.com,toyowork.com,toyoworks@yahoo.com,,Tamiami FL,auto repair shop,gmaps
techycompany.com,https://techycompany.com,techycompany.com,import100@gmail.com,,Tamiami FL,auto repair shop,gmaps
miller107.com,https://miller107.com,miller107.com,info@indiantypefoundry.com,,Tamiami FL,auto repair shop,gmaps
orpshop.square.site,https://orpshop.square.site,orpshop.square.site,infoorps@gmail.com,,The Hammocks FL,auto repair shop,gmaps
ultimateautowerks.net,https://ultimateautowerks.net,ultimateautowerks.net,ultimateautowerks@gmail.com,,The Hammocks FL,auto repair shop,gmaps
theautogroupmiami.com,https://theautogroupmiami.com,theautogroupmiami.com,sales@theautogroup.net,,The Hammocks FL,auto repair shop,gmaps
thebritishautospecialists.com,https://thebritishautospecialists.com,thebritishautospecialists.com,thebritishautospecialist@gmail.com,,The Hammocks FL,auto repair shop,gmaps
juanyautorepair.com,https://juanyautorepair.com,juanyautorepair.com,juanyautorepair@gmail.com,,The Hammocks FL,auto repair shop,gmaps
novitechtuning.com,https://novitechtuning.com,novitechtuning.com,ivan@novitechtuning.com,,The Hammocks FL,auto repair shop,gmaps
vintagemotoringmia.com,https://vintagemotoringmia.com,vintagemotoringmia.com,info@vintagemotoringmia.com,,The Hammocks FL,auto repair shop,gmaps
phoenixcarsales01.com,https://phoenixcarsales01.com,phoenixcarsales01.com,team@latofonts.com,,The Hammocks FL,auto repair shop,gmaps
x305.com,https://x305.com,x305.com,info@x305.com,,The Hammocks FL,auto repair shop,gmaps
pacificcollisionmiami.com,https://pacificcollisionmiami.com,pacificcollisionmiami.com,example@mysite.com,,The Hammocks FL,auto repair shop,gmaps
wba-performance.com,https://wba-performance.com,wba-performance.com,,,Wellington FL,auto repair shop,gmaps
wellingtonautocollision.net,https://wellingtonautocollision.net,wellingtonautocollision.net,wellingtoncol@aol.com,,Wellington FL,auto repair shop,gmaps
myusedcarbuddy.com,https://myusedcarbuddy.com,myusedcarbuddy.com,info@myusedcarbuddy.com,,Wellington FL,auto repair shop,gmaps
coasttocoastrvrepair.com,https://coasttocoastrvrepair.com,coasttocoastrvrepair.com,service@coasttocoastrvrepair.com,,Wellington FL,auto repair shop,gmaps
flagler73.com,https://flagler73.com,flagler73.com,flaglermiller@gmail.com,,West Miami FL,auto repair shop,gmaps
autoelitetransports.com,https://autoelitetransports.com,autoelitetransports.com,info@autoelitetransports.com,,West Miami FL,auto repair shop,gmaps
sergosroadsideassistance.com,https://sergosroadsideassistance.com,sergosroadsideassistance.com,info@zealconsult.com,,West Miami FL,auto repair shop,gmaps
fast-cust.com,https://fast-cust.com,fast-cust.com,hello@fast-cust.com,,West Park FL,auto repair shop,gmaps
rapidautolube.com,https://rapidautolube.com,rapidautolube.com,support@webador.com,,West Park FL,auto repair shop,gmaps
victoryautobodyshop.com,https://victoryautobodyshop.com,victoryautobodyshop.com,victoryauto62@gmail.com,,West Park FL,auto repair shop,gmaps
haroldtireservicesbroward.com,https://haroldtireservicesbroward.com,haroldtireservicesbroward.com,info@haroldmobile.digitalizayemprende.com,,West Park FL,auto repair shop,gmaps
xtremecollisioncenter1.com,https://xtremecollisioncenter1.com,xtremecollisioncenter1.com,xtremecollisioncenter1@gmail.com,,West Park FL,auto repair shop,gmaps
allamericanmobiletireservices.com,https://allamericanmobiletireservices.com,allamericanmobiletireservices.com,,,West Park FL,auto repair shop,gmaps
just1customs.com,https://just1customs.com,just1customs.com,service@just1customs.com,,West Park FL,auto repair shop,gmaps
hubcapheavensfl.com,https://hubcapheavensfl.com,hubcapheavensfl.com,hubc@truchat.io,,West Park FL,auto repair shop,gmaps
jeegos.webstarts.com,https://jeegos.webstarts.com,jeegos.webstarts.com,support@webstarts.com,,West Park FL,auto repair shop,gmaps
autostatebodyshopinc.com,https://autostatebodyshopinc.com,autostatebodyshopinc.com,autostatebodyshopinc@gmail.com,,West Park FL,auto repair shop,gmaps
247roadsideexpress.com,https://247roadsideexpress.com,247roadsideexpress.com,mappointpro@gmail.com,,Westchester FL,auto repair shop,gmaps
millerautocare2.com,https://millerautocare2.com,millerautocare2.com,millerautocare2@yahoo.com,,Westchester FL,auto repair shop,gmaps
mobilebodyshopsfl.com,https://mobilebodyshopsfl.com,mobilebodyshopsfl.com,collisionflpas@gmail.com,,Weston FL,auto repair shop,gmaps
techyweston.com,https://techyweston.com,techyweston.com,weston@techycompany.com,,Weston FL,auto repair shop,gmaps
luxewashdetailing.com,https://luxewashdetailing.com,luxewashdetailing.com,luxecarw@gmail.com,,Weston FL,auto repair shop,gmaps
alexpromecanico.com,https://alexpromecanico.com,alexpromecanico.com,alexjam21@gmail.com,,Weston FL,auto repair shop,gmaps
us-locksmith.com,https://us-locksmith.com,us-locksmith.com,info@us-locksmith.com,,Weston FL,auto repair shop,gmaps
lusauto.com,https://lusauto.com,lusauto.com,sales@lusauto.com,,Weston FL,auto repair shop,gmaps
fpbikeshop.com,https://fpbikeshop.com,fpbikeshop.com,fredy@fpbikeshop.com,,Weston FL,auto repair shop,gmaps
westontowncenter.com,https://westontowncenter.com,westontowncenter.com,jtorres@westonleasingfl.com,,Weston FL,auto repair shop,gmaps
blacklinetinting.com,https://blacklinetinting.com,blacklinetinting.com,blacklinetintingsales@gmail.com,,Weston FL,auto repair shop,gmaps
floridaautotransport.com,https://floridaautotransport.com,floridaautotransport.com,andy@floridaautotransport.com,,Weston FL,auto repair shop,gmaps
jdautodetailing.com,https://jdautodetailing.com,jdautodetailing.com,info@jdautodetailing.com,,Weston FL,auto repair shop,gmaps
turbowax.com,https://turbowax.com,turbowax.com,info@turbowax.com,,Weston FL,auto repair shop,gmaps
autoxpertsllc.com,https://autoxpertsllc.com,autoxpertsllc.com,autoxpertsllc@myyahoo.com,,Wilton Manors FL,auto repair shop,gmaps
brakesmaster.com,https://brakesmaster.com,brakesmaster.com,info@brakesmaster.com,,Wilton Manors FL,auto repair shop,gmaps
blackhorsecollision.com,https://blackhorsecollision.com,blackhorsecollision.com,info@blackhorseautos.com,,Wilton Manors FL,auto repair shop,gmaps
dixietrailersupply.com,https://dixietrailersupply.com,dixietrailersupply.com,john@dixietrailersupply.com,,Wilton Manors FL,auto repair shop,gmaps
sourceautomotives.com,https://sourceautomotives.com,sourceautomotives.com,info@sourceautomotives.com,,Wilton Manors FL,auto repair shop,gmaps
psgpaintandbody.com,https://psgpaintandbody.com,psgpaintandbody.com,psgpaintbody@gmail.com,,Aventura FL,auto body shop,gmaps
rubystargarage.com,https://rubystargarage.com,rubystargarage.com,sales@rubystargarage.com,,Aventura FL,auto body shop,gmaps
rembrandtcollisioncenter.com,https://rembrandtcollisioncenter.com,rembrandtcollisioncenter.com,rembrandtcollision@gmail.com,,Aventura FL,auto body shop,gmaps
superiorautoart.com,https://superiorautoart.com,superiorautoart.com,info@superiorautoart.com,,Bal Harbour FL,auto body shop,gmaps
soapoperamobile.com,https://soapoperamobile.com,soapoperamobile.com,info@soapoperamobile.com,,Bal Harbour FL,auto body shop,gmaps
stenya.com,https://stenya.com,stenya.com,stenyaskin@aol.com,,Bal Harbour FL,auto body shop,gmaps
autovault.net,https://autovault.net,autovault.net,admin@autovault.net,,Bal Harbour FL,auto body shop,gmaps
southerncoastlines.com,https://southerncoastlines.com,southerncoastlines.com,josh@southerncoastlines.com,,Bal Harbour FL,auto body shop,gmaps
blubros.com,https://blubros.com,blubros.com,info@blubros.com,,Bal Harbour FL,auto body shop,gmaps
305carcare.com,https://305carcare.com,305carcare.com,411@305carcare.com,,Biscayne Park FL,auto body shop,gmaps
magictouchmiami.com,https://magictouchmiami.com,magictouchmiami.com,info@magictouchmiami.com,,Biscayne Park FL,auto body shop,gmaps
miamichassis.net,https://miamichassis.net,miamichassis.net,info@miamichassis.net,,Biscayne Park FL,auto body shop,gmaps
tridellautospa.com,https://tridellautospa.com,tridellautospa.com,wendeltavarez@tridelldluxe.com,,Biscayne Park FL,auto body shop,gmaps
romaautobody.com,https://romaautobody.com,romaautobody.com,,,Biscayne Park FL,auto body shop,gmaps
carworldpaint.com,https://carworldpaint.com,carworldpaint.com,info@carworldpaint.com,,Biscayne Park FL,auto body shop,gmaps
services.evgarage.us,https://services.evgarage.us,services.evgarage.us,angel@dharmamarketing.cloud,,Biscayne Park FL,auto body shop,gmaps
biscayneparkfl.gov,https://biscayneparkfl.gov,biscayneparkfl.gov,villagehall@biscayneparkfl.gov,,Biscayne Park FL,auto body shop,gmaps
brinksautobody.com,https://brinksautobody.com,brinksautobody.com,service@brinksautobody.com,,Boca Raton FL,auto body shop,gmaps
sheehanscollision.com,https://sheehanscollision.com,sheehanscollision.com,sheehanscollision@gmail.com,,Boca Raton FL,auto body shop,gmaps
scratchwizardfl.com,https://scratchwizardfl.com,scratchwizardfl.com,scratchwi@gmail.com,,Boca Raton FL,auto body shop,gmaps
theworkshop-bocaraton.com,https://theworkshop-bocaraton.com,theworkshop-bocaraton.com,contact@theworkshop-bocaraton.com,,Boca Raton FL,auto body shop,gmaps
sdxpressfl.com,https://sdxpressfl.com,sdxpressfl.com,sdxpress@yahoo.com,,Boca Raton FL,auto body shop,gmaps
extramilecollision.com,https://extramilecollision.com,extramilecollision.com,extramilecollision@gmail.com,,Boca Raton FL,auto body shop,gmaps
jzprojectpdr.com,https://jzprojectpdr.com,jzprojectpdr.com,jzprojectservice@gmail.com,,Boca Raton FL,auto body shop,gmaps
hdwerks.net,https://hdwerks.net,hdwerks.net,info@hdwerks.net,,Boca Raton FL,auto body shop,gmaps
dentremovalpro.com,https://dentremovalpro.com,dentremovalpro.com,dentremovalpro@gmail.com,,Boca Raton FL,auto body shop,gmaps
boyntonautocollision.com,https://boyntonautocollision.com,boyntonautocollision.com,bsony56@yahoo.com,,Boynton Beach FL,auto body shop,gmaps
westdelraycollisioncenter.com,https://westdelraycollisioncenter.com,westdelraycollisioncenter.com,estimates@westdelraycollisioncenter.com,,Boynton Beach FL,auto body shop,gmaps
primopaintbody.com,https://primopaintbody.com,primopaintbody.com,contact@primopaintbody.com,,Coconut Creek FL,auto body shop,gmaps
collisioncarexpress.com,https://collisioncarexpress.com,collisioncarexpress.com,service@collisioncarexpress.com,,Coconut Creek FL,auto body shop,gmaps
floridaautocollision.com,https://floridaautocollision.com,floridaautocollision.com,floridaautocollision@gmail.com,,Coconut Creek FL,auto body shop,gmaps
europeanpompano.com,https://europeanpompano.com,europeanpompano.com,europeanpompanobeach@gmail.com,,Coconut Creek FL,auto body shop,gmaps
fasautobodyshop.com,https://fasautobodyshop.com,fasautobodyshop.com,fasautobody1@gmail.com,,Coconut Creek FL,auto body shop,gmaps
ftlcollision.com,https://ftlcollision.com,ftlcollision.com,infoftlcollision@gmail.com,,Coconut Creek FL,auto body shop,gmaps
fastcarcollisionrepair.com,https://fastcarcollisionrepair.com,fastcarcollisionrepair.com,fastcarcollision@gmail.com,,Coconut Creek FL,auto body shop,gmaps
cardoctorsmargate.com,https://cardoctorsmargate.com,cardoctorsmargate.com,cardoctorscc@gmail.com,,Coconut Creek FL,auto body shop,gmaps
bodycraftusa.com,https://bodycraftusa.com,bodycraftusa.com,contact@bodycraftusa.com,,Coconut Creek FL,auto body shop,gmaps
pridecustomizing.com,https://pridecustomizing.com,pridecustomizing.com,david@pridecustomizing.com,,Coconut Grove FL,auto body shop,gmaps
agcustomz.com,https://agcustomz.com,agcustomz.com,frank@agcustomz.com,,Coconut Grove FL,auto body shop,gmaps
rossautobodyshop.com,https://rossautobodyshop.com,rossautobodyshop.com,info@outfit.com,,Coconut Grove FL,auto body shop,gmaps
rpbmiami.com,https://rpbmiami.com,rpbmiami.com,rainbow@rpbmiami.com,,Coconut Grove FL,auto body shop,gmaps
exotic-collision.com,https://exotic-collision.com,exotic-collision.com,info@exotic-collision.com,,Coconut Grove FL,auto body shop,gmaps
mccollision.net,https://mccollision.net,mccollision.net,brony@mccollisionmiami.com,,Coconut Grove FL,auto body shop,gmaps
exoticmotorsofflorida.com,https://exoticmotorsofflorida.com,exoticmotorsofflorida.com,exoticmotorsofflorida@gmail.com,,Coconut Grove FL,auto body shop,gmaps
cronybodyworks.com,https://cronybodyworks.com,cronybodyworks.com,info@cronybodyworks.com,,Coconut Grove FL,auto body shop,gmaps
showroommiami.com,https://showroommiami.com,showroommiami.com,info@showroommiami.com,,Coconut Grove FL,auto body shop,gmaps
fixbodycar.com,https://fixbodycar.com,fixbodycar.com,support@fixbodycar.com,,Cooper City FL,auto body shop,gmaps
egocolllisionctr.com,https://egocolllisionctr.com,egocolllisionctr.com,egocollisioncenter13@gmail.com,,Cooper City FL,auto body shop,gmaps
weareridesmiami.com,https://weareridesmiami.com,weareridesmiami.com,info@weareridesmiami.com,,Cooper City FL,auto body shop,gmaps
sunshineselfstorage.com,https://sunshineselfstorage.com,sunshineselfstorage.com,boca@sunshineselfstorage.com,,Cooper City FL,auto body shop,gmaps
rickcasecollision.com,https://rickcasecollision.com,rickcasecollision.com,dannymartinez@rickcase.com,,Cooper City FL,auto body shop,gmaps
alwayssunnyfl.com,https://alwayssunnyfl.com,alwayssunnyfl.com,info@alwayssunnyfl.com,,Cooper City FL,auto body shop,gmaps
newcarcollisionsouthmiami.com,https://newcarcollisionsouthmiami.com,newcarcollisionsouthmiami.com,newcarcollision@gmail.com,,Coral Gables FL,auto body shop,gmaps
beracaautobody.com,https://beracaautobody.com,beracaautobody.com,beracaautobody@gmail.com,,Coral Springs FL,auto body shop,gmaps
miamiexcellencecollisioncenter.com,https://miamiexcellencecollisioncenter.com,miamiexcellencecollisioncenter.com,miamiexcellencecollisioncenter@gmail.com,,Coral Terrace FL,auto body shop,gmaps
citytrucksale.com,https://citytrucksale.com,citytrucksale.com,exclusivequalitytrucks@gmail.com,,Country Club FL,auto body shop,gmaps
tropicalcollision.com,https://tropicalcollision.com,tropicalcollision.com,info@tropicalcollision.com,,Country Club FL,auto body shop,gmaps
diamantepbw.com,https://diamantepbw.com,diamantepbw.com,dpbw@diamantepbw.com,,Country Club FL,auto body shop,gmaps
miamicsigroup.com,https://miamicsigroup.com,miamicsigroup.com,info@miamicsigroup.com,,Country Club FL,auto body shop,gmaps
southernautopaintandbody.godaddysites.com,https://southernautopaintandbody.godaddysites.com,southernautopaintandbody.godaddysites.com,astigma@astigmatic.com,,Country Club FL,auto body shop,gmaps
autotechtires.com,https://autotechtires.com,autotechtires.com,impallari@gmail.com,,Cutler Bay FL,auto body shop,gmaps
lumacarsbodyshop.com,https://lumacarsbodyshop.com,lumacarsbodyshop.com,lumacarsbodyshop@gmail.com,,Cutler Bay FL,auto body shop,gmaps
marlinmotors.net,https://marlinmotors.net,marlinmotors.net,marlinmotors@comcast.net,,Cutler Bay FL,auto body shop,gmaps
lycollisioncenter.com,https://lycollisioncenter.com,lycollisioncenter.com,jonpinhorn.typedesign@gmail.com,,Cutler Bay FL,auto body shop,gmaps
smartdentsolutions.com,https://smartdentsolutions.com,smartdentsolutions.com,dentsolutions305@gmail.com,,Cutler Bay FL,auto body shop,gmaps
lioncollisionfl.com,https://lioncollisionfl.com,lioncollisionfl.com,lioncollision@gmail.com,,Dania Beach FL,auto body shop,gmaps
lpautobodyrepair.com,https://lpautobodyrepair.com,lpautobodyrepair.com,lpautobodyrepair@gmail.com,,Dania Beach FL,auto body shop,gmaps
maxbodyshopandpaint.com,https://maxbodyshopandpaint.com,maxbodyshopandpaint.com,info@maxbodyshopandpaint.com,,Dania Beach FL,auto body shop,gmaps
rockstarcollision.com,https://rockstarcollision.com,rockstarcollision.com,info@rockstarcollision.com,,Dania Beach FL,auto body shop,gmaps
rubystarautobody.com,https://rubystarautobody.com,rubystarautobody.com,sales@rubystarautobody.com,,Dania Beach FL,auto body shop,gmaps
platinumcollisionshop.com,https://platinumcollisionshop.com,platinumcollisionshop.com,platinumcollisionshop@gmail.com,,Dania Beach FL,auto body shop,gmaps
hollywoodcollisionfl.com,https://hollywoodcollisionfl.com,hollywoodcollisionfl.com,info@ll-cc.com,,Dania Beach FL,auto body shop,gmaps
anitasbodyshopandpaint.com,https://anitasbodyshopandpaint.com,anitasbodyshopandpaint.com,anitasbodyandpaint@gmail.com,,Dania Beach FL,auto body shop,gmaps
rpmcollisionandframe.com,https://rpmcollisionandframe.com,rpmcollisionandframe.com,patrickgelly@yahoo.com,,Davie FL,auto body shop,gmaps
setcolor24.com,https://setcolor24.com,setcolor24.com,setcolor24@gmail.com,,Davie FL,auto body shop,gmaps
citycollisions.com,https://citycollisions.com,citycollisions.com,contact@citycollisions.com,,Davie FL,auto body shop,gmaps
astruckr.com,https://astruckr.com,astruckr.com,astruckr@yahoo.com,,Davie FL,auto body shop,gmaps
procarautobodyshop.com,https://procarautobodyshop.com,procarautobodyshop.com,info@procarautobodyshop.com,,Deerfield Beach FL,auto body shop,gmaps
exoticfusionauto.com,https://exoticfusionauto.com,exoticfusionauto.com,augisgt3@gmail.com,,Deerfield Beach FL,auto body shop,gmaps
rlcarking.com,https://rlcarking.com,rlcarking.com,info@rlcarking.com,,Deerfield Beach FL,auto body shop,gmaps
carpointautocollision.com,https://carpointautocollision.com,carpointautocollision.com,carpointautocollision@gmail.com,,Deerfield Beach FL,auto body shop,gmaps
vonwrapsanddesign.com,https://vonwrapsanddesign.com,vonwrapsanddesign.com,vonwrapsanddesign@gmail.com,,Deerfield Beach FL,auto body shop,gmaps
eurowerkscollisionpaint.com,https://eurowerkscollisionpaint.com,eurowerkscollisionpaint.com,info@eurowerksauto.com,,Deerfield Beach FL,auto body shop,gmaps
eaglecollisionct.com,https://eaglecollisionct.com,eaglecollisionct.com,micah@micahrich.com,,Deerfield Beach FL,auto body shop,gmaps
edmorsedelraycollision.com,https://edmorsedelraycollision.com,edmorsedelraycollision.com,jefflayton@edmorse.com,,Delray Beach FL,auto body shop,gmaps
protouchgarage.com,https://protouchgarage.com,protouchgarage.com,service@protouchgarage.com,,Delray Beach FL,auto body shop,gmaps
durotran.com,https://durotran.com,durotran.com,eben@eyebytes.com,,Delray Beach FL,auto body shop,gmaps
doralelite.com,https://doralelite.com,doralelite.com,info@doralelite.com,,Doral FL,auto body shop,gmaps
autosportint.com,https://autosportint.com,autosportint.com,admin@autosportofmiami.com,,Doral FL,auto body shop,gmaps
eusacc.com,https://eusacc.com,eusacc.com,info@eusacc.com,,Doral FL,auto body shop,gmaps
rypmiamiauto.com,https://rypmiamiauto.com,rypmiamiauto.com,info@rypmiamiauto.com,,Doral FL,auto body shop,gmaps
worldimpactcenterllc.com,https://worldimpactcenterllc.com,worldimpactcenterllc.com,info@worldimpactcenterllc.com,,El Portal FL,auto body shop,gmaps
loretobodyshop.com,https://loretobodyshop.com,loretobodyshop.com,loretobodyshop@gmail.com,,El Portal FL,auto body shop,gmaps
impactpaintandbody.com,https://impactpaintandbody.com,impactpaintandbody.com,info@impactpaintandbody.com,,Fort Lauderdale FL,auto body shop,gmaps
ramseypaintandbody.com,https://ramseypaintandbody.com,ramseypaintandbody.com,shop@ramseypaintandbody.com,,Fort Lauderdale FL,auto body shop,gmaps
edmorsefortlauderdalecollision.com,https://edmorsefortlauderdalecollision.com,edmorsefortlauderdalecollision.com,victorramsay@edmorse.com,,Fort Lauderdale FL,auto body shop,gmaps
ifixexotics.com,https://ifixexotics.com,ifixexotics.com,info@ifixexotics.com,,Fort Lauderdale FL,auto body shop,gmaps
abcautobodyandcollision.com,https://abcautobodyandcollision.com,abcautobodyandcollision.com,luciano@latinotype.com,,Fort Lauderdale FL,auto body shop,gmaps
ezzeautomotive.com,https://ezzeautomotive.com,ezzeautomotive.com,ezzeautosolution@gmail.com,,Fort Lauderdale FL,auto body shop,gmaps
dimensionmotors.com,https://dimensionmotors.com,dimensionmotors.com,info@dimensionmotors.com,,Fort Lauderdale FL,auto body shop,gmaps
aventuracarwash.com,https://aventuracarwash.com,aventuracarwash.com,info@aventuracarwash.com,,Golden Beach FL,auto body shop,gmaps
worldofautotinting.com,https://worldofautotinting.com,worldofautotinting.com,ariel@worldofautotinting.com,,Golden Beach FL,auto body shop,gmaps
discounttruckparking.com,https://discounttruckparking.com,discounttruckparking.com,discounttruckparking@gmail.com,,Golden Beach FL,auto body shop,gmaps
snapfixautoservice.com,https://snapfixautoservice.com,snapfixautoservice.com,jcservice25works@gmail.com,,Golden Beach FL,auto body shop,gmaps
madshineautospas.com,https://madshineautospas.com,madshineautospas.com,madshine49@gmail.com,,Golden Beach FL,auto body shop,gmaps
mydadcanfixit.com,https://mydadcanfixit.com,mydadcanfixit.com,mydadcanfixitllc@gmail.com,,Golden Beach FL,auto body shop,gmaps
advancetrucktrailerrepair.com,https://advancetrucktrailerrepair.com,advancetrucktrailerrepair.com,carlosportillo05@yahoo.com,,Golden Beach FL,auto body shop,gmaps
shakedlaw.com,https://shakedlaw.com,shakedlaw.com,info@shakedlawfirm.com,,Golden Beach FL,auto body shop,gmaps
autohaildent.com,https://autohaildent.com,autohaildent.com,info@autohaildent.com,,Greenacres FL,auto body shop,gmaps
factoryfinishpaintandbody.com,https://factoryfinishpaintandbody.com,factoryfinishpaintandbody.com,factoryfinishpaintandbody@outlook.com,,Greenacres FL,auto body shop,gmaps
diamondautopainting.com,https://diamondautopainting.com,diamondautopainting.com,diamond1935@aol.com,,Greenacres FL,auto body shop,gmaps
mumezacollisionllc.com,https://mumezacollisionllc.com,mumezacollisionllc.com,mumezacollisionllc@gmail.com,,Greenacres FL,auto body shop,gmaps
palmbeachautoscratchrepair.com,https://palmbeachautoscratchrepair.com,palmbeachautoscratchrepair.com,impallari@gmail.com,,Greenacres FL,auto body shop,gmaps
unlimitedtruckparts.com,https://unlimitedtruckparts.com,unlimitedtruckparts.com,sales@unlimitedtruckparts.com,,Greenacres FL,auto body shop,gmaps
readingtruck.com,https://readingtruck.com,readingtruck.com,marketing@readingtruck.com,,Greenacres FL,auto body shop,gmaps
precision-automotive-moxom.webflow.io,https://precision-automotive-moxom.webflow.io,precision-automotive-moxom.webflow.io,precisionautomotivepbc@gmail.com,,Greenacres FL,auto body shop,gmaps
dvautomiami.com,https://dvautomiami.com,dvautomiami.com,dvauto16@gmail.com,,Hallandale Beach FL,auto body shop,gmaps
procollisiononline.com,https://procollisiononline.com,procollisiononline.com,procollisionandmarine@gmail.com,,Hialeah FL,auto body shop,gmaps
teamvauto.com,https://teamvauto.com,teamvauto.com,soporte@webador.es,,Hialeah FL,auto body shop,gmaps
miamipaint.us,https://miamipaint.us,miamipaint.us,info@miamipaint.us,,Hialeah FL,auto body shop,gmaps
ar3and5autosolutions.com,https://ar3and5autosolutions.com,ar3and5autosolutions.com,info@mysite.com,,Hialeah FL,auto body shop,gmaps
danielsbodyshop.com,https://danielsbodyshop.com,danielsbodyshop.com,danielsbodyshop05@gmail.com,,Hialeah Gardens FL,auto body shop,gmaps
redroadauto.com,https://redroadauto.com,redroadauto.com,redroadtireauto@gmail.com,,Hialeah Gardens FL,auto body shop,gmaps
soflomoscratchdent.com,https://soflomoscratchdent.com,soflomoscratchdent.com,zabriskiecorey@gmail.com,,Hillsboro Beach FL,auto body shop,gmaps
call5starlocksmith.com,https://call5starlocksmith.com,call5starlocksmith.com,5starlocksmithfl@gmail.com,,Hillsboro Beach FL,auto body shop,gmaps
leakxperts.com,https://leakxperts.com,leakxperts.com,info@leaksxperts.com,,Hillsboro Beach FL,auto body shop,gmaps
allwayssignsfl.com,https://allwayssignsfl.com,allwayssignsfl.com,allwayssignsfl@gmail.com,,Hillsboro Beach FL,auto body shop,gmaps
bbtanning.com,https://bbtanning.com,bbtanning.com,info@brazilianbeautytanning.com,,Hillsboro Beach FL,auto body shop,gmaps
highcaliberpdr.com,https://highcaliberpdr.com,highcaliberpdr.com,highcaliberpdr@gmail.com,,Hillsboro Beach FL,auto body shop,gmaps
deerfieldacehardware.com,https://deerfieldacehardware.com,deerfieldacehardware.com,deerfieldacehardware@gmail.com,,Hillsboro Beach FL,auto body shop,gmaps
55towing.com,https://55towing.com,55towing.com,jonpinhorn.typedesign@gmail.com,,Hillsboro Beach FL,auto body shop,gmaps
thevettesmith.com,https://thevettesmith.com,thevettesmith.com,thevettesmithinc@aol.com,,Homestead FL,auto body shop,gmaps
mrclassik.com,https://mrclassik.com,mrclassik.com,info@mrclassik.com,,Homestead FL,auto body shop,gmaps
sfgdetailing.com,https://sfgdetailing.com,sfgdetailing.com,sfgdetailing@yahoo.com,,Homestead FL,auto body shop,gmaps
prestigecreationsbyja.com,https://prestigecreationsbyja.com,prestigecreationsbyja.com,prestigecreationsbyja@outlook.com,,Jupiter FL,auto body shop,gmaps
autocollisionmiami.com,https://autocollisionmiami.com,autocollisionmiami.com,info@westkendallcollision.com,,Kendall FL,auto body shop,gmaps
legaragecollision.com,https://legaragecollision.com,legaragecollision.com,info@legaragecollision.com,,Kendall FL,auto body shop,gmaps
marcelsb2b.com,https://marcelsb2b.com,marcelsb2b.com,marcelsb2b@gmail.com,,Kendall FL,auto body shop,gmaps
fusionautocollition.com,https://fusionautocollition.com,fusionautocollition.com,info@fusionautocollition.com,,Kendall FL,auto body shop,gmaps
westkendallcustoms.godaddysites.com,https://westkendallcustoms.godaddysites.com,westkendallcustoms.godaddysites.com,wkcustoms1@gmail.com,,Kendall FL,auto body shop,gmaps
berlinautotech.com,https://berlinautotech.com,berlinautotech.com,example@mysite.com,,Lake Park FL,auto body shop,gmaps
estautosalon.com,https://estautosalon.com,estautosalon.com,carsy@gmail.com,,Lake Park FL,auto body shop,gmaps
exzakt.net,https://exzakt.net,exzakt.net,info@exzakt.net,,Lake Park FL,auto body shop,gmaps
palmbeachelitedetailing.com,https://palmbeachelitedetailing.com,palmbeachelitedetailing.com,palmbeachelitedetailing@gmail.com,,Lake Park FL,auto body shop,gmaps
kelseycityauto.com,https://kelseycityauto.com,kelseycityauto.com,support@kelseycityauto.com,,Lake Park FL,auto body shop,gmaps
elioautostyle.com,https://elioautostyle.com,elioautostyle.com,info@elioautostyle.com,,Lake Park FL,auto body shop,gmaps
resurrectionmusclecars.com,https://resurrectionmusclecars.com,resurrectionmusclecars.com,info@resurrectionmusclecars.com,,Lake Park FL,auto body shop,gmaps
sdlautoservices.com,https://sdlautoservices.com,sdlautoservices.com,sdlautoservice@gmail.com,,Lake Park FL,auto body shop,gmaps
dv8motorsportsfl.com,https://dv8motorsportsfl.com,dv8motorsportsfl.com,dv8motorsports@gmail.com,,Lake Park FL,auto body shop,gmaps
marinomotorsportsdetailing.com,https://marinomotorsportsdetailing.com,marinomotorsportsdetailing.com,marinomotorsportsdetailing@gmail.com,,Lake Park FL,auto body shop,gmaps
craftcollisionrestoration.com,https://craftcollisionrestoration.com,craftcollisionrestoration.com,craftcollisionwpb@gmail.com,,Lake Worth Beach FL,auto body shop,gmaps
mobileautobodysolution.com,https://mobileautobodysolution.com,mobileautobodysolution.com,mobileautobodysolution@gmail.com,,Lake Worth Beach FL,auto body shop,gmaps
kcautopaintstore.com,https://kcautopaintstore.com,kcautopaintstore.com,info@kcautopaintstore.com,,Lake Worth Beach FL,auto body shop,gmaps
bsperformancemotors.com,https://bsperformancemotors.com,bsperformancemotors.com,info@garageflow.com,,Lake Worth Beach FL,auto body shop,gmaps
towingwestpalm.com,https://towingwestpalm.com,towingwestpalm.com,chico_towing@outlook.com,,Lake Worth Beach FL,auto body shop,gmaps
eliteautoglassrepair.site,https://eliteautoglassrepair.site,eliteautoglassrepair.site,info@eliteautoglassrepair.site,,Lantana FL,auto body shop,gmaps
trueviewautoglassrepair.site,https://trueviewautoglassrepair.site,trueviewautoglassrepair.site,info@trueviewautoglassrepair.site,,Lantana FL,auto body shop,gmaps
drivetodaysales.com,https://drivetodaysales.com,drivetodaysales.com,drivetodayautos@yahoo.com,,Lantana FL,auto body shop,gmaps
gerbercollision.com,https://gerbercollision.com,gerbercollision.com,info@gerbercollision.com,,Lauderdale Lakes FL,auto body shop,gmaps
lauderhillautocollision.com,https://lauderhillautocollision.com,lauderhillautocollision.com,lauderhillcollision@gmail.com,,Lauderdale Lakes FL,auto body shop,gmaps
superiorcraftsmencc.com,https://superiorcraftsmencc.com,superiorcraftsmencc.com,,,Lauderdale Lakes FL,auto body shop,gmaps
horsepowerp.com,https://horsepowerp.com,horsepowerp.com,webmaster@horsepowerp.com,,Margate FL,auto body shop,gmaps
floridagreatauto.ueniweb.com,https://floridagreatauto.ueniweb.com,floridagreatauto.ueniweb.com,scratchsolutionautowholesale@gmail.com,,Margate FL,auto body shop,gmaps
scbodyshop.com,https://scbodyshop.com,scbodyshop.com,info@aapattersonbodyshop.com,,Medley FL,auto body shop,gmaps
meeksplumbing.com,https://meeksplumbing.com,meeksplumbing.com,info@meeksplumbing.com,,Medley FL,auto body shop,gmaps
willyscollisioncenter.com,https://willyscollisioncenter.com,willyscollisioncenter.com,wilcol@bellsouth.net,,Miami FL,auto body shop,gmaps
grandprixautocenter.com,https://grandprixautocenter.com,grandprixautocenter.com,support@grandprixautocenter.com,,Miami Gardens FL,auto body shop,gmaps
chassismaster.com,https://chassismaster.com,chassismaster.com,contactus@chassismaster.com,,Miramar FL,auto body shop,gmaps
magichandscarwash.com,https://magichandscarwash.com,magichandscarwash.com,customservice@mhcorp305.com,,North Bay Village FL,auto body shop,gmaps
floridatrucktown.com,https://floridatrucktown.com,floridatrucktown.com,floridatrucktown@gmail.com,,North Bay Village FL,auto body shop,gmaps
orobeautyspa.com,https://orobeautyspa.com,orobeautyspa.com,johe@orobeautyspa.com,,North Bay Village FL,auto body shop,gmaps
nextlevelmotorsmia.com,https://nextlevelmotorsmia.com,nextlevelmotorsmia.com,info@nextlevelmotorsmia.com,,North Bay Village FL,auto body shop,gmaps
24tire.net,https://24tire.net,24tire.net,mpautomotive@bellsouth.net,,North Bay Village FL,auto body shop,gmaps
nationalcollisionandtruck.com,https://nationalcollisionandtruck.com,nationalcollisionandtruck.com,5425nct@gmail.com,,North Lauderdale FL,auto body shop,gmaps
m-techperformance.com,https://m-techperformance.com,m-techperformance.com,info@m-techperformance.com,,North Lauderdale FL,auto body shop,gmaps
autolaboratoryusa.com,https://autolaboratoryusa.com,autolaboratoryusa.com,info@autolaboratoryusa.com,,North Miami Beach FL,auto body shop,gmaps
tate-df.com,https://tate-df.com,tate-df.com,info@tate-df.com,,Oakland Park FL,auto body shop,gmaps
germanautomastersfl.com,https://germanautomastersfl.com,germanautomastersfl.com,germanautomasters@gmail.com,,Oakland Park FL,auto body shop,gmaps
procarpdr.com,https://procarpdr.com,procarpdr.com,info@procarpdr.com,,Oakland Park FL,auto body shop,gmaps
leithererbodyshop.com,https://leithererbodyshop.com,leithererbodyshop.com,info@mysite.com,,Oakland Park FL,auto body shop,gmaps
bodyshop.ketrrgroup.com,https://bodyshop.ketrrgroup.com,bodyshop.ketrrgroup.com,business@ketrrgroup.com,,Opa-locka FL,auto body shop,gmaps
vs-coatings.com,https://vs-coatings.com,vs-coatings.com,carlos@vs-coatings.com,,Opa-locka FL,auto body shop,gmaps
pbcoachworks.com,https://pbcoachworks.com,pbcoachworks.com,pbcoachworks@gmail.com,,Palm Beach FL,auto body shop,gmaps
autobodyag.com,https://autobodyag.com,autobodyag.com,autobodyag@gmail.com,,Palm Beach FL,auto body shop,gmaps
tuffcoatwpb.com,https://tuffcoatwpb.com,tuffcoatwpb.com,tuffcoat@aol.com,,Palm Beach FL,auto body shop,gmaps
prestigecarrenovations.com,https://prestigecarrenovations.com,prestigecarrenovations.com,prestigecarrenovations@gmail.com,,Palm Beach FL,auto body shop,gmaps
russellautorestorations.com,https://russellautorestorations.com,russellautorestorations.com,russellrestorations@gmail.com,,Palm Beach FL,auto body shop,gmaps
arcarosautobody.com,https://arcarosautobody.com,arcarosautobody.com,info@arcarosautobody.com,,Palm Springs FL,auto body shop,gmaps
fixautousa.com,https://fixautousa.com,fixautousa.com,esther@imagemakers-inc.com,,Palm Springs FL,auto body shop,gmaps
jessupautoplaza.com,https://jessupautoplaza.com,jessupautoplaza.com,marketing@jessupautoplaza.com,,Palm Springs FL,auto body shop,gmaps
panthercollisioncenter.com,https://panthercollisioncenter.com,panthercollisioncenter.com,panthercollisioncenter007@gmail.com,,Palm Springs FL,auto body shop,gmaps
uniqueautobodyandpaint.com,https://uniqueautobodyandpaint.com,uniqueautobodyandpaint.com,uniqueautobody79@gmail.com,,Palm Springs FL,auto body shop,gmaps
frazioautodesigns.com,https://frazioautodesigns.com,frazioautodesigns.com,sales@frazioautodesigns.com,,Palm Springs FL,auto body shop,gmaps
ferchurodocollision.com,https://ferchurodocollision.com,ferchurodocollision.com,fernandocollisionrepair@gmail.com,,Pembroke Park FL,auto body shop,gmaps
professionalcpc.com,https://professionalcpc.com,professionalcpc.com,professionalcpc@gmail.com,,Pembroke Park FL,auto body shop,gmaps
goldcoastautoparts.com,https://goldcoastautoparts.com,goldcoastautoparts.com,goldcoastmultisystems@gmail.com,,Pembroke Park FL,auto body shop,gmaps
pinecrestgarageandopenerexpert.com,https://pinecrestgarageandopenerexpert.com,pinecrestgarageandopenerexpert.com,info@pinecrestgarageandopenerexpert.com,,Pinecrest FL,auto body shop,gmaps
sunilanddetailing.com,https://sunilanddetailing.com,sunilanddetailing.com,jenniferyjd02@gmail.com,,Pinecrest FL,auto body shop,gmaps
sunilandautotag.com,https://sunilandautotag.com,sunilandautotag.com,atasuniland@msn.com,,Pinecrest FL,auto body shop,gmaps
cbwheels.com,https://cbwheels.com,cbwheels.com,info@cbwheels.com,,Pinecrest FL,auto body shop,gmaps
totalcarecollision.com,https://totalcarecollision.com,totalcarecollision.com,info@totalcarecollision.com,,Pompano Beach FL,auto body shop,gmaps
afautobody.net,https://afautobody.net,afautobody.net,afautobody@att.net,,Pompano Beach FL,auto body shop,gmaps
rapidproductspbc.com,https://rapidproductspbc.com,rapidproductspbc.com,rapid.cppaints@gmail.com,,Riviera Beach FL,auto body shop,gmaps
autoglassnow.com,https://autoglassnow.com,autoglassnow.com,writeus@autoglassnow.com,,Riviera Beach FL,auto body shop,gmaps
rimfx.us,https://rimfx.us,rimfx.us,rimfxwpb@gmail.com,,Royal Palm Beach FL,auto body shop,gmaps
fibrenew.com,https://fibrenew.com,fibrenew.com,jesse@fibrenew.com,,Royal Palm Beach FL,auto body shop,gmaps
myteslamiami.com,https://myteslamiami.com,myteslamiami.com,info@myteslamiami.com,,South Miami FL,auto body shop,gmaps
duronultimatedetailing.square.site,https://duronultimatedetailing.square.site,duronultimatedetailing.square.site,hi@mystore.com,,Southwest Ranches FL,auto body shop,gmaps
bfntruckshop.com,https://bfntruckshop.com,bfntruckshop.com,bfntruckshop@gmail.com,,Southwest Ranches FL,auto body shop,gmaps
tintandblinds.com,https://tintandblinds.com,tintandblinds.com,info@tintandblinds.com,,Southwest Ranches FL,auto body shop,gmaps
shinetodrive.net,https://shinetodrive.net,shinetodrive.net,shinetodrive@gmail.com,,Southwest Ranches FL,auto body shop,gmaps
carwashpoints.com,https://carwashpoints.com,carwashpoints.com,info@carwashpoints.com,,Southwest Ranches FL,auto body shop,gmaps
worldaerospaceinsure.com,https://worldaerospaceinsure.com,worldaerospaceinsure.com,rlawson@aerospaceinsure.com,,Southwest Ranches FL,auto body shop,gmaps
gracecolorautopaint.com,https://gracecolorautopaint.com,gracecolorautopaint.com,info@gracecolorautopaint.com,,Southwest Ranches FL,auto body shop,gmaps
treadwaymobile.com,https://treadwaymobile.com,treadwaymobile.com,treadwaymobile@gmail.com,,Southwest Ranches FL,auto body shop,gmaps
yosnelexotic.com,https://yosnelexotic.com,yosnelexotic.com,info@yosnelexotic.com,,Surfside FL,auto body shop,gmaps
bddflorida.com,https://bddflorida.com,bddflorida.com,info@bddflorida.com,,Tamiami FL,auto body shop,gmaps
1320motorsport.com,https://1320motorsport.com,1320motorsport.com,sales@1320motorsport.com,,The Hammocks FL,auto body shop,gmaps
niaautodesign.com,https://niaautodesign.com,niaautodesign.com,customerservice@niaautodesign.com,,The Hammocks FL,auto body shop,gmaps
wheeltechmiami.com,https://wheeltechmiami.com,wheeltechmiami.com,wheeltechs@gmail.com,,Virginia Gardens FL,auto body shop,gmaps
champion4x4.com,https://champion4x4.com,champion4x4.com,,,Virginia Gardens FL,auto body shop,gmaps
firstchoiceautoparts.net,https://firstchoiceautoparts.net,firstchoiceautoparts.net,admin@firstchoiceautoparts.net,,West Park FL,auto body shop,gmaps
supremecustomsmiami.com,https://supremecustomsmiami.com,supremecustomsmiami.com,contact@murcicollective.com,,Westchester FL,auto body shop,gmaps
autoimprintllc.com,https://autoimprintllc.com,autoimprintllc.com,aimprintllc@gmail.com,,Weston FL,auto body shop,gmaps
trustedshinedetailing.com,https://trustedshinedetailing.com,trustedshinedetailing.com,trustedshinefl@gmail.com,,Weston FL,auto body shop,gmaps
a-pholstery.com,https://a-pholstery.com,a-pholstery.com,customerservice@a-pholsterydecorativefabrics.com,,Aventura FL,upholstery shop,gmaps
miamisofadoctor.com,https://miamisofadoctor.com,miamisofadoctor.com,info@miamisofadoctor.com,,Aventura FL,upholstery shop,gmaps
chaircareupholstery.com,https://chaircareupholstery.com,chaircareupholstery.com,info@chaircareupholstery.com,,Aventura FL,upholstery shop,gmaps
upholsterygroup.com,https://upholsterygroup.com,upholsterygroup.com,contact@upholsterygroup.com,,Aventura FL,upholstery shop,gmaps
newlifefurniture.com,https://newlifefurniture.com,newlifefurniture.com,ian@newlifefurniture.com,,Aventura FL,upholstery shop,gmaps
scullyscullydesignsolutions.com,https://scullyscullydesignsolutions.com,scullyscullydesignsolutions.com,ezradesigns@yahoo.com,,Aventura FL,upholstery shop,gmaps
vvupholsterysupply.com,https://vvupholsterysupply.com,vvupholsterysupply.com,info@vvsupply.net,,Aventura FL,upholstery shop,gmaps
bahamasupholsterymiami.com,https://bahamasupholsterymiami.com,bahamasupholsterymiami.com,info@bahamasupholsterymiami.com,,Aventura FL,upholstery shop,gmaps
wassersfurniture.com,https://wassersfurniture.com,wassersfurniture.com,info@wassersfurniture.com,,Aventura FL,upholstery shop,gmaps
addisonhouse.com,https://addisonhouse.com,addisonhouse.com,info@addisonhouse.com,,Aventura FL,upholstery shop,gmaps
carpetcleanexpert.com,https://carpetcleanexpert.com,carpetcleanexpert.com,info@carpetcleanexpert.com,,Aventura FL,upholstery shop,gmaps
miamiupholstery.com,https://miamiupholstery.com,miamiupholstery.com,miamiupholstery@yahoo.com,,Aventura FL,upholstery shop,gmaps
aventura-decor.com,https://aventura-decor.com,aventura-decor.com,example@mysite.com,,Aventura FL,upholstery shop,gmaps
instylecoatedfabricsolutions.com,https://instylecoatedfabricsolutions.com,instylecoatedfabricsolutions.com,info@instylecoatedfabricsolutions.com,,Aventura FL,upholstery shop,gmaps
bdmarinecanvas.com,https://bdmarinecanvas.com,bdmarinecanvas.com,partners@bdmarinecanvas.com,,Aventura FL,upholstery shop,gmaps
wallcovering-miami.com,https://wallcovering-miami.com,wallcovering-miami.com,llc5more@gmail.com,,Aventura FL,upholstery shop,gmaps
leatherfurniturerepair.biz,https://leatherfurniturerepair.biz,leatherfurniturerepair.biz,sflleatherrepair@aol.com,,Aventura FL,upholstery shop,gmaps
roche-bobois.com,https://roche-bobois.com,roche-bobois.com,nom@domaine.com,,Aventura FL,upholstery shop,gmaps
gjupholsterymasters.com,https://gjupholsterymasters.com,gjupholsterymasters.com,info@gjmasters.com,,Aventura FL,upholstery shop,gmaps
sgmarineupholstery.com,https://sgmarineupholstery.com,sgmarineupholstery.com,sgluxuryupholstery@hotmail.com,,Aventura FL,upholstery shop,gmaps
cmcreativemomentum.com,https://cmcreativemomentum.com,cmcreativemomentum.com,uri@cmcreativementum.com,,Aventura FL,upholstery shop,gmaps
vip-marine.com,https://vip-marine.com,vip-marine.com,email@gmail.com,,Bal Harbour FL,upholstery shop,gmaps
furniturerepairsmiami.com,https://furniturerepairsmiami.com,furniturerepairsmiami.com,furniturerepairsmiami@gmail.com,,Bal Harbour FL,upholstery shop,gmaps
miamicustomfurnitureandupholstery.com,https://miamicustomfurnitureandupholstery.com,miamicustomfurnitureandupholstery.com,info@miamicustomfurnitureandupholstery.com,,Bal Harbour FL,upholstery shop,gmaps
floridamarineupholstery.com,https://floridamarineupholstery.com,floridamarineupholstery.com,info@floridamarineupholstery.com,,Bal Harbour FL,upholstery shop,gmaps
coveremporium.com,https://coveremporium.com,coveremporium.com,info@ndiscovered.com,,Bal Harbour FL,upholstery shop,gmaps
highendpatiocushions.com,https://highendpatiocushions.com,highendpatiocushions.com,premiumupholstery@gmail.com,,Bal Harbour FL,upholstery shop,gmaps
1beyondupholstery.com,https://1beyondupholstery.com,1beyondupholstery.com,beyondupholstery305@gmail.com,,Bal Harbour FL,upholstery shop,gmaps
couch-cleaning-florida.com,https://couch-cleaning-florida.com,couch-cleaning-florida.com,,,Bal Harbour FL,upholstery shop,gmaps
kingrestorations.com,https://kingrestorations.com,kingrestorations.com,kingrestoration1@gmail.com,,Bal Harbour FL,upholstery shop,gmaps
imperialmiami.com,https://imperialmiami.com,imperialmiami.com,info@imperialmiami.com,,Bal Harbour FL,upholstery shop,gmaps
exoticshades.com,https://exoticshades.com,exoticshades.com,info@exoticshades.com,,Bal Harbour FL,upholstery shop,gmaps
pivot-home.com,https://pivot-home.com,pivot-home.com,info@pivot-home.com,,Bal Harbour FL,upholstery shop,gmaps
couchcleaningservicemiami.com,https://couchcleaningservicemiami.com,couchcleaningservicemiami.com,couchcleaningservicesmiami@gmail.com,,Bal Harbour FL,upholstery shop,gmaps
puntadelesteupholstery.com,https://puntadelesteupholstery.com,puntadelesteupholstery.com,puntadelesteupholstery@gmail.com,,Bal Harbour FL,upholstery shop,gmaps
lyoondecor.com,https://lyoondecor.com,lyoondecor.com,lyoondecor@outlook.com,,Bal Harbour FL,upholstery shop,gmaps
bahamasupholsteryboca.com,https://bahamasupholsteryboca.com,bahamasupholsteryboca.com,work.paidads@gmail.com,,Bal Harbour FL,upholstery shop,gmaps
grovegalleryinteriors.com,https://grovegalleryinteriors.com,grovegalleryinteriors.com,marketing@grovegalleryinteriors.com,,Bal Harbour FL,upholstery shop,gmaps
rugsies.com,https://rugsies.com,rugsies.com,info@rugsies.com,,Bal Harbour FL,upholstery shop,gmaps
shadesbydesign.com,https://shadesbydesign.com,shadesbydesign.com,info@shadesbydesign.com,,Bal Harbour FL,upholstery shop,gmaps
gbwelovedecor.com,https://gbwelovedecor.com,gbwelovedecor.com,gabriela@gbwelovedecor.com,,Bal Harbour FL,upholstery shop,gmaps
elitemarinecanvas.net,https://elitemarinecanvas.net,elitemarinecanvas.net,eben@eyebytes.com,,Bal Harbour FL,upholstery shop,gmaps
hollyhunt.com,https://hollyhunt.com,hollyhunt.com,c.coscia@hollyhunt.com,,Bal Harbour FL,upholstery shop,gmaps
furniture2gofl.com,https://furniture2gofl.com,furniture2gofl.com,vincent@saynotoretail.com,,Bal Harbour FL,upholstery shop,gmaps
scandesign.com,https://scandesign.com,scandesign.com,info@scandesign.com,,Bal Harbour FL,upholstery shop,gmaps
gloriacouture.com,https://gloriacouture.com,gloriacouture.com,gloriacouture@aol.com,,Bal Harbour FL,upholstery shop,gmaps
ronnyconstansi.com,https://ronnyconstansi.com,ronnyconstansi.com,usuario@dominio.com,,Bal Harbour FL,upholstery shop,gmaps
bramstones.com,https://bramstones.com,bramstones.com,info@bramstones.com,,Bal Harbour FL,upholstery shop,gmaps
miamihomecenters.com,https://miamihomecenters.com,miamihomecenters.com,info@miamihomecenters.com,,Bal Harbour FL,upholstery shop,gmaps
walfab.net,https://walfab.net,walfab.net,walfab@walfab.net,,Bal Harbour FL,upholstery shop,gmaps
sudsies.com,https://sudsies.com,sudsies.com,info@sudsies.com,,Bal Harbour FL,upholstery shop,gmaps
silverpaint.net,https://silverpaint.net,silverpaint.net,contact@silverpaint.net,,Bal Harbour FL,upholstery shop,gmaps
decorhousefurniture.com,https://decorhousefurniture.com,decorhousefurniture.com,info@decorhousefurniture.com,,Bal Harbour FL,upholstery shop,gmaps
mastercuts.pro,https://mastercuts.pro,mastercuts.pro,mustercutspro@gmail.com,,Bay Harbor Islands FL,upholstery shop,gmaps
booksy.com,https://booksy.com,booksy.com,help.us@booksy.com,,Bay Harbor Islands FL,upholstery shop,gmaps
allboatcushions.com,https://allboatcushions.com,allboatcushions.com,abcanduph@gmail.com,,Bay Harbor Islands FL,upholstery shop,gmaps
landandseainteriors.com,https://landandseainteriors.com,landandseainteriors.com,support@riiwards.com,,Bay Harbor Islands FL,upholstery shop,gmaps
cleantouch.pro,https://cleantouch.pro,cleantouch.pro,cleantouch.miami@gmail.com,,Bay Harbor Islands FL,upholstery shop,gmaps
upholstery-marine.com,https://upholstery-marine.com,upholstery-marine.com,bohdan52755@gmail.com,,Biscayne Park FL,upholstery shop,gmaps
americanupholsterydesign.miami,https://americanupholsterydesign.miami,americanupholsterydesign.miami,bert@aud.miami,,Biscayne Park FL,upholstery shop,gmaps
gilsdesign.com,https://gilsdesign.com,gilsdesign.com,info@zentientarts.com,,Biscayne Park FL,upholstery shop,gmaps
jorgesupholstery.com,https://jorgesupholstery.com,jorgesupholstery.com,jorge@jorgesupholstery.com,,Biscayne Park FL,upholstery shop,gmaps
mammamiacovers.com,https://mammamiacovers.com,mammamiacovers.com,support@mammamiacovers.com,,Biscayne Park FL,upholstery shop,gmaps
ointeriors-upholstery.com,https://ointeriors-upholstery.com,ointeriors-upholstery.com,manager@ointeriors-upholstery.com,,Biscayne Park FL,upholstery shop,gmaps
rexfabrics.com,https://rexfabrics.com,rexfabrics.com,online@rexfabrics.com,,Biscayne Park FL,upholstery shop,gmaps
radianmarine.net,https://radianmarine.net,radianmarine.net,eben@eyebytes.com,,Biscayne Park FL,upholstery shop,gmaps
sofloclean.com,https://sofloclean.com,sofloclean.com,info@sofloclean.com,,Biscayne Park FL,upholstery shop,gmaps
thesparklesquadco.com,https://thesparklesquadco.com,thesparklesquadco.com,info@thesparklesquadco.com,,Biscayne Park FL,upholstery shop,gmaps
bocacustomupholstery.com,https://bocacustomupholstery.com,bocacustomupholstery.com,eben@eyebytes.com,,Boca Raton FL,upholstery shop,gmaps
annasdesignupholstery.net,https://annasdesignupholstery.net,annasdesignupholstery.net,info@mysite.com,,Boca Raton FL,upholstery shop,gmaps
royalmarinecanvas.com,https://royalmarinecanvas.com,royalmarinecanvas.com,sales@royalmarineupholstery.net,,Boca Raton FL,upholstery shop,gmaps
coastalcanvasupholstery.com,https://coastalcanvasupholstery.com,coastalcanvasupholstery.com,coastalcanvasupholstery@gmail.com,,Boca Raton FL,upholstery shop,gmaps
smartchoicerepaircenter.com,https://smartchoicerepaircenter.com,smartchoicerepaircenter.com,smartchoicerepaircenter@gmail.com,,Boca Raton FL,upholstery shop,gmaps
thomasanthonyfurnitureservice.com,https://thomasanthonyfurnitureservice.com,thomasanthonyfurnitureservice.com,info@thomasanthonyfurnitureservice.com,,Boca Raton FL,upholstery shop,gmaps
e3customs.com,https://e3customs.com,e3customs.com,e3upholstery@gmail.com,,Boca Raton FL,upholstery shop,gmaps
qualityfurniturerefinishing.net,https://qualityfurniturerefinishing.net,qualityfurniturerefinishing.net,mymail@mailservice.com,,Boca Raton FL,upholstery shop,gmaps
dmitriyupholstery.com,https://dmitriyupholstery.com,dmitriyupholstery.com,dmitriyupholstery@gmail.com,,Boca Raton FL,upholstery shop,gmaps
sos-boca.com,https://sos-boca.com,sos-boca.com,info@sos-boca.com,,Boca Raton FL,upholstery shop,gmaps
anthonyinterior.com,https://anthonyinterior.com,anthonyinterior.com,anthonyinteriors@aol.com,,Boca Raton FL,upholstery shop,gmaps
leeparkerinc.com,https://leeparkerinc.com,leeparkerinc.com,office@leeparkerinc.com,,Boca Raton FL,upholstery shop,gmaps
mm-renovations.com,https://mm-renovations.com,mm-renovations.com,info@indiantypefoundry.com,,Boca Raton FL,upholstery shop,gmaps
premiermarineupholstery.net,https://premiermarineupholstery.net,premiermarineupholstery.net,info@indiantypefoundry.com,,Boca Raton FL,upholstery shop,gmaps
customautotrimfl.com,https://customautotrimfl.com,customautotrimfl.com,catrim@att.net,,Boca Raton FL,upholstery shop,gmaps
blind-stitch.com,https://blind-stitch.com,blind-stitch.com,info@blindstitch.com,,Boca Raton FL,upholstery shop,gmaps
nationalcanvasfl.com,https://nationalcanvasfl.com,nationalcanvasfl.com,info@nationalcanvasfl.com,,Boca Raton FL,upholstery shop,gmaps
autoleatherr.com,https://autoleatherr.com,autoleatherr.com,autoleatherlr@gmail.com,,Boca Raton FL,upholstery shop,gmaps
browardupholstery.com,https://browardupholstery.com,browardupholstery.com,bahamadesignspro@gmail.com,,Boca Raton FL,upholstery shop,gmaps
sewmobileupholstery.com,https://sewmobileupholstery.com,sewmobileupholstery.com,daniel@sewmobileupholstery.com,,Boca Raton FL,upholstery shop,gmaps
sewposhstudios.com,https://sewposhstudios.com,sewposhstudios.com,info@sewposhstudios.com,,Boca Raton FL,upholstery shop,gmaps
baers.com,https://baers.com,baers.com,vnorthrop@baers.com,,Boca Raton FL,upholstery shop,gmaps
interiorbuilders.net,https://interiorbuilders.net,interiorbuilders.net,interiorbuilders@gmail.com,,Boca Raton FL,upholstery shop,gmaps
bocablinds.com,https://bocablinds.com,bocablinds.com,info@bocablinds.com,,Boca Raton FL,upholstery shop,gmaps
regal-canvas.com,https://regal-canvas.com,regal-canvas.com,matt@pixelspread.com,,Boca Raton FL,upholstery shop,gmaps
browndesigngroup.com,https://browndesigngroup.com,browndesigngroup.com,contact@browndesigngroup.com,,Boca Raton FL,upholstery shop,gmaps
finedesignbywillie.com,https://finedesignbywillie.com,finedesignbywillie.com,williamsoto@comcast.net,,Boca Raton FL,upholstery shop,gmaps
creativedesign.miami,https://creativedesign.miami,creativedesign.miami,info@creativedesign.miami,,Boca Raton FL,upholstery shop,gmaps
thehemnway.com,https://thehemnway.com,thehemnway.com,marineseatcushions@gmail.com,,Boynton Beach FL,upholstery shop,gmaps
designrevelationofflorida.com,https://designrevelationofflorida.com,designrevelationofflorida.com,hello@designrevelationofflorida.com,,Boynton Beach FL,upholstery shop,gmaps
gsupholstery.com,https://gsupholstery.com,gsupholstery.com,jlondon.h1927@gmail.com,,Boynton Beach FL,upholstery shop,gmaps
aventurawindow.com,https://aventurawindow.com,aventurawindow.com,impallari@gmail.com,,Boynton Beach FL,upholstery shop,gmaps
sandovalargueta.net,https://sandovalargueta.net,sandovalargueta.net,sandovalargueta3@gmail.com,,Boynton Beach FL,upholstery shop,gmaps
upholsterywestpalmbeach.com,https://upholsterywestpalmbeach.com,upholsterywestpalmbeach.com,rcupholstery88@gmail.com,,Boynton Beach FL,upholstery shop,gmaps
gianniscustominteriors.com,https://gianniscustominteriors.com,gianniscustominteriors.com,sprinterconversions2015@gmail.com,,Boynton Beach FL,upholstery shop,gmaps
classictouchinteriorsusa.com,https://classictouchinteriorsusa.com,classictouchinteriorsusa.com,contact@sansoxygen.com,,Boynton Beach FL,upholstery shop,gmaps
andrewscustomcanvas.com,https://andrewscustomcanvas.com,andrewscustomcanvas.com,andrewscustomcanvas@outlook.com,,Coconut Creek FL,upholstery shop,gmaps
acquavivafurniture.com,https://acquavivafurniture.com,acquavivafurniture.com,info@acquavivafurniture.com,,Coconut Creek FL,upholstery shop,gmaps
nationalfoamproducts.com,https://nationalfoamproducts.com,nationalfoamproducts.com,info@nationalfoamproducts.com,,Coconut Creek FL,upholstery shop,gmaps
sotosinteriordesign.com,https://sotosinteriordesign.com,sotosinteriordesign.com,onthespotlogistics_llc@yahoo.com,,Coconut Creek FL,upholstery shop,gmaps
eldoradofurniture.com,https://eldoradofurniture.com,eldoradofurniture.com,customercare@eldoradofurniture.com,,Coconut Creek FL,upholstery shop,gmaps
maxspacedesign.com,https://maxspacedesign.com,maxspacedesign.com,maxspaceinfo@gmail.com,,Coconut Creek FL,upholstery shop,gmaps
soscarpettilecleaning.com,https://soscarpettilecleaning.com,soscarpettilecleaning.com,soscarpet@bellsouth.net,,Coconut Creek FL,upholstery shop,gmaps
swisswoodwork.com,https://swisswoodwork.com,swisswoodwork.com,maleszewski@bellsouth.net,,Coconut Creek FL,upholstery shop,gmaps
hillsboroantiquemall.com,https://hillsboroantiquemall.com,hillsboroantiquemall.com,hamantiques@gmail.com,,Coconut Creek FL,upholstery shop,gmaps
phoenixgroupfla.com,https://phoenixgroupfla.com,phoenixgroupfla.com,info@phoenixgroupfla.com,,Coconut Creek FL,upholstery shop,gmaps
themagicneedle.net,https://themagicneedle.net,themagicneedle.net,info@themagicneedle.net,,Coconut Creek FL,upholstery shop,gmaps
officesolutionsfl.com,https://officesolutionsfl.com,officesolutionsfl.com,welcome@officesolutionsfl.com,,Coconut Creek FL,upholstery shop,gmaps
temadesigns.com,https://temadesigns.com,temadesigns.com,eben@eyebytes.com,,Coconut Creek FL,upholstery shop,gmaps
ezallclean.com,https://ezallclean.com,ezallclean.com,ezallclean@gmail.com,,Coconut Creek FL,upholstery shop,gmaps
dscustomwindowdesigns.com,https://dscustomwindowdesigns.com,dscustomwindowdesigns.com,oscar@dscustomwindowdesigns.com,,Coconut Creek FL,upholstery shop,gmaps
shade-brigade.com,https://shade-brigade.com,shade-brigade.com,martin@shade-brigade.com,,Coconut Creek FL,upholstery shop,gmaps
louisjsolomon.com,https://louisjsolomon.com,louisjsolomon.com,orders@louisjsolomon.com,,Coconut Creek FL,upholstery shop,gmaps
ecocarcarefl.com,https://ecocarcarefl.com,ecocarcarefl.com,,,Coconut Creek FL,upholstery shop,gmaps
premierchemdry.com,https://premierchemdry.com,premierchemdry.com,jdlanglais@msn.com,,Coconut Creek FL,upholstery shop,gmaps
topcleanauto.com,https://topcleanauto.com,topcleanauto.com,topcleanautodetail@gmail.com,,Coconut Creek FL,upholstery shop,gmaps
satinavealteration.com,https://satinavealteration.com,satinavealteration.com,tailors@satinavealteration.com,,Coconut Creek FL,upholstery shop,gmaps
miamicarpetcleanings.com,https://miamicarpetcleanings.com,miamicarpetcleanings.com,miamicarpetcleaninginc@gmail.com,,Coconut Creek FL,upholstery shop,gmaps
hilliardrugcleaners.com,https://hilliardrugcleaners.com,hilliardrugcleaners.com,micah@micahrich.com,,Coconut Creek FL,upholstery shop,gmaps
zipcushions.com,https://zipcushions.com,zipcushions.com,sales@zipcushions.com,,Coconut Grove FL,upholstery shop,gmaps
seatmastersonline.com,https://seatmastersonline.com,seatmastersonline.com,impallari@gmail.com,,Coconut Grove FL,upholstery shop,gmaps
upholsterygmlab.com,https://upholsterygmlab.com,upholsterygmlab.com,info@upholsterygmlab.com,,Coconut Grove FL,upholstery shop,gmaps
lejeuneupholstery.com,https://lejeuneupholstery.com,lejeuneupholstery.com,bryanna@lejeuneupholstery.com,,Coconut Grove FL,upholstery shop,gmaps
qualityupholsterydecoration.com,https://qualityupholsterydecoration.com,qualityupholsterydecoration.com,qualityupholsterydesign@hotmail.com,,Coconut Grove FL,upholstery shop,gmaps
radamiami.com,https://radamiami.com,radamiami.com,info@radamiami.com,,Coconut Grove FL,upholstery shop,gmaps
arteahome.com,https://arteahome.com,arteahome.com,info@arteahome.com,,Coconut Grove FL,upholstery shop,gmaps
miamimarinecanvas.com,https://miamimarinecanvas.com,miamimarinecanvas.com,info@miamimarinecanvas.com,,Coconut Grove FL,upholstery shop,gmaps
discoverycanvasoutfittersinc.com,https://discoverycanvasoutfittersinc.com,discoverycanvasoutfittersinc.com,discoverycanvas@yahoo.com,,Coconut Grove FL,upholstery shop,gmaps
asamiami7.com,https://asamiami7.com,asamiami7.com,asamiami7@gmail.com,,Coconut Grove FL,upholstery shop,gmaps
american-marine.com,https://american-marine.com,american-marine.com,info@american-marine.com,,Coconut Grove FL,upholstery shop,gmaps
miamiprestige.com,https://miamiprestige.com,miamiprestige.com,info@miamiprestige.com,,Coconut Grove FL,upholstery shop,gmaps
marinecanvasmiami.com,https://marinecanvasmiami.com,marinecanvasmiami.com,service@marinecanvasmiami.com,,Coconut Grove FL,upholstery shop,gmaps
rugandcouchcleaningmiami.com,https://rugandcouchcleaningmiami.com,rugandcouchcleaningmiami.com,rugandcouchcleaningmiami@gmail.com,,Coconut Grove FL,upholstery shop,gmaps
intercleaningmiami.com,https://intercleaningmiami.com,intercleaningmiami.com,intercleaningmiami@gmail.com,,Coconut Grove FL,upholstery shop,gmaps
idesignmiami.com,https://idesignmiami.com,idesignmiami.com,consult@idesignmiami.com,,Coconut Grove FL,upholstery shop,gmaps
miamioutdoorfurniture.com,https://miamioutdoorfurniture.com,miamioutdoorfurniture.com,sales@ggshowroom.com,,Coconut Grove FL,upholstery shop,gmaps
miamiacarpetcleaning.com,https://miamiacarpetcleaning.com,miamiacarpetcleaning.com,maor@miamiacarpetcleaning.com,,Coconut Grove FL,upholstery shop,gmaps
vrgreencleanservices.com,https://vrgreencleanservices.com,vrgreencleanservices.com,seo.amichael@gmail.com,,Coconut Grove FL,upholstery shop,gmaps
perfectuphfl.com,https://perfectuphfl.com,perfectuphfl.com,perfectupholstery@hotmail.com,,Cooper City FL,upholstery shop,gmaps
elitecustommarineupholstery.com,https://elitecustommarineupholstery.com,elitecustommarineupholstery.com,info@elitemarineupholstery.com,,Cooper City FL,upholstery shop,gmaps
theupholsterytruck.com,https://theupholsterytruck.com,theupholsterytruck.com,,,Cooper City FL,upholstery shop,gmaps
ssupholsteryart.com,https://ssupholsteryart.com,ssupholsteryart.com,ssupholstery.art@gmail.co,,Cooper City FL,upholstery shop,gmaps
samuelsautoupholstery.com,https://samuelsautoupholstery.com,samuelsautoupholstery.com,samuelautoupholstery@gmail.com,,Cooper City FL,upholstery shop,gmaps
a1leatherrepair.com,https://a1leatherrepair.com,a1leatherrepair.com,a1leatherrepair.mail@gmail.com,,Cooper City FL,upholstery shop,gmaps
euroconceptflo.com,https://euroconceptflo.com,euroconceptflo.com,euroconceptflo@aol.com,,Cooper City FL,upholstery shop,gmaps
extremesteaminc.net,https://extremesteaminc.net,extremesteaminc.net,extremesteaminc@gmail.com,,Cooper City FL,upholstery shop,gmaps
upholsterycleaninghollywood.com,https://upholsterycleaninghollywood.com,upholsterycleaninghollywood.com,upholsteryhollywood@gmail.com,,Cooper City FL,upholstery shop,gmaps
dryconcepts.com,https://dryconcepts.com,dryconcepts.com,info@dryconcepts.com,,Cooper City FL,upholstery shop,gmaps
sheencleaning.com,https://sheencleaning.com,sheencleaning.com,contact@sheencleaning.com,,Cooper City FL,upholstery shop,gmaps
ethanallen.com,https://ethanallen.com,ethanallen.com,customerservice@ethanallen.com,,Cooper City FL,upholstery shop,gmaps
mintcarpetcleaners.com,https://mintcarpetcleaners.com,mintcarpetcleaners.com,954mintcarpetcleaners@gmail.com,,Cooper City FL,upholstery shop,gmaps
tekniqueupholstery.com,https://tekniqueupholstery.com,tekniqueupholstery.com,teknique1uph@aol.com,,Cooper City FL,upholstery shop,gmaps
beautifulwindowsblinds.com,https://beautifulwindowsblinds.com,beautifulwindowsblinds.com,info@beautifulwindowsblinds.com,,Cooper City FL,upholstery shop,gmaps
emilys.design,https://emilys.design,emilys.design,rusolo48@gmail.com,,Cooper City FL,upholstery shop,gmaps
myvoda.com,https://myvoda.com,myvoda.com,info@myvoda.com,,Cooper City FL,upholstery shop,gmaps
martinabascal.com,https://martinabascal.com,martinabascal.com,vendorrelations@martinabascal.com,,Coral Gables FL,upholstery shop,gmaps
generalupholsterysupply.com,https://generalupholsterysupply.com,generalupholsterysupply.com,orders@generalupholsterysupply.com,,Coral Gables FL,upholstery shop,gmaps
royalruggallery.com,https://royalruggallery.com,royalruggallery.com,info@royalruggallery.com,,Coral Gables FL,upholstery shop,gmaps
fabricgallerymiami.com,https://fabricgallerymiami.com,fabricgallerymiami.com,sales@fabricgallerymiami.com,,Coral Gables FL,upholstery shop,gmaps
grovecleaners.com,https://grovecleaners.com,grovecleaners.com,info@grovecleaners.com,,Coral Gables FL,upholstery shop,gmaps
colbagroup.com,https://colbagroup.com,colbagroup.com,management@colbagroup.com,,Coral Gables FL,upholstery shop,gmaps
canvasandupholsteryusa.com,https://canvasandupholsteryusa.com,canvasandupholsteryusa.com,canvasandupholsteryusa@gmail.com,,Coral Springs FL,upholstery shop,gmaps
gatorupholstery.com,https://gatorupholstery.com,gatorupholstery.com,eben@eyebytes.com,,Coral Springs FL,upholstery shop,gmaps
gymrepair.com,https://gymrepair.com,gymrepair.com,service@gymrepair.com,,Coral Springs FL,upholstery shop,gmaps
atozfabrics.com,https://atozfabrics.com,atozfabrics.com,astigma@astigmatic.com,,Coral Springs FL,upholstery shop,gmaps
marsdetailing.com,https://marsdetailing.com,marsdetailing.com,info@marsdetailing.com,,Coral Springs FL,upholstery shop,gmaps
signmans-us.com,https://signmans-us.com,signmans-us.com,,,Coral Springs FL,upholstery shop,gmaps
zebedeegroup.com,https://zebedeegroup.com,zebedeegroup.com,info@zebedeegroup.com,,Coral Springs FL,upholstery shop,gmaps
tapiceriaportilla.com,https://tapiceriaportilla.com,tapiceriaportilla.com,ventas@tapiceriaportilla.com,,Coral Terrace FL,upholstery shop,gmaps
miamimarinecanvasupholstery.com,https://miamimarinecanvasupholstery.com,miamimarinecanvasupholstery.com,oscarandoscar@miamimarinecanvasupholstery.com,,Coral Terrace FL,upholstery shop,gmaps
miamiupholsterycleaners.com,https://miamiupholsterycleaners.com,miamiupholsterycleaners.com,jonpinhorn.typedesign@gmail.com,,Coral Terrace FL,upholstery shop,gmaps
fabricsandwalls.com,https://fabricsandwalls.com,fabricsandwalls.com,sales@bartexinc.com,,Coral Terrace FL,upholstery shop,gmaps
boatupholsterybroward.com,https://boatupholsterybroward.com,boatupholsterybroward.com,info@boatupholsterybroward.com,,Country Club FL,upholstery shop,gmaps
xalersystems.com,https://xalersystems.com,xalersystems.com,info@xalersystems.com,,Country Club FL,upholstery shop,gmaps
cityfurniture.com,https://cityfurniture.com,cityfurniture.com,info@cityhome.com,,Cutler Bay FL,upholstery shop,gmaps
roomstogo.com,https://roomstogo.com,roomstogo.com,internetsalessupport@roomstogo.com,,Cutler Bay FL,upholstery shop,gmaps
exclusivemarineupholstery.com,https://exclusivemarineupholstery.com,exclusivemarineupholstery.com,webmaster@exclusivemarineupholstery.com,,Cutler Bay FL,upholstery shop,gmaps
oneoceanupholstery.com,https://oneoceanupholstery.com,oneoceanupholstery.com,oneoceanupholstery1@gmail.com,,Dania Beach FL,upholstery shop,gmaps
valkrysleatherrepair.com,https://valkrysleatherrepair.com,valkrysleatherrepair.com,valkrysleatherrepair@gmail.com,,Dania Beach FL,upholstery shop,gmaps
browardcanvas.com,https://browardcanvas.com,browardcanvas.com,info@browardcanvas.com,,Dania Beach FL,upholstery shop,gmaps
padroupholstery.com,https://padroupholstery.com,padroupholstery.com,padrocustomfurniture@gmail.com,,Dania Beach FL,upholstery shop,gmaps
patiolandmfg.net,https://patiolandmfg.net,patiolandmfg.net,orders@patiolandmfg.net,,Dania Beach FL,upholstery shop,gmaps
tiptopcanvas.com,https://tiptopcanvas.com,tiptopcanvas.com,office@tiptopcanvas.com,,Dania Beach FL,upholstery shop,gmaps
pelican-canvas.com,https://pelican-canvas.com,pelican-canvas.com,contact@pelican-canvas.com,,Dania Beach FL,upholstery shop,gmaps
baysidecanvas.com,https://baysidecanvas.com,baysidecanvas.com,info@baysidecanvas.com,,Dania Beach FL,upholstery shop,gmaps
jartdeco.com,https://jartdeco.com,jartdeco.com,jartdeco@gmail.com,,Dania Beach FL,upholstery shop,gmaps
bluewatercanvas.com,https://bluewatercanvas.com,bluewatercanvas.com,sales@bluewatercanvas.com,,Dania Beach FL,upholstery shop,gmaps
darnelfabrics.com,https://darnelfabrics.com,darnelfabrics.com,info@darnelfabrics.com,,Dania Beach FL,upholstery shop,gmaps
admiralcanvas.com,https://admiralcanvas.com,admiralcanvas.com,hello@admiralcanvas.com,,Dania Beach FL,upholstery shop,gmaps
adriansyachtservices.com,https://adriansyachtservices.com,adriansyachtservices.com,info@adriansyachtservices.com,,Dania Beach FL,upholstery shop,gmaps
teddyscustommarine.com,https://teddyscustommarine.com,teddyscustommarine.com,teddyscustomarine@gmail.com,,Dania Beach FL,upholstery shop,gmaps
rodneysmarinecanvas.com,https://rodneysmarinecanvas.com,rodneysmarinecanvas.com,rodneysmarinecanvas@gmail.com,,Dania Beach FL,upholstery shop,gmaps
furnitureexpertsco.com,https://furnitureexpertsco.com,furnitureexpertsco.com,furnitureexperts101@gmail.com,,Davie FL,upholstery shop,gmaps
allwoodrepair.net,https://allwoodrepair.net,allwoodrepair.net,info@allwoodrepair.net,,Davie FL,upholstery shop,gmaps
dreamupautointeriors.com,https://dreamupautointeriors.com,dreamupautointeriors.com,fernando@dreamupautointeriors.com,,Deerfield Beach FL,upholstery shop,gmaps
urbanosfurniture.com,https://urbanosfurniture.com,urbanosfurniture.com,sales@urbanosfuniture.com,,Deerfield Beach FL,upholstery shop,gmaps
zellarcleaning.com,https://zellarcleaning.com,zellarcleaning.com,info@zellarcleaning.com,,Deerfield Beach FL,upholstery shop,gmaps
draperywizard.com,https://draperywizard.com,draperywizard.com,info@draperywizard.com,,Deerfield Beach FL,upholstery shop,gmaps
dolphincarpetcleaningfl.com,https://dolphincarpetcleaningfl.com,dolphincarpetcleaningfl.com,dolphincarpetcleaning@gmail.com,,Deerfield Beach FL,upholstery shop,gmaps
lefurniturerepair.com,https://lefurniturerepair.com,lefurniturerepair.com,barry@lefurniturerepair.com,,Delray Beach FL,upholstery shop,gmaps
skapelaslipcovers.com,https://skapelaslipcovers.com,skapelaslipcovers.com,slk.5769@gmail.com,,Delray Beach FL,upholstery shop,gmaps
furnituredoctorpb.com,https://furnituredoctorpb.com,furnituredoctorpb.com,you@company.com,,Delray Beach FL,upholstery shop,gmaps
galaxydesigncenter.com,https://galaxydesigncenter.com,galaxydesigncenter.com,info@mysite.com,,Delray Beach FL,upholstery shop,gmaps
myfurnitureworld.com,https://myfurnitureworld.com,myfurnitureworld.com,info@myfurnitureworld.com,,Delray Beach FL,upholstery shop,gmaps
buschcanvas.com,https://buschcanvas.com,buschcanvas.com,info@buschcanvas.com,,Delray Beach FL,upholstery shop,gmaps
dponetouch.com,https://dponetouch.com,dponetouch.com,webmaster@dponetouch.com,,Delray Beach FL,upholstery shop,gmaps
kristicleaners.com,https://kristicleaners.com,kristicleaners.com,office@eastcoastdrycleaningequipment.com,,Delray Beach FL,upholstery shop,gmaps
flemingsrugcarpet.com,https://flemingsrugcarpet.com,flemingsrugcarpet.com,flemings.servicesinfo@gmail.com,,Delray Beach FL,upholstery shop,gmaps
jtrestoration.com,https://jtrestoration.com,jtrestoration.com,claims@jtrestoration.com,,Delray Beach FL,upholstery shop,gmaps
reliatex.com,https://reliatex.com,reliatex.com,emran.bd.08@gmail.com,,Doral FL,upholstery shop,gmaps
magitexdecor.com,https://magitexdecor.com,magitexdecor.com,info@magitexdecor.com,,Doral FL,upholstery shop,gmaps
pauthfurniture.com,https://pauthfurniture.com,pauthfurniture.com,contact@pauthfurniture.com,,Doral FL,upholstery shop,gmaps
aircraftinteriorsunlimited.com,https://aircraftinteriorsunlimited.com,aircraftinteriorsunlimited.com,sales@aiultd.com,,Doral FL,upholstery shop,gmaps
fabricplus.net,https://fabricplus.net,fabricplus.net,fabricplusmiami@yahoo.com,,Doral FL,upholstery shop,gmaps
reinerinteriors.com,https://reinerinteriors.com,reinerinteriors.com,reiner@reinerinteriors.com,,Doral FL,upholstery shop,gmaps
renzzifurniture.com,https://renzzifurniture.com,renzzifurniture.com,info@renzzifurniture.com,,Doral FL,upholstery shop,gmaps
qaiint.aero,https://qaiint.aero,qaiint.aero,sales@qaiint.aero,,Doral FL,upholstery shop,gmaps
williamautodetailing.net,https://williamautodetailing.net,williamautodetailing.net,williamautodetailing@gmail.com,,Doral FL,upholstery shop,gmaps
suprasewing.com,https://suprasewing.com,suprasewing.com,contact@suprasewing.com,,Doral FL,upholstery shop,gmaps
leathermedic.com,https://leathermedic.com,leathermedic.com,00pmsupport@leathermedic.comsat,,Doral FL,upholstery shop,gmaps
mianhousedecor.com,https://mianhousedecor.com,mianhousedecor.com,mianhousedecor@gmail.com,,El Portal FL,upholstery shop,gmaps
camodernhome.com,https://camodernhome.com,camodernhome.com,customerservice@camodernhome.com,,El Portal FL,upholstery shop,gmaps
louisianacontract.com,https://louisianacontract.com,louisianacontract.com,marc@louisianacontract.com,,El Portal FL,upholstery shop,gmaps
lycupholstery.com,https://lycupholstery.com,lycupholstery.com,lycupholstery@gmail.com,,Florida City FL,upholstery shop,gmaps
kingsteamusa.com,https://kingsteamusa.com,kingsteamusa.com,kingsteamusa@gmail.com,,Fontainebleau FL,upholstery shop,gmaps
detailsuperstore.shop,https://detailsuperstore.shop,detailsuperstore.shop,astigma@astigmatic.com,,Fontainebleau FL,upholstery shop,gmaps
abtop.com,https://abtop.com,abtop.com,abtopnorth.eric@gmail.com,,Fort Lauderdale FL,upholstery shop,gmaps
browardtops.com,https://browardtops.com,browardtops.com,ray@browardtops.com,,Fort Lauderdale FL,upholstery shop,gmaps
creativecanvas.us,https://creativecanvas.us,creativecanvas.us,info@creativecanvas.us,,Fort Lauderdale FL,upholstery shop,gmaps
goldcoastrestorations.com,https://goldcoastrestorations.com,goldcoastrestorations.com,gold1500peh@gmail.com,,Fort Lauderdale FL,upholstery shop,gmaps
m.keystonbros.com,https://m.keystonbros.com,m.keystonbros.com,service@keystonbros.com,,Fort Lauderdale FL,upholstery shop,gmaps
uniquecarpettile.com,https://uniquecarpettile.com,uniquecarpettile.com,uniquecarpettile@gmail.com,,Fort Lauderdale FL,upholstery shop,gmaps
mjdraperiesandinteriors.com,https://mjdraperiesandinteriors.com,mjdraperiesandinteriors.com,draperiesandupholstery@gmail.com,,Fort Lauderdale FL,upholstery shop,gmaps
houseboutiquefl.com,https://houseboutiquefl.com,houseboutiquefl.com,concierge@houseboutiquefla.com,,Fort Lauderdale FL,upholstery shop,gmaps
andyquinones.net,https://andyquinones.net,andyquinones.net,andyqart@yahoo.com,,Fort Lauderdale FL,upholstery shop,gmaps
goldeneagleupholstery.com,https://goldeneagleupholstery.com,goldeneagleupholstery.com,goldeneaglemontes@yahoo.com,,Golden Beach FL,upholstery shop,gmaps
alesmobiledetailing.com,https://alesmobiledetailing.com,alesmobiledetailing.com,contact@alesmobiledetailing.com,,Golden Beach FL,upholstery shop,gmaps
shelllumber.com,https://shelllumber.com,shelllumber.com,support@shelllumber.com,,Golden Beach FL,upholstery shop,gmaps
sealnshinecarpet.com,https://sealnshinecarpet.com,sealnshinecarpet.com,info@sealnshinecarpet.com,,Golden Beach FL,upholstery shop,gmaps
ianfurniturerepairandgeneralservices.com,https://ianfurniturerepairandgeneralservices.com,ianfurniturerepairandgeneralservices.com,ianrepairservice@gmail.com,,Greenacres FL,upholstery shop,gmaps
mattresscleaning-florida.com,https://mattresscleaning-florida.com,mattresscleaning-florida.com,,,Hallandale Beach FL,upholstery shop,gmaps
aticusllc.com,https://aticusllc.com,aticusllc.com,info@aticusllc.com,,Hallandale Beach FL,upholstery shop,gmaps
lordautofashion.com,https://lordautofashion.com,lordautofashion.com,info@lordautofashion.com,,Hallandale Beach FL,upholstery shop,gmaps
nationwidefabric.com,https://nationwidefabric.com,nationwidefabric.com,info@nationwidefabrics.com,,Hallandale Beach FL,upholstery shop,gmaps
theblessedpilot.com,https://theblessedpilot.com,theblessedpilot.com,theblessedpilotcarwash@gmail.com,,Hallandale Beach FL,upholstery shop,gmaps
qsquaredinteriors.com,https://qsquaredinteriors.com,qsquaredinteriors.com,info@qsquaredinteriors.com,,Hialeah FL,upholstery shop,gmaps
jacoboupholstery.com,https://jacoboupholstery.com,jacoboupholstery.com,jacoboupholstery@hotmail.com,,Hialeah FL,upholstery shop,gmaps
graftonfurniture.com,https://graftonfurniture.com,graftonfurniture.com,,,Hialeah FL,upholstery shop,gmaps
realcorporationmiami.com,https://realcorporationmiami.com,realcorporationmiami.com,jonpinhorn.typedesign@gmail.com,,Hialeah Gardens FL,upholstery shop,gmaps
pillowsandfibers.com,https://pillowsandfibers.com,pillowsandfibers.com,orders@pillowsandfibers.com,,Hialeah Gardens FL,upholstery shop,gmaps
classicimagemarine.com,https://classicimagemarine.com,classicimagemarine.com,hugo@classicimagemarine.com,,Hialeah Gardens FL,upholstery shop,gmaps
edarsa.com,https://edarsa.com,edarsa.com,info@edarsa.com,,Hialeah Gardens FL,upholstery shop,gmaps
relaxtheback.com,https://relaxtheback.com,relaxtheback.com,customerservice@relaxtheback.com,,Hialeah Gardens FL,upholstery shop,gmaps
barbarabrickelldesigns.com,https://barbarabrickelldesigns.com,barbarabrickelldesigns.com,designbybb@gmail.com,,Hillsboro Beach FL,upholstery shop,gmaps
andinteriors.net,https://andinteriors.net,andinteriors.net,andinteriorsllc@gmail.com,,Hillsboro Beach FL,upholstery shop,gmaps
trevisokbf.com,https://trevisokbf.com,trevisokbf.com,info@trevisokbf.com,,Hillsboro Beach FL,upholstery shop,gmaps
kathyscustomupholstery.com,https://kathyscustomupholstery.com,kathyscustomupholstery.com,eben@eyebytes.com,,Hillsboro Beach FL,upholstery shop,gmaps
dmkrgroup.com,https://dmkrgroup.com,dmkrgroup.com,mkr@dmkrgroup.com,,Hillsboro Beach FL,upholstery shop,gmaps
carlosandsonupholstery.com,https://carlosandsonupholstery.com,carlosandsonupholstery.com,carlosinteriors2107@yahoo.com,,Hillsboro Beach FL,upholstery shop,gmaps
vvfurnituredesign.com,https://vvfurnituredesign.com,vvfurnituredesign.com,info@vvfurnituredesign.com,,Hollywood FL,upholstery shop,gmaps
topleatherrepair.com,https://topleatherrepair.com,topleatherrepair.com,info@topleatherrepair.com,,Hollywood FL,upholstery shop,gmaps
striptiquefurniturerefinishing.com,https://striptiquefurniturerefinishing.com,striptiquefurniturerefinishing.com,thestriptique@gmail.com,,Jupiter FL,upholstery shop,gmaps
paperworksplus.com,https://paperworksplus.com,paperworksplus.com,info@paperworksplus.com,,Jupiter FL,upholstery shop,gmaps
candocanvas.com,https://candocanvas.com,candocanvas.com,info@candocanvas.com,,Jupiter FL,upholstery shop,gmaps
interiorsbylaura.com,https://interiorsbylaura.com,interiorsbylaura.com,office@interiorsbylaura.com,,Jupiter FL,upholstery shop,gmaps
moodfabrics.com,https://moodfabrics.com,moodfabrics.com,,,Kendall FL,upholstery shop,gmaps
elite-millwork-miami.com,https://elite-millwork-miami.com,elite-millwork-miami.com,,,Kendall FL,upholstery shop,gmaps
seatsavers.com,https://seatsavers.com,seatsavers.com,sales@seatsavers.com,,Kendall FL,upholstery shop,gmaps
homedesignstoreflorida.com,https://homedesignstoreflorida.com,homedesignstoreflorida.com,homedesignstore@aol.com,,Kendall FL,upholstery shop,gmaps
seaandlandinc.com,https://seaandlandinc.com,seaandlandinc.com,seaandlandllc@gmail.com,,Key Biscayne FL,upholstery shop,gmaps
dicembrinoupholstery.com,https://dicembrinoupholstery.com,dicembrinoupholstery.com,diceuph@aol.com,,Lake Park FL,upholstery shop,gmaps
infinitymarineinc.com,https://infinitymarineinc.com,infinitymarineinc.com,infinitymarineinc@gmail.com,,Lake Park FL,upholstery shop,gmaps
mjupholsterycorp.com,https://mjupholsterycorp.com,mjupholsterycorp.com,mjupholsterycorp@gmail.com,,Lake Park FL,upholstery shop,gmaps
acostasleatherserviceswpb.com,https://acostasleatherserviceswpb.com,acostasleatherserviceswpb.com,acostasleather@gmail.com,,Lake Worth Beach FL,upholstery shop,gmaps
rubiinteriors.com,https://rubiinteriors.com,rubiinteriors.com,rubiinteriors@aol.com,,Lake Worth Beach FL,upholstery shop,gmaps
houseaccessories.net,https://houseaccessories.net,houseaccessories.net,info@pbdfi.com,,Lake Worth Beach FL,upholstery shop,gmaps
associateddesignerservice.com,https://associateddesignerservice.com,associateddesignerservice.com,office@associateddesignerservice.com,,Lake Worth Beach FL,upholstery shop,gmaps
3stepscleaning.us,https://3stepscleaning.us,3stepscleaning.us,3stepsada@gmail.com,,Lake Worth Beach FL,upholstery shop,gmaps
firstchoiceautodetailsupplies.com,https://firstchoiceautodetailsupplies.com,firstchoiceautodetailsupplies.com,support@firstchoiceads.com,,Lake Worth Beach FL,upholstery shop,gmaps
luxefurniture.net,https://luxefurniture.net,luxefurniture.net,info@luxefurniture.net,,Lake Worth Beach FL,upholstery shop,gmaps
prodeepcleaning.com,https://prodeepcleaning.com,prodeepcleaning.com,hi@typemade.mx,,Lauderdale Lakes FL,upholstery shop,gmaps
aavtrim.com,https://aavtrim.com,aavtrim.com,aavtrim01@comcast.net,,Margate FL,upholstery shop,gmaps
seatingexpert.com,https://seatingexpert.com,seatingexpert.com,sales@seatingexpert.com,,Miami Gardens FL,upholstery shop,gmaps
avcplastics.com,https://avcplastics.com,avcplastics.com,sales@avcplastics.com,,Miami Gardens FL,upholstery shop,gmaps
truepropertyservices.net,https://truepropertyservices.net,truepropertyservices.net,truepropertyservicescorp@gmail.com,,Miami Gardens FL,upholstery shop,gmaps
roawoodwork.com,https://roawoodwork.com,roawoodwork.com,info@roawoodwork.com,,Miami Lakes FL,upholstery shop,gmaps
acdmiami.com,https://acdmiami.com,acdmiami.com,americancanvasdesign@gmail.com,,Miami Springs FL,upholstery shop,gmaps
rosafabrics.com,https://rosafabrics.com,rosafabrics.com,rosafabricsmia@gmail.com,,Miami Springs FL,upholstery shop,gmaps
rothmanfabrics.com,https://rothmanfabrics.com,rothmanfabrics.com,,,Miami Springs FL,upholstery shop,gmaps
rscollection.com,https://rscollection.com,rscollection.com,info@rscollection.com,,Miami Springs FL,upholstery shop,gmaps
abealeather.com,https://abealeather.com,abealeather.com,info@abealeatherinc.com,,North Bay Village FL,upholstery shop,gmaps
maidgreen.com,https://maidgreen.com,maidgreen.com,nelson@maidgreen.com,,North Bay Village FL,upholstery shop,gmaps
paraisocleaners.com,https://paraisocleaners.com,paraisocleaners.com,info@paraisocleaners.com,,North Bay Village FL,upholstery shop,gmaps
ibscarpetcare.com,https://ibscarpetcare.com,ibscarpetcare.com,jordan@ibscarpetcare.com,,North Bay Village FL,upholstery shop,gmaps
heavenlycarpetsfl.com,https://heavenlycarpetsfl.com,heavenlycarpetsfl.com,mylee@heavenlycarpetsfl.com,,North Bay Village FL,upholstery shop,gmaps
cleancouturellc.com,https://cleancouturellc.com,cleancouturellc.com,,,North Bay Village FL,upholstery shop,gmaps
cityhome.com,https://cityhome.com,cityhome.com,info@cityhome.com,,North Miami Beach FL,upholstery shop,gmaps
dmcinc.comcastbiz.net,https://dmcinc.comcastbiz.net,dmcinc.comcastbiz.net,bobdmc@comcast.net,,Oakland Park FL,upholstery shop,gmaps
powless.net,https://powless.net,powless.net,powlessdrapery@powless.net,,Oakland Park FL,upholstery shop,gmaps
ohifl.com,https://ohifl.com,ohifl.com,openhouse1277@gmail.com,,Oakland Park FL,upholstery shop,gmaps
sunshineawningcanvas.com,https://sunshineawningcanvas.com,sunshineawningcanvas.com,sunshinecanvas@yahoo.com,,Oakland Park FL,upholstery shop,gmaps
nextdayalterations.com,https://nextdayalterations.com,nextdayalterations.com,info@nextdayalterations.com,,Oakland Park FL,upholstery shop,gmaps
asluxinteriors.com,https://asluxinteriors.com,asluxinteriors.com,anastasio@asluxinteriors.com,,Oakland Park FL,upholstery shop,gmaps
wisetouchinteriors.com,https://wisetouchinteriors.com,wisetouchinteriors.com,info@wisetouchinteriors.com,,Opa-locka FL,upholstery shop,gmaps
ebwaxingsupply.com,https://ebwaxingsupply.com,ebwaxingsupply.com,orders@ebwaxingsupply.com,,Opa-locka FL,upholstery shop,gmaps
bestusedgymequipment.com,https://bestusedgymequipment.com,bestusedgymequipment.com,info@bestusedgymequipment.com,,Opa-locka FL,upholstery shop,gmaps
canvasdesigners.com,https://canvasdesigners.com,canvasdesigners.com,hello@canvasdesigners.com,,Palm Beach FL,upholstery shop,gmaps
drvinyl.com,https://drvinyl.com,drvinyl.com,info@drvinyl.com,,Palm Beach FL,upholstery shop,gmaps
gaylefurniture.net,https://gaylefurniture.net,gaylefurniture.net,paulveronica6@yahoo.com,,Palm Beach FL,upholstery shop,gmaps
margolisupholstery.com,https://margolisupholstery.com,margolisupholstery.com,onekickrick@yahoo.com,,Palm Beach FL,upholstery shop,gmaps
decoratorsfactoryoutlet.com,https://decoratorsfactoryoutlet.com,decoratorsfactoryoutlet.com,jane@studio.com,,Palm Beach FL,upholstery shop,gmaps
theboathousemarine.com,https://theboathousemarine.com,theboathousemarine.com,service@theboathousemarine.com,,Palm Beach FL,upholstery shop,gmaps
schraderbeds.com,https://schraderbeds.com,schraderbeds.com,customerservice@schraderbeds.com,,Palm Beach FL,upholstery shop,gmaps
supremeawningservices.com,https://supremeawningservices.com,supremeawningservices.com,franknst5@hotmail.com,,Palm Beach FL,upholstery shop,gmaps
atlanticmarinecanvas.com,https://atlanticmarinecanvas.com,atlanticmarinecanvas.com,sales@atlanticmarinecanvas.com,,Palm Beach FL,upholstery shop,gmaps
chelsealaneco.com,https://chelsealaneco.com,chelsealaneco.com,hello@chelsealaneco.com,,Palm Beach FL,upholstery shop,gmaps
jeffreyphipps.com,https://jeffreyphipps.com,jeffreyphipps.com,typesetit@att.net,,Palm Beach FL,upholstery shop,gmaps
alladinsmagiccarpetcleaner.com,https://alladinsmagiccarpetcleaner.com,alladinsmagiccarpetcleaner.com,velkassis@gmail.com,,Palm Beach Gardens FL,upholstery shop,gmaps
nillycreation.com,https://nillycreation.com,nillycreation.com,nillycreation@gmail.com,,Palm Beach Gardens FL,upholstery shop,gmaps
seatdoctorcushions.com,https://seatdoctorcushions.com,seatdoctorcushions.com,info@seatdoctorcushions.com,,Palm Beach Gardens FL,upholstery shop,gmaps
dccustomupholstery.com,https://dccustomupholstery.com,dccustomupholstery.com,jose@dccustomupholstery.com,,Palm Springs FL,upholstery shop,gmaps
classicautorestylingca.com,https://classicautorestylingca.com,classicautorestylingca.com,impallari@gmail.com,,Palm Springs FL,upholstery shop,gmaps
trimsdecorandmore.com,https://trimsdecorandmore.com,trimsdecorandmore.com,crimsonupholstering@verizon.net,,Palm Springs FL,upholstery shop,gmaps
customfurniturebylaitamaki.com,https://customfurniturebylaitamaki.com,customfurniturebylaitamaki.com,weltcord@bellsouth.net,,Palm Springs FL,upholstery shop,gmaps
dnlupholstery.com,https://dnlupholstery.com,dnlupholstery.com,sales@dnlupholstery.com,,Palmetto Bay FL,upholstery shop,gmaps
firefinishinteriors.com,https://firefinishinteriors.com,firefinishinteriors.com,rayana@firefinishinteriors.com,,Parkland FL,upholstery shop,gmaps
waterfiredamage.com,https://waterfiredamage.com,waterfiredamage.com,,,Parkland FL,upholstery shop,gmaps
solareshades.com,https://solareshades.com,solareshades.com,info@solarellc.com,,Parkland FL,upholstery shop,gmaps
eddyfurniturerestoration.com,https://eddyfurniturerestoration.com,eddyfurniturerestoration.com,augustineddy@yahoo.com,,Pembroke Park FL,upholstery shop,gmaps
softsidetrim.com,https://softsidetrim.com,softsidetrim.com,softsidetriminc@bellsouth.net,,Pinecrest FL,upholstery shop,gmaps
countryfrenchinc.com,https://countryfrenchinc.com,countryfrenchinc.com,info@countryfrenchinc.com,,Pinecrest FL,upholstery shop,gmaps
sunsetrug.com,https://sunsetrug.com,sunsetrug.com,info@sunsetrug.com,,Pinecrest FL,upholstery shop,gmaps
shadesbysamar.com,https://shadesbysamar.com,shadesbysamar.com,samar@shadesbysamar.com,,Pinecrest FL,upholstery shop,gmaps
webleysinteriors.com,https://webleysinteriors.com,webleysinteriors.com,webinc@bellsouth.net,,Pinecrest FL,upholstery shop,gmaps
headsuponline.com,https://headsuponline.com,headsuponline.com,customerservice@headsuponline.com,,Plantation FL,upholstery shop,gmaps
newdesignfurniture.net,https://newdesignfurniture.net,newdesignfurniture.net,info@iglobalweb.com,,Plantation FL,upholstery shop,gmaps
customboatcushions.com,https://customboatcushions.com,customboatcushions.com,customboatcushions@gmail.com,,Pompano Beach FL,upholstery shop,gmaps
lorenzocanvas.net,https://lorenzocanvas.net,lorenzocanvas.net,lorenzocanvas@bellsouth.net,,Pompano Beach FL,upholstery shop,gmaps
boatcanvasfactory.com,https://boatcanvasfactory.com,boatcanvasfactory.com,micah@micahrich.com,,Pompano Beach FL,upholstery shop,gmaps
absolutepowdercoat.com,https://absolutepowdercoat.com,absolutepowdercoat.com,tammy@absolutepowdercoat.com,,Pompano Beach FL,upholstery shop,gmaps
manart-hirsch.com,https://manart-hirsch.com,manart-hirsch.com,sales@manart-hirsch.com,,Pompano Beach FL,upholstery shop,gmaps
rdesignconceptfl.com,https://rdesignconceptfl.com,rdesignconceptfl.com,info@rdesignconceptfl.com,,Riviera Beach FL,upholstery shop,gmaps
sipesupholstery.net,https://sipesupholstery.net,sipesupholstery.net,sunny@sipesupholstery.com,,Royal Palm Beach FL,upholstery shop,gmaps
proaircraftinteriors.com,https://proaircraftinteriors.com,proaircraftinteriors.com,info@proaircraftinteriors.com,,Sea Ranch Lakes FL,upholstery shop,gmaps
danielscuderi.com,https://danielscuderi.com,danielscuderi.com,,,Sea Ranch Lakes FL,upholstery shop,gmaps
jbupholsterybonita.com,https://jbupholsterybonita.com,jbupholsterybonita.com,jbupholstery@hotmail.com,,Southwest Ranches FL,upholstery shop,gmaps
silverislescleaners.com,https://silverislescleaners.com,silverislescleaners.com,service@silverislescleaners.com,,Southwest Ranches FL,upholstery shop,gmaps
mtwindowtints.com,https://mtwindowtints.com,mtwindowtints.com,sales@mtwindowtints.com,,Southwest Ranches FL,upholstery shop,gmaps
cleaningsystemx.com,https://cleaningsystemx.com,cleaningsystemx.com,,,Southwest Ranches FL,upholstery shop,gmaps
miamidesigngroup.com,https://miamidesigngroup.com,miamidesigngroup.com,info@miamidesigngroup.com,,Sunny Isles Beach FL,upholstery shop,gmaps
quality1restoration.com,https://quality1restoration.com,quality1restoration.com,info@quality1restoration.com,,Sunny Isles Beach FL,upholstery shop,gmaps
goodstofurnish.com,https://goodstofurnish.com,goodstofurnish.com,info@goodstofurnish.com,,Surfside FL,upholstery shop,gmaps
howellupholstery.com,https://howellupholstery.com,howellupholstery.com,jonpinhorn.typedesign@gmail.com,,Surfside FL,upholstery shop,gmaps
patiolaneoutdoorliving.com,https://patiolaneoutdoorliving.com,patiolaneoutdoorliving.com,hello@patiolaneliving.com,,Surfside FL,upholstery shop,gmaps
ngycarpetupholsterycleaningexperts.com,https://ngycarpetupholsterycleaningexperts.com,ngycarpetupholsterycleaningexperts.com,scott@ngycarpetupholsterycleaningexperts.com,,Surfside FL,upholstery shop,gmaps
ecowaterrestoration.com,https://ecowaterrestoration.com,ecowaterrestoration.com,info@ecowaterrestoration.com,,Sweetwater FL,upholstery shop,gmaps
melissaterese.com,https://melissaterese.com,melissaterese.com,melissa@melissaterese.com,,Sweetwater FL,upholstery shop,gmaps
sisbrillusa.com,https://sisbrillusa.com,sisbrillusa.com,u003einfo@sisbrillusa.com,,Sweetwater FL,upholstery shop,gmaps
mcp.miami,https://mcp.miami,mcp.miami,mcp.miami21@gmail.com,,Sweetwater FL,upholstery shop,gmaps
fabriclifemiami.com,https://fabriclifemiami.com,fabriclifemiami.com,webmaster@fabriclifemiami.com,,Sweetwater FL,upholstery shop,gmaps
gallowayofficesupply.com,https://gallowayofficesupply.com,gallowayofficesupply.com,info@gallowayofficesupply.com,,Sweetwater FL,upholstery shop,gmaps
alfaomegausa.com,https://alfaomegausa.com,alfaomegausa.com,info@alfaomegausa.com,,Sweetwater FL,upholstery shop,gmaps
cleaningdepotsupply.com,https://cleaningdepotsupply.com,cleaningdepotsupply.com,customercare@cleaningdepotsupply.com,,Tamarac FL,upholstery shop,gmaps
sofacleaningmiami.com,https://sofacleaningmiami.com,sofacleaningmiami.com,contact@sofacleaningmiami.com,,Tamiami FL,upholstery shop,gmaps
jetmastersinc.com,https://jetmastersinc.com,jetmastersinc.com,juan@jetmastersinc.com,,The Hammocks FL,upholstery shop,gmaps
margaritasalterations.com,https://margaritasalterations.com,margaritasalterations.com,margaritasalterations@gmail.com,,The Hammocks FL,upholstery shop,gmaps
unicleancarpetcleaning.com,https://unicleancarpetcleaning.com,unicleancarpetcleaning.com,unicleancarpetcleaning@gmail.com,,The Hammocks FL,upholstery shop,gmaps
allprorestorationllc.com,https://allprorestorationllc.com,allprorestorationllc.com,claims@allprorestoration911.com,,The Hammocks FL,upholstery shop,gmaps
luadecor.com,https://luadecor.com,luadecor.com,,,Wellington FL,upholstery shop,gmaps
barbarossaleather.com,https://barbarossaleather.com,barbarossaleather.com,info@barbarossaleather.com,,Wellington FL,upholstery shop,gmaps
visbyproducts.com,https://visbyproducts.com,visbyproducts.com,info@visbyproducts.com,,Wellington FL,upholstery shop,gmaps
weldingandfabricationinc.com,https://weldingandfabricationinc.com,weldingandfabricationinc.com,customerservice@weldingandfabricationinc.com,,Aventura FL,welding shop,gmaps
floridagaswelding.com,https://floridagaswelding.com,floridagaswelding.com,flagassupply@aol.com,,Aventura FL,welding shop,gmaps
flbigwelder.com,https://flbigwelder.com,flbigwelder.com,info@flbiwelder.com,,Aventura FL,welding shop,gmaps
productive-weldingworkshop.com,https://productive-weldingworkshop.com,productive-weldingworkshop.com,madriuz@productivefencing.com,,Aventura FL,welding shop,gmaps
megagateandweldingshop.com,https://megagateandweldingshop.com,megagateandweldingshop.com,megaweldingshop@gmail.com,,Aventura FL,welding shop,gmaps
dgmmobileweldinghollywood.info,https://dgmmobileweldinghollywood.info,dgmmobileweldinghollywood.info,donmedlecot@gmail.com,,Aventura FL,welding shop,gmaps
weldingrcs.com,https://weldingrcs.com,weldingrcs.com,weldingrc@yahoo.ca,,Aventura FL,welding shop,gmaps
oceanside-grp.com,https://oceanside-grp.com,oceanside-grp.com,oceansidegrp@gmail.com,,Aventura FL,welding shop,gmaps
universalweldingservice.com,https://universalweldingservice.com,universalweldingservice.com,universalweldingservice@gmail.com,,Aventura FL,welding shop,gmaps
evergladessteel.com,https://evergladessteel.com,evergladessteel.com,sales@evergladessteel.com,,Aventura FL,welding shop,gmaps
specializedweldingservice.com,https://specializedweldingservice.com,specializedweldingservice.com,service@specializedweldingservice.com,,Aventura FL,welding shop,gmaps
rolliworks.com,https://rolliworks.com,rolliworks.com,contact@rolliworks.com,,Aventura FL,welding shop,gmaps
asaltdinc.com,https://asaltdinc.com,asaltdinc.com,estimating@asaltdinc.com,,Aventura FL,welding shop,gmaps
americanaccesssystems.com,https://americanaccesssystems.com,americanaccesssystems.com,aasystems11@gmail.com,,Aventura FL,welding shop,gmaps
serviceweldingsupply.com,https://serviceweldingsupply.com,serviceweldingsupply.com,sales@swsmiami.com,,Bal Harbour FL,welding shop,gmaps
pablosmachineshopmedley.com,https://pablosmachineshopmedley.com,pablosmachineshopmedley.com,info@pablosmachineshop.com,,Bal Harbour FL,welding shop,gmaps
crmetals.net,https://crmetals.net,crmetals.net,sales@crmetals.net,,Bal Harbour FL,welding shop,gmaps
americanmetalgate.com,https://americanmetalgate.com,americanmetalgate.com,service@americanmetalgatecorp.com,,Bal Harbour FL,welding shop,gmaps
dgmobilewelding.com,https://dgmobilewelding.com,dgmobilewelding.com,dgmobilewelding@gmail.com,,Bal Harbour FL,welding shop,gmaps
aeitools.com,https://aeitools.com,aeitools.com,info@aeitools.com,,Bal Harbour FL,welding shop,gmaps
solisironworkscorporation.com,https://solisironworkscorporation.com,solisironworkscorporation.com,admin@solismetals.com,,Bal Harbour FL,welding shop,gmaps
mansillametalworks.com,https://mansillametalworks.com,mansillametalworks.com,freddy@mansillaarchitectural.com,,Bal Harbour FL,welding shop,gmaps
metalworkswelding.miami,https://metalworkswelding.miami,metalworkswelding.miami,info@metalworkswelding.miami,,Bal Harbour FL,welding shop,gmaps
aldojewelry.com,https://aldojewelry.com,aldojewelry.com,support@aldojewelry.com,,Bal Harbour FL,welding shop,gmaps
gbweldingandfab.com,https://gbweldingandfab.com,gbweldingandfab.com,melisa@sferectors.com,,Bal Harbour FL,welding shop,gmaps
rodsreliablewelding.com,https://rodsreliablewelding.com,rodsreliablewelding.com,rrweldingmedia@gmail.com,,Bal Harbour FL,welding shop,gmaps
steelmonkeydreamshop.com,https://steelmonkeydreamshop.com,steelmonkeydreamshop.com,steelmonkeydreamshop@gmail.com,,Biscayne Park FL,welding shop,gmaps
evolutionweldings.com,https://evolutionweldings.com,evolutionweldings.com,info@evolutionweldings.com,,Biscayne Park FL,welding shop,gmaps
championweldingservices.com,https://championweldingservices.com,championweldingservices.com,info@championweldingservices.com,,Biscayne Park FL,welding shop,gmaps
dademadefab.com,https://dademadefab.com,dademadefab.com,info@dademadefab.com,,Biscayne Park FL,welding shop,gmaps
rmkmerrill-stevens.com,https://rmkmerrill-stevens.com,rmkmerrill-stevens.com,info@rmkmerrill-stevens.com,,Biscayne Park FL,welding shop,gmaps
wcwpro.com,https://wcwpro.com,wcwpro.com,wconsumablewpro@gmail.com,,Biscayne Park FL,welding shop,gmaps
megagatesandweldingbocaraton.com,https://megagatesandweldingbocaraton.com,megagatesandweldingbocaraton.com,info@megagatesandwelding.com,,Boca Raton FL,welding shop,gmaps
djweldingprofessionalscom.com,https://djweldingprofessionalscom.com,djweldingprofessionalscom.com,djweldingprofessionals@gmail.com,,Boca Raton FL,welding shop,gmaps
alloyweldinganderectors.net,https://alloyweldinganderectors.net,alloyweldinganderectors.net,agellert@alloyweldinganderectors.net,,Boca Raton FL,welding shop,gmaps
metalsupplyfl.com,https://metalsupplyfl.com,metalsupplyfl.com,sales@metalsupplyfl.com,,Boca Raton FL,welding shop,gmaps
mydiligent.com,https://mydiligent.com,mydiligent.com,info@mydiligent.com,,Boca Raton FL,welding shop,gmaps
decormodernmetals.com,https://decormodernmetals.com,decormodernmetals.com,decormodernmetals@gmail.com,,Boca Raton FL,welding shop,gmaps
countyweldingequipment.com,https://countyweldingequipment.com,countyweldingequipment.com,sales@countyweldingequipment.com,,Boca Raton FL,welding shop,gmaps
aplusweldingmetals.com,https://aplusweldingmetals.com,aplusweldingmetals.com,support@webador.com,,Boca Raton FL,welding shop,gmaps
reelwelding.com,https://reelwelding.com,reelwelding.com,reece@reelwelding.com,,Boca Raton FL,welding shop,gmaps
fineedgeindustries.com,https://fineedgeindustries.com,fineedgeindustries.com,info@fineedgeindustries.com,,Boca Raton FL,welding shop,gmaps
arcmasterwelding.com,https://arcmasterwelding.com,arcmasterwelding.com,pm@arcmasterwelding.com,,Boca Raton FL,welding shop,gmaps
abelweldingservices.com,https://abelweldingservices.com,abelweldingservices.com,abelweldingservices@gmail.com,,Boca Raton FL,welding shop,gmaps
europamanufacturing.com,https://europamanufacturing.com,europamanufacturing.com,noreply@envato.com,,Boca Raton FL,welding shop,gmaps
johnsweldingandfab.com,https://johnsweldingandfab.com,johnsweldingandfab.com,johnsweldingandfab@gmail.com,,Boynton Beach FL,welding shop,gmaps
a1isupply.com,https://a1isupply.com,a1isupply.com,proposals@a1isupply.com,,Boynton Beach FL,welding shop,gmaps
bsdfabworkx.com,https://bsdfabworkx.com,bsdfabworkx.com,bsdfabworkx@gmail.com,,Boynton Beach FL,welding shop,gmaps
lakeweldingsupplies.com,https://lakeweldingsupplies.com,lakeweldingsupplies.com,info@lakeweldingsupplies.com,,Boynton Beach FL,welding shop,gmaps
allcountysheetmetal.com,https://allcountysheetmetal.com,allcountysheetmetal.com,metalman@bellsouth.net,,Boynton Beach FL,welding shop,gmaps
alumaproworx.com,https://alumaproworx.com,alumaproworx.com,example@mysite.com,,Boynton Beach FL,welding shop,gmaps
americanweldfab.com,https://americanweldfab.com,americanweldfab.com,jimmy@americanweldfab.com,,Coconut Creek FL,welding shop,gmaps
dacswelding.com,https://dacswelding.com,dacswelding.com,dwafllc73@gmail.com,,Coconut Creek FL,welding shop,gmaps
weldspray.us,https://weldspray.us,weldspray.us,sales@weldspray.us,,Coconut Grove FL,welding shop,gmaps
tlwelding.com,https://tlwelding.com,tlwelding.com,therdo@tlwelding.com,,Coconut Grove FL,welding shop,gmaps
weldingworldinc.com,https://weldingworldinc.com,weldingworldinc.com,sales@weldingworldinc.com,,Coconut Grove FL,welding shop,gmaps
dominguezironwork.com,https://dominguezironwork.com,dominguezironwork.com,dominguezironwork@gmail.com,,Coconut Grove FL,welding shop,gmaps
locations.airgas.com,https://locations.airgas.com,locations.airgas.com,wecanhelp@airgas.com,,Coconut Grove FL,welding shop,gmaps
jcmachineshop.com,https://jcmachineshop.com,jcmachineshop.com,petea@jcmachineshop.com,,Coconut Grove FL,welding shop,gmaps
victoresmachineshop.com,https://victoresmachineshop.com,victoresmachineshop.com,victoresmachineshop@gmail.com,,Coconut Grove FL,welding shop,gmaps
custommarinewelding.com,https://custommarinewelding.com,custommarinewelding.com,sales@custommarinewelding.com,,Coconut Grove FL,welding shop,gmaps
milansmachineshop.com,https://milansmachineshop.com,milansmachineshop.com,info@gmail.com,,Coconut Grove FL,welding shop,gmaps
wsmspecialtygases.com,https://wsmspecialtygases.com,wsmspecialtygases.com,sales@wsmsupplier.com,,Coconut Grove FL,welding shop,gmaps
robertsoxygen.com,https://robertsoxygen.com,robertsoxygen.com,info@robertsoxygen.com,,Coconut Grove FL,welding shop,gmaps
southernmanufacturing.com,https://southernmanufacturing.com,southernmanufacturing.com,sales@southernmanufacturing.com,,Coconut Grove FL,welding shop,gmaps
phoenixtruckrepairfl.com,https://phoenixtruckrepairfl.com,phoenixtruckrepairfl.com,info@phoenixtruckrepairfl.com,,Coconut Grove FL,welding shop,gmaps
hollandmachinery.net,https://hollandmachinery.net,hollandmachinery.net,sales@hollandmachinery.net,,Coconut Grove FL,welding shop,gmaps
marvitec.com,https://marvitec.com,marvitec.com,sales@marvitec.com,,Coconut Grove FL,welding shop,gmaps
almmachineshop.com,https://almmachineshop.com,almmachineshop.com,almmachineshop@yahoo.com,,Coconut Grove FL,welding shop,gmaps
ferrariservicesllc.com,https://ferrariservicesllc.com,ferrariservicesllc.com,ferrariservices@yahoo.com,,Cooper City FL,welding shop,gmaps
techweldingmobileusa.com,https://techweldingmobileusa.com,techweldingmobileusa.com,midketing.us@gmail.com,,Cooper City FL,welding shop,gmaps
kdweldfab.com,https://kdweldfab.com,kdweldfab.com,,,Cooper City FL,welding shop,gmaps
expertwelding.org,https://expertwelding.org,expertwelding.org,expertwelding@aol.com,,Cooper City FL,welding shop,gmaps
dynamicwelds.com,https://dynamicwelds.com,dynamicwelds.com,dws85welds@gmail.com,,Cooper City FL,welding shop,gmaps
stormanperformance.com,https://stormanperformance.com,stormanperformance.com,info@stormanperformanceinc.com,,Cooper City FL,welding shop,gmaps
subseaglobalsolutions.com,https://subseaglobalsolutions.com,subseaglobalsolutions.com,info@sgsdiving.com,,Cooper City FL,welding shop,gmaps
precisionbrazing.com,https://precisionbrazing.com,precisionbrazing.com,precisionbrazing@aol.com,,Cooper City FL,welding shop,gmaps
sixnel.com,https://sixnel.com,sixnel.com,impallari@gmail.com,,Cooper City FL,welding shop,gmaps
ccweld.com,https://ccweld.com,ccweld.com,ccollazowelding@gmail.com,,Cooper City FL,welding shop,gmaps
osunaornamental.com,https://osunaornamental.com,osunaornamental.com,osunaornamental87@gmail.com,,Cooper City FL,welding shop,gmaps
jcigwelding.com,https://jcigwelding.com,jcigwelding.com,matt@pixelspread.com,,Cooper City FL,welding shop,gmaps
macsmetal.com,https://macsmetal.com,macsmetal.com,macsmetal@comcast.net,,Cooper City FL,welding shop,gmaps
eliteweldfl.com,https://eliteweldfl.com,eliteweldfl.com,emily@eliteweldingflorida.com,,Cooper City FL,welding shop,gmaps
weldshopfl.com,https://weldshopfl.com,weldshopfl.com,davetheweldshop@aol.com,,Cooper City FL,welding shop,gmaps
broward.edu,https://broward.edu,broward.edu,ce@broward.edu,,Cooper City FL,welding shop,gmaps
elweldingsupplies.com,https://elweldingsupplies.com,elweldingsupplies.com,sales@elweldingsupplies.com,,Cooper City FL,welding shop,gmaps
amienterprise.com,https://amienterprise.com,amienterprise.com,abizprado29@gmail.com,,Cooper City FL,welding shop,gmaps
stickittoitwelding.com,https://stickittoitwelding.com,stickittoitwelding.com,stickittoitwelding@gmail.com,,Cooper City FL,welding shop,gmaps
reworksunlimited.com,https://reworksunlimited.com,reworksunlimited.com,jorge@reworksunlimited.com,,Cooper City FL,welding shop,gmaps
lafortunajewelry.com,https://lafortunajewelry.com,lafortunajewelry.com,info@lafortunajewelry.com,,Coral Gables FL,welding shop,gmaps
conklinmetal.com,https://conklinmetal.com,conklinmetal.com,testaccount@insitesoft.com,,Coral Gables FL,welding shop,gmaps
jlweldingaviation.com,https://jlweldingaviation.com,jlweldingaviation.com,info@jlweldingaviation.com,,Coral Gables FL,welding shop,gmaps
usatoolsinc.com,https://usatoolsinc.com,usatoolsinc.com,sales@usatoolsinc.com,,Coral Gables FL,welding shop,gmaps
psinternationalsupply.net,https://psinternationalsupply.net,psinternationalsupply.net,impallari@gmail.com,,Coral Gables FL,welding shop,gmaps
mc-customs.com,https://mc-customs.com,mc-customs.com,info@mc-customs.com,,Coral Gables FL,welding shop,gmaps
middlepointmarina.com,https://middlepointmarina.com,middlepointmarina.com,info@middlepointmarina.com,,Coral Gables FL,welding shop,gmaps
rapidprecisionfl.com,https://rapidprecisionfl.com,rapidprecisionfl.com,sgarib@rapidprecisionfl.com,,Coral Springs FL,welding shop,gmaps
rrweldingtech.com,https://rrweldingtech.com,rrweldingtech.com,estimates@rrweldingtech.com,,Coral Springs FL,welding shop,gmaps
transcendentwelding.com,https://transcendentwelding.com,transcendentwelding.com,john@company.com,,Coral Springs FL,welding shop,gmaps
decimal.net,https://decimal.net,decimal.net,decimal@decimal.net,,Coral Springs FL,welding shop,gmaps
soflomachining.com,https://soflomachining.com,soflomachining.com,info@soflomachining.com,,Coral Springs FL,welding shop,gmaps
emfginc.com,https://emfginc.com,emfginc.com,stan@emfginc.com,,Coral Springs FL,welding shop,gmaps
wickedmetalfabrication.com,https://wickedmetalfabrication.com,wickedmetalfabrication.com,info@wickedmetalfabrication.com,,Coral Springs FL,welding shop,gmaps
sunmetalssupply.com,https://sunmetalssupply.com,sunmetalssupply.com,info@sunmetalsupply.com,,Coral Springs FL,welding shop,gmaps
cptprocessing.com,https://cptprocessing.com,cptprocessing.com,info@cptprocessing.com,,Coral Springs FL,welding shop,gmaps
ironcladweldinginc.com,https://ironcladweldinginc.com,ironcladweldinginc.com,ironcladweldinginc@hotmail.com,,Coral Springs FL,welding shop,gmaps
mardiesel.com,https://mardiesel.com,mardiesel.com,support@mardiesel.com,,Coral Springs FL,welding shop,gmaps
aaasteelfabricators.com,https://aaasteelfabricators.com,aaasteelfabricators.com,info@aaasteelfab.com,,Coral Springs FL,welding shop,gmaps
aircraftexhaust.net,https://aircraftexhaust.net,aircraftexhaust.net,sales@planexhaust.net,,Coral Springs FL,welding shop,gmaps
planexhaust.com,https://planexhaust.com,planexhaust.com,sales@planexhaust.net,,Coral Springs FL,welding shop,gmaps
gtmowers.com,https://gtmowers.com,gtmowers.com,sales@gtmowers.com,,Coral Springs FL,welding shop,gmaps
worldtoolandsupplies.com,https://worldtoolandsupplies.com,worldtoolandsupplies.com,david@worldtoolandsupply.com,,Coral Springs FL,welding shop,gmaps
stanron.com,https://stanron.com,stanron.com,stanron@stanron.com,,Coral Springs FL,welding shop,gmaps
hendersonmachine.com,https://hendersonmachine.com,hendersonmachine.com,dan@hendersonmachine.com,,Coral Springs FL,welding shop,gmaps
safetyexports.com,https://safetyexports.com,safetyexports.com,sales@safetyexports.com,,Coral Springs FL,welding shop,gmaps
uspatriotsteel.com,https://uspatriotsteel.com,uspatriotsteel.com,info@uspatriotsteel.com,,Coral Springs FL,welding shop,gmaps
griffithsmetal.com,https://griffithsmetal.com,griffithsmetal.com,gmpmiami@hotmail.com,,Coral Terrace FL,welding shop,gmaps
hercrentals.com,https://hercrentals.com,hercrentals.com,customersolutions@herc.com,,Coral Terrace FL,welding shop,gmaps
dcgwelding.com,https://dcgwelding.com,dcgwelding.com,david@dcgwelding.com,,Country Club FL,welding shop,gmaps
aws.org,https://aws.org,aws.org,customercare@aws.org,,Country Club FL,welding shop,gmaps
ycawelding.com,https://ycawelding.com,ycawelding.com,support@ycawelding.com,,Country Club FL,welding shop,gmaps
united-welding.com,https://united-welding.com,united-welding.com,weldingschoolus@gmail.com,,Country Club FL,welding shop,gmaps
mjmmfg.com,https://mjmmfg.com,mjmmfg.com,info@mjmmfg.com,,Country Club FL,welding shop,gmaps
worldindustrialproducts.com,https://worldindustrialproducts.com,worldindustrialproducts.com,worldindustrialproducts@gmail.com,,Country Club FL,welding shop,gmaps
ronniesusa.com,https://ronniesusa.com,ronniesusa.com,ronnies305@bellsouth.net,,Cutler Bay FL,welding shop,gmaps
laraswelding.com,https://laraswelding.com,laraswelding.com,laraswelding.corp@gmail.com,,Cutler Bay FL,welding shop,gmaps
thepostealuminum.com,https://thepostealuminum.com,thepostealuminum.com,info@thepostealuminum.com,,Cutler Bay FL,welding shop,gmaps
reynaaluminumworks.com,https://reynaaluminumworks.com,reynaaluminumworks.com,reynaaluminumworks@gmail.com,,Cutler Bay FL,welding shop,gmaps
vrsexhaust.com,https://vrsexhaust.com,vrsexhaust.com,villar1@aol.com,,Cutler Bay FL,welding shop,gmaps
welschs.com,https://welschs.com,welschs.com,info@welschs.com,,Cutler Bay FL,welding shop,gmaps
millenniumweldingart.com,https://millenniumweldingart.com,millenniumweldingart.com,jonpinhorn.typedesign@gmail.com,,Dania Beach FL,welding shop,gmaps
tropicmachine.com,https://tropicmachine.com,tropicmachine.com,tropicmachine@att.net,,Dania Beach FL,welding shop,gmaps
alphatronindustries.com,https://alphatronindustries.com,alphatronindustries.com,sales@alphatronindustries.com,,Dania Beach FL,welding shop,gmaps
panzeraluminum.com,https://panzeraluminum.com,panzeraluminum.com,,,Dania Beach FL,welding shop,gmaps
jcmarineservice.com,https://jcmarineservice.com,jcmarineservice.com,jonathanc@jcmarineservice.com,,Dania Beach FL,welding shop,gmaps
starequipmentservices.com,https://starequipmentservices.com,starequipmentservices.com,info@starequipmentservices.com,,Dania Beach FL,welding shop,gmaps
yrmcustom.com,https://yrmcustom.com,yrmcustom.com,info@yrmcustom.com,,Dania Beach FL,welding shop,gmaps
americanmarinerepair.com,https://americanmarinerepair.com,americanmarinerepair.com,marina@americanmarinerepair.com,,Dania Beach FL,welding shop,gmaps
americacms.com,https://americacms.com,americacms.com,info@americacms.com,,Dania Beach FL,welding shop,gmaps
apb1.com,https://apb1.com,apb1.com,info@apb1.com,,Dania Beach FL,welding shop,gmaps
hulltechnologies.com,https://hulltechnologies.com,hulltechnologies.com,tony@hulltechnologies.com,,Dania Beach FL,welding shop,gmaps
eyswelding.com,https://eyswelding.com,eyswelding.com,admin@eyswelding.com,,Dania Beach FL,welding shop,gmaps
browardnelson.com,https://browardnelson.com,browardnelson.com,info@browardnelson.com,,Dania Beach FL,welding shop,gmaps
tmtrucktrailerrepair.com,https://tmtrucktrailerrepair.com,tmtrucktrailerrepair.com,info@tmtrucktrailerrepair.com,,Dania Beach FL,welding shop,gmaps
firstperformancemarina.com,https://firstperformancemarina.com,firstperformancemarina.com,firstperfmarina@aol.com,,Dania Beach FL,welding shop,gmaps
yrmwaterjet.com,https://yrmwaterjet.com,yrmwaterjet.com,sales@yrmwaterjet.com,,Dania Beach FL,welding shop,gmaps
soflocustomfabrication.com,https://soflocustomfabrication.com,soflocustomfabrication.com,info@soflocustomfabrication.com,,Dania Beach FL,welding shop,gmaps
amsfabrications.com,https://amsfabrications.com,amsfabrications.com,sales@amsfabrications.com,,Davie FL,welding shop,gmaps
mcdspro.com,https://mcdspro.com,mcdspro.com,info@mcdspro.com,,Davie FL,welding shop,gmaps
cylinderheaddepot.com,https://cylinderheaddepot.com,cylinderheaddepot.com,chd1cmp@aol.com,,Davie FL,welding shop,gmaps
andesfence.com,https://andesfence.com,andesfence.com,andesfence@hotmail.com,,Davie FL,welding shop,gmaps
wpmachine.net,https://wpmachine.net,wpmachine.net,steven@wpmachine.net,,Deerfield Beach FL,welding shop,gmaps
junoiron.com,https://junoiron.com,junoiron.com,sales@junoiron.com,,Deerfield Beach FL,welding shop,gmaps
langrepair.com,https://langrepair.com,langrepair.com,service@langrepair.com,,Deerfield Beach FL,welding shop,gmaps
hzxmetalworks.com,https://hzxmetalworks.com,hzxmetalworks.com,sales@hzxmetalworks.com,,Deerfield Beach FL,welding shop,gmaps
celticwelding.net,https://celticwelding.net,celticwelding.net,celticwelding@gmail.com,,Deerfield Beach FL,welding shop,gmaps
tenviro.com,https://tenviro.com,tenviro.com,sales@tenviro.com,,Deerfield Beach FL,welding shop,gmaps
glomatek.com,https://glomatek.com,glomatek.com,info@glomatek.com,,Deerfield Beach FL,welding shop,gmaps
megagaragedoorrepair.com,https://megagaragedoorrepair.com,megagaragedoorrepair.com,info@megagaragedoorrepair.com,,Deerfield Beach FL,welding shop,gmaps
mundakawg.com,https://mundakawg.com,mundakawg.com,sales@mundakawg.com,,Doral FL,welding shop,gmaps
adonaiweldingsoldaduras.com,https://adonaiweldingsoldaduras.com,adonaiweldingsoldaduras.com,info@adonaiweldingsoldaduras.com,,Doral FL,welding shop,gmaps
martellwelding.com,https://martellwelding.com,martellwelding.com,martellwelding@gmail.com,,Doral FL,welding shop,gmaps
metalworkshd.com,https://metalworkshd.com,metalworkshd.com,hdmetalworksshop@gmail.com,,Doral FL,welding shop,gmaps
nwis-llc.com,https://nwis-llc.com,nwis-llc.com,info@nwis-llc.com,,Doral FL,welding shop,gmaps
alextrucks.com,https://alextrucks.com,alextrucks.com,hello@alextrucks.com,,Doral FL,welding shop,gmaps
conecotec.com,https://conecotec.com,conecotec.com,info@conecotec.com,,Doral FL,welding shop,gmaps
qualitysheetmetalfabricationllc.com,https://qualitysheetmetalfabricationllc.com,qualitysheetmetalfabricationllc.com,qsmfllc@gmail.com,,El Portal FL,welding shop,gmaps
247propane.com,https://247propane.com,247propane.com,propane247@gmail.com,,El Portal FL,welding shop,gmaps
hydroweld.com,https://hydroweld.com,hydroweld.com,info@hydroweld.com,,Florida City FL,welding shop,gmaps
nextwave-marine.com,https://nextwave-marine.com,nextwave-marine.com,info@nextwave-marine.com,,Florida City FL,welding shop,gmaps
lhgmarine.com,https://lhgmarine.com,lhgmarine.com,lhgmarinesales@gmail.com,,Florida City FL,welding shop,gmaps
ifexport.com,https://ifexport.com,ifexport.com,sales@ifexport.com,,Fontainebleau FL,welding shop,gmaps
toolplacecorp.com,https://toolplacecorp.com,toolplacecorp.com,sales@toolplacecorp.com,,Fontainebleau FL,welding shop,gmaps
richwoodturning.com,https://richwoodturning.com,richwoodturning.com,info@richwoodturning.com,,Fontainebleau FL,welding shop,gmaps
ludeca.com,https://ludeca.com,ludeca.com,info@ludeca.com,,Fontainebleau FL,welding shop,gmaps
permanentjewelrymiami.com,https://permanentjewelrymiami.com,permanentjewelrymiami.com,info@permanentjewelrymiami.com,,Fontainebleau FL,welding shop,gmaps
amesolutions.com,https://amesolutions.com,amesolutions.com,info@amesolutions.com,,Fort Lauderdale FL,welding shop,gmaps
fabricationsolutionsllc.com,https://fabricationsolutionsllc.com,fabricationsolutionsllc.com,aaronw@fabricationsolutionsllc.com,,Fort Lauderdale FL,welding shop,gmaps
enginsp.com,https://enginsp.com,enginsp.com,info@enginsp.com,,Fort Lauderdale FL,welding shop,gmaps
gsmachineinc.com,https://gsmachineinc.com,gsmachineinc.com,gsma@bellsouth.net,,Greenacres FL,welding shop,gmaps
anchorfabricationllc.com,https://anchorfabricationllc.com,anchorfabricationllc.com,rodrigo@anchorfabricate.com,,Greenacres FL,welding shop,gmaps
phoenix-fab.com,https://phoenix-fab.com,phoenix-fab.com,quotes@phoenix-fab.com,,Greenacres FL,welding shop,gmaps
industrial2000.com,https://industrial2000.com,industrial2000.com,annetty@industrial2000.com,,Greenacres FL,welding shop,gmaps
industrialtech.com,https://industrialtech.com,industrialtech.com,info@industrialtech.com,,Greenacres FL,welding shop,gmaps
rangeline.com,https://rangeline.com,rangeline.com,sales@rangeline.com,,Greenacres FL,welding shop,gmaps
weldsense.com,https://weldsense.com,weldsense.com,bdemarest@weldsense.com,,Hallandale Beach FL,welding shop,gmaps
ammetalmaq.com,https://ammetalmaq.com,ammetalmaq.com,sales@ammetalmaq.com,,Hialeah FL,welding shop,gmaps
metallicproductsllc.com,https://metallicproductsllc.com,metallicproductsllc.com,sales@metallicproductsllc.com,,Hialeah FL,welding shop,gmaps
precisionwaterjetservices.com,https://precisionwaterjetservices.com,precisionwaterjetservices.com,sales@precisionwaterjetservices.com,,Hialeah FL,welding shop,gmaps
site-dp5cwgs30.godaddysites.com,https://site-dp5cwgs30.godaddysites.com,site-dp5cwgs30.godaddysites.com,contact@sansoxygen.com,,Hialeah Gardens FL,welding shop,gmaps
lujess-welding-plus.ueniweb.com,https://lujess-welding-plus.ueniweb.com,lujess-welding-plus.ueniweb.com,changluisf@hotmail.com,,Hialeah Gardens FL,welding shop,gmaps
queenofpawns.com,https://queenofpawns.com,queenofpawns.com,info@queenofpawns.net,,Hillsboro Beach FL,welding shop,gmaps
coastlineworks.com,https://coastlineworks.com,coastlineworks.com,eben@eyebytes.com,,Hillsboro Beach FL,welding shop,gmaps
mm2bprojects.com,https://mm2bprojects.com,mm2bprojects.com,web@therankinggeeks.ai,,Hillsboro Beach FL,welding shop,gmaps
accentwelding.com,https://accentwelding.com,accentwelding.com,accentwelding@gmail.com,,Hillsboro Beach FL,welding shop,gmaps
todomarineinc.com,https://todomarineinc.com,todomarineinc.com,todomarineinc@gmail.com,,Hillsboro Beach FL,welding shop,gmaps
marcowelding.com,https://marcowelding.com,marcowelding.com,steve@marcowelding.com,,Hillsboro Beach FL,welding shop,gmaps
jcweldingfabricationfl.com,https://jcweldingfabricationfl.com,jcweldingfabricationfl.com,info@jcweldingfabricationfl.com,,Hillsboro Beach FL,welding shop,gmaps
boncumetal.com,https://boncumetal.com,boncumetal.com,contact@boncumetal.com,,Homestead FL,welding shop,gmaps
asaluminum.com,https://asaluminum.com,asaluminum.com,sales@asaluminum.com,,Homestead FL,welding shop,gmaps
oceansidetruckandtrailer.com,https://oceansidetruckandtrailer.com,oceansidetruckandtrailer.com,oceansidetruckandtrailer@hotmail.com,,Jupiter FL,welding shop,gmaps
freedomfabricators.us,https://freedomfabricators.us,freedomfabricators.us,sales@freedomfabricators.us,,Jupiter FL,welding shop,gmaps
ajsheetmetals.com,https://ajsheetmetals.com,ajsheetmetals.com,info@ajsheetmetals.com,,Jupiter FL,welding shop,gmaps
dolphinsheetmetal.com,https://dolphinsheetmetal.com,dolphinsheetmetal.com,info@dolphinsheetmetal.com,,Jupiter FL,welding shop,gmaps
oldtownironshop.com,https://oldtownironshop.com,oldtownironshop.com,glenn@oldtownironshop.com,,Jupiter FL,welding shop,gmaps
mzmachine.com,https://mzmachine.com,mzmachine.com,achine@msn.com,,Jupiter FL,welding shop,gmaps
store.jupiterhardware.com,https://store.jupiterhardware.com,store.jupiterhardware.com,jupiterhardware@gmail.com,,Jupiter FL,welding shop,gmaps
aabaco.com,https://aabaco.com,aabaco.com,sales@aabaco.com,,Jupiter FL,welding shop,gmaps
marshfasteners.com,https://marshfasteners.com,marshfasteners.com,sales@marshfasteners.com,,Jupiter FL,welding shop,gmaps
gtacmetal.solutions,https://gtacmetal.solutions,gtacmetal.solutions,guchsheetmetalacinc@hotmail.com,,Jupiter FL,welding shop,gmaps
metalexpertsllc.com,https://metalexpertsllc.com,metalexpertsllc.com,metalexpertsllc@gmail.com,,Jupiter FL,welding shop,gmaps
psm.com,https://psm.com,psm.com,info@thomassen.psm.com,,Jupiter FL,welding shop,gmaps
vmironwork.com,https://vmironwork.com,vmironwork.com,nancy@vmironwork.com,,Jupiter FL,welding shop,gmaps
village-smithy-forge-farm-llc.square.site,https://village-smithy-forge-farm-llc.square.site,village-smithy-forge-farm-llc.square.site,leewallcreations@gmail.com,,Jupiter FL,welding shop,gmaps
franksmufflershop.com,https://franksmufflershop.com,franksmufflershop.com,eben@eyebytes.com,,Kendall FL,welding shop,gmaps
herdizconstruction.com,https://herdizconstruction.com,herdizconstruction.com,alfonso@herdizconstruction.com,,Kendall FL,welding shop,gmaps
simon.com,https://simon.com,simon.com,customercare@simon.com,,Kendall FL,welding shop,gmaps
jesusironwork.com,https://jesusironwork.com,jesusironwork.com,jesusironworkcorp@gmail.com,,Kendall FL,welding shop,gmaps
keys-welding.com,https://keys-welding.com,keys-welding.com,devonp1988@keys-welding.com,,Key Biscayne FL,welding shop,gmaps
thefabshopfl.com,https://thefabshopfl.com,thefabshopfl.com,sales@thefabshopfl.com,,Lake Worth Beach FL,welding shop,gmaps
pilarwelding.com,https://pilarwelding.com,pilarwelding.com,roy@pilarwelding.com,,Lake Worth Beach FL,welding shop,gmaps
eastcoastmetals.net,https://eastcoastmetals.net,eastcoastmetals.net,estimating@eastcoastmetals.net,,Lake Worth Beach FL,welding shop,gmaps
hpheavyrepair.com,https://hpheavyrepair.com,hpheavyrepair.com,ryanpepemoto@gmail.com,,Lake Worth Beach FL,welding shop,gmaps
palmbeachstate.edu,https://palmbeachstate.edu,palmbeachstate.edu,webcontentrequests@pbsc.edu,,Lake Worth Beach FL,welding shop,gmaps
acehardware.com,https://acehardware.com,acehardware.com,,,Lantana FL,welding shop,gmaps
stainlesssteeljoe.com,https://stainlesssteeljoe.com,stainlesssteeljoe.com,stainlessjoe@gmail.com,,Lighthouse Point FL,welding shop,gmaps
lighthousewelding.com,https://lighthousewelding.com,lighthousewelding.com,lighthouseartwel@yahoo.com,,Lighthouse Point FL,welding shop,gmaps
turboaerospacecorp.com,https://turboaerospacecorp.com,turboaerospacecorp.com,sales@turboaerospacecorp.com,,Margate FL,welding shop,gmaps
accessexperts247.com,https://accessexperts247.com,accessexperts247.com,info@accessexperts247.com,,Margate FL,welding shop,gmaps
medleysteel.com,https://medleysteel.com,medleysteel.com,shikhar.chokshi@xceltec.in,,Medley FL,welding shop,gmaps
heviaworks.com,https://heviaworks.com,heviaworks.com,sales@heviaworks.com,,Miami FL,welding shop,gmaps
flbigsupplies.com,https://flbigsupplies.com,flbigsupplies.com,info@flbigsupplies.com,,Miami Gardens FL,welding shop,gmaps
awningsallawnings.com,https://awningsallawnings.com,awningsallawnings.com,sales@awningsallawnings.com,,Miami Gardens FL,welding shop,gmaps
madcaprailsandcontainers.godaddysites.com,https://madcaprailsandcontainers.godaddysites.com,madcaprailsandcontainers.godaddysites.com,info@ndiscovered.com,,Miami Gardens FL,welding shop,gmaps
aerotar.com,https://aerotar.com,aerotar.com,sales@aerotar.com,,Miami Gardens FL,welding shop,gmaps
miamilakes.edu,https://miamilakes.edu,miamilakes.edu,miamilakeseducationalcenterandtechnicalcollege@miamidadeschools.onmicrosoft.com,,Miami Lakes FL,welding shop,gmaps
ameripipe.com,https://ameripipe.com,ameripipe.com,contact@venturisupply.com,,Miami Lakes FL,welding shop,gmaps
chemsealinc.net,https://chemsealinc.net,chemsealinc.net,sales@chemsealinc.net,,Miami Lakes FL,welding shop,gmaps
mimeco.com,https://mimeco.com,mimeco.com,mimeco@mimeco.com,,Miami Springs FL,welding shop,gmaps
urtechmfg.com,https://urtechmfg.com,urtechmfg.com,sales@urtechmfg.com,,North Lauderdale FL,welding shop,gmaps
setruckflorida.com,https://setruckflorida.com,setruckflorida.com,ssunshine@codemastersintl.com,,North Lauderdale FL,welding shop,gmaps
rossellesmetalsinc.com,https://rossellesmetalsinc.com,rossellesmetalsinc.com,gayle@rosellesmetalsinc.com,,North Miami FL,welding shop,gmaps
sfab.com,https://sfab.com,sfab.com,sfhr@sfab.com,,Oakland Park FL,welding shop,gmaps
valenciawelding.com,https://valenciawelding.com,valenciawelding.com,info@valenciawelding.com,,Palm Beach FL,welding shop,gmaps
mlmetalwerks.com,https://mlmetalwerks.com,mlmetalwerks.com,daniel@mlmetalwerks.com,,Palm Beach FL,welding shop,gmaps
soflofabrication.com,https://soflofabrication.com,soflofabrication.com,vincent@soflofabrication.com,,Palm Beach FL,welding shop,gmaps
a1americanmetal.com,https://a1americanmetal.com,a1americanmetal.com,info@a1americanmetal.com,,Palm Beach FL,welding shop,gmaps
factorydirectsupply.com,https://factorydirectsupply.com,factorydirectsupply.com,info@factorydirectsupplyonline.com,,Palm Beach FL,welding shop,gmaps
coastalmetal.biz,https://coastalmetal.biz,coastalmetal.biz,info@coastalmetal.biz,,Palm Beach Gardens FL,welding shop,gmaps
obswelding.com,https://obswelding.com,obswelding.com,support@webador.com,,Palm Beach Gardens FL,welding shop,gmaps
miller-tool.com,https://miller-tool.com,miller-tool.com,sales@miller-tool.com,,Palm Beach Gardens FL,welding shop,gmaps
palmspringswelding.com,https://palmspringswelding.com,palmspringswelding.com,info@palmspringswelding.com,,Palm Springs FL,welding shop,gmaps
macgwelding.com,https://macgwelding.com,macgwelding.com,gregg102@gmail.com,,Palm Springs FL,welding shop,gmaps
unlimitedwelding.com,https://unlimitedwelding.com,unlimitedwelding.com,info@unlimitedwelding.com,,Palm Springs FL,welding shop,gmaps
applemachineandsupply.com,https://applemachineandsupply.com,applemachineandsupply.com,info@applemachineandsupply.com,,Palm Springs FL,welding shop,gmaps
mikesprecisionwelding.com,https://mikesprecisionwelding.com,mikesprecisionwelding.com,pw.jake89@gmail.com,,Palm Springs FL,welding shop,gmaps
toplinemetalworksusa.com,https://toplinemetalworksusa.com,toplinemetalworksusa.com,info@toplinemetalworksusa.com,,Plantation FL,welding shop,gmaps
ramsaymarine.com,https://ramsaymarine.com,ramsaymarine.com,admin@airodigital.com,,Riviera Beach FL,welding shop,gmaps
csmfabricators.com,https://csmfabricators.com,csmfabricators.com,orders@csmfabricators.com,,Sea Ranch Lakes FL,welding shop,gmaps
ny-engineers.com,https://ny-engineers.com,ny-engineers.com,info@ny-engineers.com,,Sunny Isles Beach FL,welding shop,gmaps
havanafencellc.com,https://havanafencellc.com,havanafencellc.com,havanafence@yahoo.com,,Sunny Isles Beach FL,welding shop,gmaps
metalmastersflorida.com,https://metalmastersflorida.com,metalmastersflorida.com,quotes@metalmastersflorida.com,,Sweetwater FL,welding shop,gmaps
aztec-welding.com,https://aztec-welding.com,aztec-welding.com,aagrmax@gmail.com,,Sweetwater FL,welding shop,gmaps
interstatewf.com,https://interstatewf.com,interstatewf.com,info@interstatewf.com,,Sweetwater FL,welding shop,gmaps
southdadeironworks.com,https://southdadeironworks.com,southdadeironworks.com,southdadeironworks@outlook.com,,Sweetwater FL,welding shop,gmaps
metalcutusa.com,https://metalcutusa.com,metalcutusa.com,sales1@metalcutusa.com,,Tamarac FL,welding shop,gmaps
hernandezmetalfab.net,https://hernandezmetalfab.net,hernandezmetalfab.net,andre@hernandezmetalfab.com,,The Hammocks FL,welding shop,gmaps
castellanosautomuffler.com,https://castellanosautomuffler.com,castellanosautomuffler.com,erniesmuffler@aol.com,,The Hammocks FL,welding shop,gmaps
a1americashandyman.com,https://a1americashandyman.com,a1americashandyman.com,a1ahandyman@hotmail.com,,The Hammocks FL,welding shop,gmaps
cflsupply.com,https://cflsupply.com,cflsupply.com,tanya.cflsupply@gmail.com,,Wellington FL,welding shop,gmaps
stainedglassofmiami.com,https://stainedglassofmiami.com,stainedglassofmiami.com,info@stainedglassofmiami.com,,West Miami FL,welding shop,gmaps
jkinnovateitfence.com,https://jkinnovateitfence.com,jkinnovateitfence.com,jkinnovateit@yahoo.com,,Westchester FL,welding shop,gmaps
fei.edu,https://fei.edu,fei.edu,admissions@fei.edu,,Westchester FL,welding shop,gmaps
parrishdesignsoflondon.com,https://parrishdesignsoflondon.com,parrishdesignsoflondon.com,info@parrishdesignslondon.com,,Westchester FL,welding shop,gmaps
firstclassfenceandrail.com,https://firstclassfenceandrail.com,firstclassfenceandrail.com,fencelady@bellsouth.net,,Weston FL,welding shop,gmaps
litecrete.com,https://litecrete.com,litecrete.com,info@litecrete.com,,Weston FL,welding shop,gmaps
allfencingandrepair.com,https://allfencingandrepair.com,allfencingandrepair.com,mary@allfencingfl.com,,Weston FL,welding shop,gmaps
gelikinc.com,https://gelikinc.com,gelikinc.com,dtvgino@gmail.com,,Aventura FL,electrician,gmaps
rumielectric.com,https://rumielectric.com,rumielectric.com,info@rumielectric.com,,Aventura FL,electrician,gmaps
smartelectricalcompany.com,https://smartelectricalcompany.com,smartelectricalcompany.com,info@smartelectricalcompany.com,,Aventura FL,electrician,gmaps
streamlineelectric.com,https://streamlineelectric.com,streamlineelectric.com,info@streamlineelectric.com,,Aventura FL,electrician,gmaps
miamielectriccompany.com,https://miamielectriccompany.com,miamielectriccompany.com,info@miamielectriccompany.com,,Aventura FL,electrician,gmaps
electricbullcorp.com,https://electricbullcorp.com,electricbullcorp.com,electricbullcorp@gmail.com,,Aventura FL,electrician,gmaps
balticelectrical.com,https://balticelectrical.com,balticelectrical.com,info@balticelectrical.com,,Aventura FL,electrician,gmaps
bicelectric.us,https://bicelectric.us,bicelectric.us,ggazzia@bicelectrics.com,,Aventura FL,electrician,gmaps
elekronelectric.com,https://elekronelectric.com,elekronelectric.com,rodrigo@elekronelectric.com,,Aventura FL,electrician,gmaps
alliedelectricalservices.net,https://alliedelectricalservices.net,alliedelectricalservices.net,spierre81@yahoo.com,,Aventura FL,electrician,gmaps
e-techenergy.com,https://e-techenergy.com,e-techenergy.com,info@e-techenergy.com,,Aventura FL,electrician,gmaps
electriciansflorida.com,https://electriciansflorida.com,electriciansflorida.com,info@electriciansflorida.com,,Aventura FL,electrician,gmaps
krwelectric365.com,https://krwelectric365.com,krwelectric365.com,kyle@krwelectric365.com,,Aventura FL,electrician,gmaps
trustedelectricalsolutions.com,https://trustedelectricalsolutions.com,trustedelectricalsolutions.com,services@trustedelectricalsolutions.com,,Aventura FL,electrician,gmaps
aventura-handyman.com,https://aventura-handyman.com,aventura-handyman.com,impallari@gmail.com,,Aventura FL,electrician,gmaps
mgelectricalsolutions.com,https://mgelectricalsolutions.com,mgelectricalsolutions.com,jorge@mgelectricalsolutions.com,,Aventura FL,electrician,gmaps
electricserviceandrepair.net,https://electricserviceandrepair.net,electricserviceandrepair.net,fonsecaelaine20@gmail.com,,Aventura FL,electrician,gmaps
berne-commercial.com,https://berne-commercial.com,berne-commercial.com,bernerepair@gmail.com,,Aventura FL,electrician,gmaps
thunderdaveelectric.com,https://thunderdaveelectric.com,thunderdaveelectric.com,223thunderdave@gmail.com,,Aventura FL,electrician,gmaps
raiseshineblinds.com,https://raiseshineblinds.com,raiseshineblinds.com,info@raiseshineblinds.com,,Aventura FL,electrician,gmaps
only-electric.com,https://only-electric.com,only-electric.com,info@only-electric.com,,Aventura FL,electrician,gmaps
ehwhitson.com,https://ehwhitson.com,ehwhitson.com,info@ehwhitson.com,,Aventura FL,electrician,gmaps
goldcrowncontractors.com,https://goldcrowncontractors.com,goldcrowncontractors.com,info@goldcrowncontractors.com,,Aventura FL,electrician,gmaps
einsteinelectricfl.com,https://einsteinelectricfl.com,einsteinelectricfl.com,team@latofonts.com,,Aventura FL,electrician,gmaps
priority01electrical.com,https://priority01electrical.com,priority01electrical.com,priority01electric@gmail.com,,Bal Harbour FL,electrician,gmaps
rizoelectric.com,https://rizoelectric.com,rizoelectric.com,rizoelectricfl@gmail.com,,Bal Harbour FL,electrician,gmaps
electricdomain.us,https://electricdomain.us,electricdomain.us,info@electricdomain.us,,Bal Harbour FL,electrician,gmaps
247electricianmiami.com,https://247electricianmiami.com,247electricianmiami.com,contactus@solomonselectric.com,,Bal Harbour FL,electrician,gmaps
voltx-technologies.com,https://voltx-technologies.com,voltx-technologies.com,info@voltx-technologies.com,,Bal Harbour FL,electrician,gmaps
robeleelectric.com,https://robeleelectric.com,robeleelectric.com,robeleelectric@hotmail.com,,Bal Harbour FL,electrician,gmaps
geeksfl.com,https://geeksfl.com,geeksfl.com,sales@geeksfl.com,,Bal Harbour FL,electrician,gmaps
hightydeelectric.com,https://hightydeelectric.com,hightydeelectric.com,hightydeeletric@gmail.com,,Bal Harbour FL,electrician,gmaps
a1floridaelectric.com,https://a1floridaelectric.com,a1floridaelectric.com,customer@a1floridaelectric.com,,Bal Harbour FL,electrician,gmaps
redaviconstruction.com,https://redaviconstruction.com,redaviconstruction.com,redaviconstruction@gmail.com,,Bal Harbour FL,electrician,gmaps
epelectricalservice.com,https://epelectricalservice.com,epelectricalservice.com,sales@epelectricalservice.com,,Bay Harbor Islands FL,electrician,gmaps
justechit.com,https://justechit.com,justechit.com,,,Bay Harbor Islands FL,electrician,gmaps
led-action.com,https://led-action.com,led-action.com,contact@led-action.com,,Bay Harbor Islands FL,electrician,gmaps
hopperelectricalcontractingllc.com,https://hopperelectricalcontractingllc.com,hopperelectricalcontractingllc.com,hopperelectricalsfl@outlook.com,,Bay Harbor Islands FL,electrician,gmaps
jjtelcoelectric.com,https://jjtelcoelectric.com,jjtelcoelectric.com,allapattahelectric@gmail.com,,Bay Harbor Islands FL,electrician,gmaps
floridaelectricalandfirealarm.com,https://floridaelectricalandfirealarm.com,floridaelectricalandfirealarm.com,services.floridaelectrical@gmail.com,,Bay Harbor Islands FL,electrician,gmaps
licensedelectricianmiami.com,https://licensedelectricianmiami.com,licensedelectricianmiami.com,electrician.box@gmail.com,,Biscayne Park FL,electrician,gmaps
miamielectricalcontracting.com,https://miamielectricalcontracting.com,miamielectricalcontracting.com,estimates@miamielectricalcontractors.com,,Biscayne Park FL,electrician,gmaps
floridaelectricalspecialists.com,https://floridaelectricalspecialists.com,floridaelectricalspecialists.com,contact@floridaelectricalspecialists.com,,Biscayne Park FL,electrician,gmaps
lucelectric.com,https://lucelectric.com,lucelectric.com,contact@lucelectric.com,,Biscayne Park FL,electrician,gmaps
biscayneelectricmotor.com,https://biscayneelectricmotor.com,biscayneelectricmotor.com,sales@biscayneelectricmotor.com,,Biscayne Park FL,electrician,gmaps
arelectricalboatlifts.com,https://arelectricalboatlifts.com,arelectricalboatlifts.com,arelectricalconsultants@gmail.com,,Biscayne Park FL,electrician,gmaps
hivizelectricllc.com,https://hivizelectricllc.com,hivizelectricllc.com,hivizelectric@gmail.com,,Biscayne Park FL,electrician,gmaps
protechnetworkcabling.com,https://protechnetworkcabling.com,protechnetworkcabling.com,billing@protechnetworkcabling.com,,Biscayne Park FL,electrician,gmaps
xmartpower.com,https://xmartpower.com,xmartpower.com,pedroa@xmartpower.com,,Biscayne Park FL,electrician,gmaps
ov-electrical.com,https://ov-electrical.com,ov-electrical.com,orely@ov-electrical.com,,Biscayne Park FL,electrician,gmaps
mrhomeguy.net,https://mrhomeguy.net,mrhomeguy.net,info@mrhomeguy.com,,Biscayne Park FL,electrician,gmaps
stevenson-electric.com,https://stevenson-electric.com,stevenson-electric.com,contact@stevenson-electric.com,,Biscayne Park FL,electrician,gmaps
electrical-miami.ueniweb.com,https://electrical-miami.ueniweb.com,electrical-miami.ueniweb.com,parajon.javier@yahoo.com,,Biscayne Park FL,electrician,gmaps
bocaelectricalservices.com,https://bocaelectricalservices.com,bocaelectricalservices.com,cgarlobo5@gmail.com,,Boca Raton FL,electrician,gmaps
bocaelectric.net,https://bocaelectric.net,bocaelectric.net,astigma@astigmatic.com,,Boca Raton FL,electrician,gmaps
lineupelectric.com,https://lineupelectric.com,lineupelectric.com,hello@lineupelectric.com,,Boca Raton FL,electrician,gmaps
grounded-electric.com,https://grounded-electric.com,grounded-electric.com,barret@grounded-electric.com,,Boca Raton FL,electrician,gmaps
btbelectric.com,https://btbelectric.com,btbelectric.com,admin@btbelectric.com,,Boca Raton FL,electrician,gmaps
bluephaseelectric.com,https://bluephaseelectric.com,bluephaseelectric.com,bluephaseelectric@gmail.com,,Boca Raton FL,electrician,gmaps
kgelectricservices.netlify.app,https://kgelectricservices.netlify.app,kgelectricservices.netlify.app,kallebv01@gmail.com,,Boca Raton FL,electrician,gmaps
eec-fl.com,https://eec-fl.com,eec-fl.com,sales@eec-fl.com,,Boca Raton FL,electrician,gmaps
electriciansnearmefl.com,https://electriciansnearmefl.com,electriciansnearmefl.com,electriciansnearmefl@gmail.com,,Boca Raton FL,electrician,gmaps
120electricfl.com,https://120electricfl.com,120electricfl.com,info@indiantypefoundry.com,,Boca Raton FL,electrician,gmaps
remoteelectricinc.com,https://remoteelectricinc.com,remoteelectricinc.com,impallari@gmail.com,,Boca Raton FL,electrician,gmaps
delconelectricincbocaraton.com,https://delconelectricincbocaraton.com,delconelectricincbocaraton.com,info@delconelectric.com,,Boca Raton FL,electrician,gmaps
perfectelectricrepairs.com,https://perfectelectricrepairs.com,perfectelectricrepairs.com,admin@perfectelectricrepairs.com,,Boca Raton FL,electrician,gmaps
tmpelectricllc.com,https://tmpelectricllc.com,tmpelectricllc.com,tmpelectricllc@gmail.com,,Boca Raton FL,electrician,gmaps
margateelectrical.com,https://margateelectrical.com,margateelectrical.com,info@margateelectrical.com,,Boca Raton FL,electrician,gmaps
highvoltageelectric.net,https://highvoltageelectric.net,highvoltageelectric.net,info@highvoltageelectric.net,,Boca Raton FL,electrician,gmaps
fischerelectric.com,https://fischerelectric.com,fischerelectric.com,info@fischerelectric.com,,Boca Raton FL,electrician,gmaps
siriuselectric.net,https://siriuselectric.net,siriuselectric.net,info@siriuselectric.net,,Boca Raton FL,electrician,gmaps
randrelectricinc.com,https://randrelectricinc.com,randrelectricinc.com,info@randrelectricinc.com,,Boca Raton FL,electrician,gmaps
excelelectricalgroup.com,https://excelelectricalgroup.com,excelelectricalgroup.com,mail@excelelectricalgroup.com,,Boca Raton FL,electrician,gmaps
simonelectricllc.com,https://simonelectricllc.com,simonelectricllc.com,office@simonelectricllc.com,,Boca Raton FL,electrician,gmaps
247electrician.us,https://247electrician.us,247electrician.us,info@247electrician.us,,Boca Raton FL,electrician,gmaps
anchormounting.com,https://anchormounting.com,anchormounting.com,contact@tvmountingpros.com,,Boca Raton FL,electrician,gmaps
boca-estate-pro.base44.app,https://boca-estate-pro.base44.app,boca-estate-pro.base44.app,housefix123@gmail.com,,Boca Raton FL,electrician,gmaps
jesselectric.com,https://jesselectric.com,jesselectric.com,jess@jesselectric.com,,Boca Raton FL,electrician,gmaps
aselectric.net,https://aselectric.net,aselectric.net,adams_electric@hotmail.com,,Boca Raton FL,electrician,gmaps
assurancepower.com,https://assurancepower.com,assurancepower.com,sales@assurancepower.com,,Boca Raton FL,electrician,gmaps
powercomllc.com,https://powercomllc.com,powercomllc.com,info@powercomllc.com,,Boca Raton FL,electrician,gmaps
plaelectricinc.com,https://plaelectricinc.com,plaelectricinc.com,plaec2003@gmail.com,,Boca Raton FL,electrician,gmaps
nextphaseelectricalservices.net,https://nextphaseelectricalservices.net,nextphaseelectricalservices.net,nextphaseelectricllc@outlook.com,,Boca Raton FL,electrician,gmaps
handymanmoe.com,https://handymanmoe.com,handymanmoe.com,team@latofonts.com,,Boca Raton FL,electrician,gmaps
preciseelectricalfl.com,https://preciseelectricalfl.com,preciseelectricalfl.com,info@preciseelectricalfl.com,,Boca Raton FL,electrician,gmaps
qualitypower-electric.com,https://qualitypower-electric.com,qualitypower-electric.com,example@mysite.com,,Boca Raton FL,electrician,gmaps
handymanboca.com,https://handymanboca.com,handymanboca.com,impallari@gmail.com,,Boca Raton FL,electrician,gmaps
firstcallelectricfl.com,https://firstcallelectricfl.com,firstcallelectricfl.com,firstcallelectricfl@gmail.com,,Boca Raton FL,electrician,gmaps
topteamelectrical.com,https://topteamelectrical.com,topteamelectrical.com,julio@topteamelectrical.com,,Boynton Beach FL,electrician,gmaps
sfelectric.net,https://sfelectric.net,sfelectric.net,joey@sfelectricllc.com,,Boynton Beach FL,electrician,gmaps
davcoelectric.com,https://davcoelectric.com,davcoelectric.com,info@davcoelectric.com,,Boynton Beach FL,electrician,gmaps
stonyelectricalcontractors.com,https://stonyelectricalcontractors.com,stonyelectricalcontractors.com,info@stonyelectricalcontractors.com,,Boynton Beach FL,electrician,gmaps
extremeelectricalinc.com,https://extremeelectricalinc.com,extremeelectricalinc.com,extremeelctricalinc@yahoo.com,,Boynton Beach FL,electrician,gmaps
sonselectricalsolutions.com,https://sonselectricalsolutions.com,sonselectricalsolutions.com,wweeiihhuuaanngg@gmail.com,,Boynton Beach FL,electrician,gmaps
div16electric.com,https://div16electric.com,div16electric.com,office@div16electric.com,,Boynton Beach FL,electrician,gmaps
gatorelectric.com,https://gatorelectric.com,gatorelectric.com,service@gatorelectric.com,,Boynton Beach FL,electrician,gmaps
jleelectric.com,https://jleelectric.com,jleelectric.com,info@woodbinebanquet.com,,Boynton Beach FL,electrician,gmaps
wesworth.com,https://wesworth.com,wesworth.com,accounts@wesworth.com,,Boynton Beach FL,electrician,gmaps
boyntonbeachelectricgaterepairs.com,https://boyntonbeachelectricgaterepairs.com,boyntonbeachelectricgaterepairs.com,info@boyntonbeachelectricgaterepairs.com,,Boynton Beach FL,electrician,gmaps
brightcoastelectric.com,https://brightcoastelectric.com,brightcoastelectric.com,brightcoastelectrician@gmail.com,,Boynton Beach FL,electrician,gmaps
designec.com,https://designec.com,designec.com,service@designeci.com,,Boynton Beach FL,electrician,gmaps
globalpowerpb.com,https://globalpowerpb.com,globalpowerpb.com,support@globalpowerpb.com,,Boynton Beach FL,electrician,gmaps
wisemindselectric.com,https://wisemindselectric.com,wisemindselectric.com,wisemindselectric@gmail.com,,Boynton Beach FL,electrician,gmaps
powergenerationinc.com,https://powergenerationinc.com,powergenerationinc.com,pgiinfo@powergenerationinc.com,,Boynton Beach FL,electrician,gmaps
swinkelectric.com,https://swinkelectric.com,swinkelectric.com,info@swinkelectric.com,,Boynton Beach FL,electrician,gmaps
waveelectricalllc.com,https://waveelectricalllc.com,waveelectricalllc.com,estimating@waveelc.com,,Boynton Beach FL,electrician,gmaps
evergladeselectrical.com,https://evergladeselectrical.com,evergladeselectrical.com,info@evergladeselectrical.com,,Boynton Beach FL,electrician,gmaps
elliaelectric.com,https://elliaelectric.com,elliaelectric.com,ryan@elliaelectric.com,,Boynton Beach FL,electrician,gmaps
deltaelectricpb.com,https://deltaelectricpb.com,deltaelectricpb.com,delta.electric.wpb@gmail.com,,Boynton Beach FL,electrician,gmaps
kmelectric.com,https://kmelectric.com,kmelectric.com,webshop@kmelectric.com,,Boynton Beach FL,electrician,gmaps
deltacoreelectric.com,https://deltacoreelectric.com,deltacoreelectric.com,info@deltacoreelectric.com,,Boynton Beach FL,electrician,gmaps
baronelectricllc.com,https://baronelectricllc.com,baronelectricllc.com,admin@baronelectricllc.com,,Boynton Beach FL,electrician,gmaps
lightningelectricinc.com,https://lightningelectricinc.com,lightningelectricinc.com,service@lightningelectricinc.com,,Boynton Beach FL,electrician,gmaps
jdelectricals.org,https://jdelectricals.org,jdelectricals.org,jdelectricalsolutions72@gmail.com,,Boynton Beach FL,electrician,gmaps
exclusiveelectricservice.com,https://exclusiveelectricservice.com,exclusiveelectricservice.com,info@exclusiveelectricservice.com,,Boynton Beach FL,electrician,gmaps
voltlinefl.com,https://voltlinefl.com,voltlinefl.com,voltlinefl@gmail.com,,Boynton Beach FL,electrician,gmaps
ecopowerlink.com,https://ecopowerlink.com,ecopowerlink.com,contact@ecopowerlink.com,,Coconut Creek FL,electrician,gmaps
edwinelectricfl.net,https://edwinelectricfl.net,edwinelectricfl.net,info@edwinelectricfl.net,,Coconut Creek FL,electrician,gmaps
wireup-electrical.com,https://wireup-electrical.com,wireup-electrical.com,fabricio@wireup-electrical.com,,Coconut Creek FL,electrician,gmaps
evolutionelectricals.com,https://evolutionelectricals.com,evolutionelectricals.com,office@evolutionelectricals.com,,Coconut Creek FL,electrician,gmaps
elshaddaihomerenovation.com,https://elshaddaihomerenovation.com,elshaddaihomerenovation.com,esh.renovation@gmail.com,,Coconut Creek FL,electrician,gmaps
academyelectricfl.com,https://academyelectricfl.com,academyelectricfl.com,office@academyelectricfl.com,,Coconut Creek FL,electrician,gmaps
connectwithces.square.site,https://connectwithces.square.site,connectwithces.square.site,joeyces@icloud.com,,Coconut Creek FL,electrician,gmaps
vpelectric.net,https://vpelectric.net,vpelectric.net,vpelectricall@icloud.com,,Coconut Creek FL,electrician,gmaps
relectricllc.com,https://relectricllc.com,relectricllc.com,service@rubioselectrician.com,,Coconut Creek FL,electrician,gmaps
kilowatt-electric.com,https://kilowatt-electric.com,kilowatt-electric.com,kec@kilowatt-electric.com,,Coconut Creek FL,electrician,gmaps
cjpowerinc.com,https://cjpowerinc.com,cjpowerinc.com,info@cjpowerinc.com,,Coconut Creek FL,electrician,gmaps
eagleelectricsfl.com,https://eagleelectricsfl.com,eagleelectricsfl.com,brogers@eagleelectricsfl.com,,Coconut Creek FL,electrician,gmaps
calpowerelectrical.com,https://calpowerelectrical.com,calpowerelectrical.com,estimate@calpowerelectrical.com,,Coconut Creek FL,electrician,gmaps
maxvoltelectric.com,https://maxvoltelectric.com,maxvoltelectric.com,info@samysconstructionky.com,,Coconut Creek FL,electrician,gmaps
ohmselectrical.biz,https://ohmselectrical.biz,ohmselectrical.biz,info@ohmselectrical.biz,,Coconut Creek FL,electrician,gmaps
smpelectricllc.com,https://smpelectricllc.com,smpelectricllc.com,erik@smpelectricllc.com,,Coconut Creek FL,electrician,gmaps
voltainventionservices.com,https://voltainventionservices.com,voltainventionservices.com,contact@voltainventionservices.com,,Coconut Creek FL,electrician,gmaps
bestpriceelectrician.com,https://bestpriceelectrician.com,bestpriceelectrician.com,nattayloranthony1@gmail.com,,Coconut Creek FL,electrician,gmaps
langerelectricservices.com,https://langerelectricservices.com,langerelectricservices.com,info@langerelectric.com,,Coconut Creek FL,electrician,gmaps
miamilandscapelighting.com,https://miamilandscapelighting.com,miamilandscapelighting.com,info@miamilandscapelighting.com,,Coconut Grove FL,electrician,gmaps
miamielectricmasters.com,https://miamielectricmasters.com,miamielectricmasters.com,mannycabielles@yahoo.com,,Coconut Grove FL,electrician,gmaps
local349cu.org,https://local349cu.org,local349cu.org,memberservices@local349cu.org,,Coconut Grove FL,electrician,gmaps
gridelectricalsolutions.com,https://gridelectricalsolutions.com,gridelectricalsolutions.com,info@gridelecsolutions.com,,Coconut Grove FL,electrician,gmaps
anru.biz,https://anru.biz,anru.biz,ruben@anru.biz,,Coconut Grove FL,electrician,gmaps
masterselectricalinc.com,https://masterselectricalinc.com,masterselectricalinc.com,info@masterselectricalinc.com,,Cooper City FL,electrician,gmaps
smartelectricalflorida.com,https://smartelectricalflorida.com,smartelectricalflorida.com,team@latofonts.com,,Cooper City FL,electrician,gmaps
mbmelectricinc.com,https://mbmelectricinc.com,mbmelectricinc.com,info@mbmelectricinc.com,,Cooper City FL,electrician,gmaps
frazierelectricalsolutions.com,https://frazierelectricalsolutions.com,frazierelectricalsolutions.com,power@frazierelectricalsolutions.com,,Cooper City FL,electrician,gmaps
allbrite.net,https://allbrite.net,allbrite.net,info@allbrite.net,,Cooper City FL,electrician,gmaps
oceanelectricinc.com,https://oceanelectricinc.com,oceanelectricinc.com,oceanelectricinc@bellsouth.net,,Cooper City FL,electrician,gmaps
arcelectricalcorp.com,https://arcelectricalcorp.com,arcelectricalcorp.com,,,Cooper City FL,electrician,gmaps
pjcelectricllc.com,https://pjcelectricllc.com,pjcelectricllc.com,pjcelectrical.co@gmail.com,,Cooper City FL,electrician,gmaps
vaccatoelectric.com,https://vaccatoelectric.com,vaccatoelectric.com,keith@vaccatoelectric.com,,Cooper City FL,electrician,gmaps
bselectricfl.com,https://bselectricfl.com,bselectricfl.com,services@bselectricfl.com,,Cooper City FL,electrician,gmaps
quantumelectricsolutions.com,https://quantumelectricsolutions.com,quantumelectricsolutions.com,quantumelectricsolutions@gmail.com,,Cooper City FL,electrician,gmaps
ivoltllc.com,https://ivoltllc.com,ivoltllc.com,ivoltfl@gmail.com,,Cooper City FL,electrician,gmaps
taeserv.com,https://taeserv.com,taeserv.com,taes.electrical@gmail.com,,Cooper City FL,electrician,gmaps
scelectricinc.com,https://scelectricinc.com,scelectricinc.com,office@scelectricinc.com,,Cooper City FL,electrician,gmaps
electriciansoncallcorp.com,https://electriciansoncallcorp.com,electriciansoncallcorp.com,electriciansoncallcorp@gmail.com,,Cooper City FL,electrician,gmaps
caribbeanfl.com,https://caribbeanfl.com,caribbeanfl.com,info@caribbeanfl.com,,Cooper City FL,electrician,gmaps
electricianmiamimetro.com,https://electricianmiamimetro.com,electricianmiamimetro.com,asesaccess@gmail.com,,Cooper City FL,electrician,gmaps
united-applaincerepair.com,https://united-applaincerepair.com,united-applaincerepair.com,unitedappliancesrepair@gmail.com,,Cooper City FL,electrician,gmaps
ymelectricc.com,https://ymelectricc.com,ymelectricc.com,ymelectricalcontractor@gmail.com,,Cooper City FL,electrician,gmaps
johnjohnsonelectric.com,https://johnjohnsonelectric.com,johnjohnsonelectric.com,johnjohnsonelectric@yahoo.com,,Cooper City FL,electrician,gmaps
renuceilingsinc.com,https://renuceilingsinc.com,renuceilingsinc.com,renuceilings@gmail.com,,Cooper City FL,electrician,gmaps
mpel.us,https://mpel.us,mpel.us,sales@mpel.us,,Coral Gables FL,electrician,gmaps
oncallelectric.net,https://oncallelectric.net,oncallelectric.net,info@oncallelectric.net,,Coral Gables FL,electrician,gmaps
arpe-eng.com,https://arpe-eng.com,arpe-eng.com,info@arpe-eng.com,,Coral Gables FL,electrician,gmaps
cuetoengineering.com,https://cuetoengineering.com,cuetoengineering.com,,,Coral Gables FL,electrician,gmaps
outsource.net,https://outsource.net,outsource.net,info@outsource.net,,Coral Gables FL,electrician,gmaps
proprecisionelectric.com,https://proprecisionelectric.com,proprecisionelectric.com,dawright1777@gmail.com,,Coral Gables FL,electrician,gmaps
miamibestelectric.com,https://miamibestelectric.com,miamibestelectric.com,yp@miamibestelectric.com,,Coral Gables FL,electrician,gmaps
fivestarappliancerepairpros.com,https://fivestarappliancerepairpros.com,fivestarappliancerepairpros.com,info@fivestarappliancerepairpros.com,,Coral Gables FL,electrician,gmaps
customer1stelectric.com,https://customer1stelectric.com,customer1stelectric.com,customer1stelectric@gmail.com,,Coral Springs FL,electrician,gmaps
nextgenelectricfl.com,https://nextgenelectricfl.com,nextgenelectricfl.com,nextgenelectricpa@gmail.com,,Coral Springs FL,electrician,gmaps
embhomeservices.com,https://embhomeservices.com,embhomeservices.com,,,Coral Springs FL,electrician,gmaps
rgkelectric.com,https://rgkelectric.com,rgkelectric.com,24hour@rgkelectric.com,,Coral Springs FL,electrician,gmaps
renixelectric.com,https://renixelectric.com,renixelectric.com,renixelectric@gmail.com,,Coral Springs FL,electrician,gmaps
powerboltelectric.com,https://powerboltelectric.com,powerboltelectric.com,powerboltelectric@gmail.com,,Coral Springs FL,electrician,gmaps
hattonelectric.com,https://hattonelectric.com,hattonelectric.com,customer-service@hattonelectric.com,,Coral Springs FL,electrician,gmaps
caysonelectric.com,https://caysonelectric.com,caysonelectric.com,info@caysonelectric.com,,Coral Springs FL,electrician,gmaps
aandselectricalsolutions.com,https://aandselectricalsolutions.com,aandselectricalsolutions.com,as.electricalsolutions22@gmail.com,,Coral Springs FL,electrician,gmaps
armelectricalllc.com,https://armelectricalllc.com,armelectricalllc.com,amatovich@armelectricalllc.com,,Coral Springs FL,electrician,gmaps
wiredright-electrical.com,https://wiredright-electrical.com,wiredright-electrical.com,wiredrightelectricalsofl@gmail.com,,Coral Springs FL,electrician,gmaps
tnselectricinc.com,https://tnselectricinc.com,tnselectricinc.com,tnselectricinc@gmail.com,,Coral Springs FL,electrician,gmaps
amfelectricinc.com,https://amfelectricinc.com,amfelectricinc.com,info@amfelectricinc.com,,Coral Springs FL,electrician,gmaps
alcorelectric.com,https://alcorelectric.com,alcorelectric.com,wdiaz@alcorelectric.com,,Coral Springs FL,electrician,gmaps
shalomelectrical.com,https://shalomelectrical.com,shalomelectrical.com,info@shalomelectrical.com,,Coral Springs FL,electrician,gmaps
floridaskyelectric.com,https://floridaskyelectric.com,floridaskyelectric.com,floridaskyelectric@yahoo.com,,Coral Springs FL,electrician,gmaps
miamipowercompany.com,https://miamipowercompany.com,miamipowercompany.com,hello@miamipowercompany.com,,Coral Springs FL,electrician,gmaps
afcs-co.com,https://afcs-co.com,afcs-co.com,info@afcs-co.com,,Coral Springs FL,electrician,gmaps
jcadvancedelectric.com,https://jcadvancedelectric.com,jcadvancedelectric.com,jcadvancedelectric@gmail.com,,Coral Terrace FL,electrician,gmaps
deselectricalllc.com,https://deselectricalllc.com,deselectricalllc.com,info@deselectricalllc.com,,Coral Terrace FL,electrician,gmaps
gandtelectric.com,https://gandtelectric.com,gandtelectric.com,gerald@gandtelectric.com,,Coral Terrace FL,electrician,gmaps
sunshineelectric247.com,https://sunshineelectric247.com,sunshineelectric247.com,sunshine247electric@gmail.com,,Coral Terrace FL,electrician,gmaps
wnelectrical.com,https://wnelectrical.com,wnelectrical.com,info@wnelectrical.com,,Coral Terrace FL,electrician,gmaps
omar-electric.com,https://omar-electric.com,omar-electric.com,info@omar-electric.com,,Coral Terrace FL,electrician,gmaps
lediarelectric.com,https://lediarelectric.com,lediarelectric.com,info@plumbing247nyc.com,,Coral Terrace FL,electrician,gmaps
aamptechlighting.com,https://aamptechlighting.com,aamptechlighting.com,aamptechmiami@gmail.com,,Coral Terrace FL,electrician,gmaps
esucorp.com,https://esucorp.com,esucorp.com,info@esucorp.com,,Coral Terrace FL,electrician,gmaps
unlimitedelectricalsolutions.com,https://unlimitedelectricalsolutions.com,unlimitedelectricalsolutions.com,info@unlimitedelectricalsolutions.com,,Country Club FL,electrician,gmaps
eelectricsf.com,https://eelectricsf.com,eelectricsf.com,anibal@eelectricllc.com,,Country Club FL,electrician,gmaps
alexelectric.net,https://alexelectric.net,alexelectric.net,services@alexelectric.net,,Country Club FL,electrician,gmaps
electricalandfiresolutions.com,https://electricalandfiresolutions.com,electricalandfiresolutions.com,lcabrera@electricalandfiresolutions.com,,Country Club FL,electrician,gmaps
electrician305.com,https://electrician305.com,electrician305.com,fcl@fclelectric.com,,Country Club FL,electrician,gmaps
oceancoastelectrical.com,https://oceancoastelectrical.com,oceancoastelectrical.com,gperez@oceancoastelectrical.com,,Country Club FL,electrician,gmaps
cansecoelectric.com,https://cansecoelectric.com,cansecoelectric.com,ramonjr@cansecoelectric.com,,Country Club FL,electrician,gmaps
peecelectrical.com,https://peecelectrical.com,peecelectrical.com,lazaro@peecelectrical.com,,Country Club FL,electrician,gmaps
vastservices.net,https://vastservices.net,vastservices.net,admin@vastelectric.com,,Country Club FL,electrician,gmaps
globalelectriccontractor.com,https://globalelectriccontractor.com,globalelectriccontractor.com,info@globalelectriccontractor.com,,Country Club FL,electrician,gmaps
bensonelectricmiami.net,https://bensonelectricmiami.net,bensonelectricmiami.net,bensonelec@gmail.com,,Country Club FL,electrician,gmaps
theultimateelectrician.com,https://theultimateelectrician.com,theultimateelectrician.com,daniel@theultimateelectricalcontractor.com,,Country Club FL,electrician,gmaps
kilbyelectric.com,https://kilbyelectric.com,kilbyelectric.com,info@kilbyelectric.com,,Country Club FL,electrician,gmaps
ruizelectricfl.com,https://ruizelectricfl.com,ruizelectricfl.com,info@ruizelectricfl.com,,Country Club FL,electrician,gmaps
completepowersystems.net,https://completepowersystems.net,completepowersystems.net,tiffany@completepowersystems.net,,Country Club FL,electrician,gmaps
citylineelectric.com,https://citylineelectric.com,citylineelectric.com,julio@citylineelectric.com,,Cutler Bay FL,electrician,gmaps
charlitinelectric.com,https://charlitinelectric.com,charlitinelectric.com,charlitinelectric@gmail.com,,Cutler Bay FL,electrician,gmaps
greensourceelectrical.com,https://greensourceelectrical.com,greensourceelectrical.com,ariel.ramon@greensourceelectrical.com,,Cutler Bay FL,electrician,gmaps
unielectricalcorp.com,https://unielectricalcorp.com,unielectricalcorp.com,info@unielectricalcorp.com,,Cutler Bay FL,electrician,gmaps
superiorelectricalsupply.com,https://superiorelectricalsupply.com,superiorelectricalsupply.com,shop@superiorelectricalsupply.com,,Cutler Bay FL,electrician,gmaps
mikescustom.com,https://mikescustom.com,mikescustom.com,info@mikecustom.com,,Cutler Bay FL,electrician,gmaps
yeselectricalsolutions.com,https://yeselectricalsolutions.com,yeselectricalsolutions.com,information@office.com,,Cutler Bay FL,electrician,gmaps
vcsolutionandservices.com,https://vcsolutionandservices.com,vcsolutionandservices.com,vcsolutionllc4@gmail.com,,Cutler Bay FL,electrician,gmaps
lesmiami.com,https://lesmiami.com,lesmiami.com,info@lesmiami.com,,Cutler Bay FL,electrician,gmaps
miamielectricpros.com,https://miamielectricpros.com,miamielectricpros.com,miamielectricpro@gmail.com,,Cutler Bay FL,electrician,gmaps
marinaelectricinc.lovable.app,https://marinaelectricinc.lovable.app,marinaelectricinc.lovable.app,info@marinaelectricinc.com,,Cutler Bay FL,electrician,gmaps
modesteelectricinc.com,https://modesteelectricinc.com,modesteelectricinc.com,office@modesteelectric.com,,Cutler Bay FL,electrician,gmaps
flowtronelectric.com,https://flowtronelectric.com,flowtronelectric.com,info@flowtronelectric.com,,Dania Beach FL,electrician,gmaps
supremeelectricalsupply.com,https://supremeelectricalsupply.com,supremeelectricalsupply.com,astigma@astigmatic.com,,Dania Beach FL,electrician,gmaps
royuelectric.com,https://royuelectric.com,royuelectric.com,roandyuelectriccompany@gmail.com,,Dania Beach FL,electrician,gmaps
fortlauderdaleelectricians.net,https://fortlauderdaleelectricians.net,fortlauderdaleelectricians.net,ftlelectricianexperts@gmail.com,,Dania Beach FL,electrician,gmaps
moodyelectric.com,https://moodyelectric.com,moodyelectric.com,pmmoody@aol.com,,Dania Beach FL,electrician,gmaps
aurora-ss.com,https://aurora-ss.com,aurora-ss.com,aurora.intake@gmail.com,,Dania Beach FL,electrician,gmaps
bishopmarine.com,https://bishopmarine.com,bishopmarine.com,greg@bishopmarine.com,,Dania Beach FL,electrician,gmaps
tessllc.us,https://tessllc.us,tessllc.us,fred.sorensen@tesselec.com,,Dania Beach FL,electrician,gmaps
wave-electronics.com,https://wave-electronics.com,wave-electronics.com,hello@waveinc.net,,Dania Beach FL,electrician,gmaps
wireyouwaitingelectrical.com,https://wireyouwaitingelectrical.com,wireyouwaitingelectrical.com,wireyouw@gmail.com,,Dania Beach FL,electrician,gmaps
bluebhomeservices.com,https://bluebhomeservices.com,bluebhomeservices.com,info@bluebhomeservices.com,,Dania Beach FL,electrician,gmaps
empowergenerators.com,https://empowergenerators.com,empowergenerators.com,service@empowergenerators.com,,Dania Beach FL,electrician,gmaps
mazocean.com,https://mazocean.com,mazocean.com,service@mazocean.com,,Dania Beach FL,electrician,gmaps
intecelectricfl.com,https://intecelectricfl.com,intecelectricfl.com,marcus@intecelectricfl.com,,Dania Beach FL,electrician,gmaps
biverrepair.com,https://biverrepair.com,biverrepair.com,biverrepair@gmail.com,,Dania Beach FL,electrician,gmaps
salvinoinc.com,https://salvinoinc.com,salvinoinc.com,msalvino@salvinoinc.com,,Dania Beach FL,electrician,gmaps
simplywiredfl.com,https://simplywiredfl.com,simplywiredfl.com,cs@simplywiredfl.com,,Dania Beach FL,electrician,gmaps
crsappliance.com,https://crsappliance.com,crsappliance.com,info@crsappliance.com,,Dania Beach FL,electrician,gmaps
primeappliancerepairdania.site,https://primeappliancerepairdania.site,primeappliancerepairdania.site,info@primeappliancerepairdania.site,,Dania Beach FL,electrician,gmaps
br.bluepillow.com,https://br.bluepillow.com,br.bluepillow.com,rzajac@gmail.com,,Dania Beach FL,electrician,gmaps
tcelectric.com,https://tcelectric.com,tcelectric.com,info@tcelectric.com,,Davie FL,electrician,gmaps
southcoastelectric.org,https://southcoastelectric.org,southcoastelectric.org,hello@dream-theme.com,,Davie FL,electrician,gmaps
fortlauderdalelocalelectricians.com,https://fortlauderdalelocalelectricians.com,fortlauderdalelocalelectricians.com,mydotelectric@gmail.com,,Davie FL,electrician,gmaps
proelectricalsolutions.com,https://proelectricalsolutions.com,proelectricalsolutions.com,info@proelectricalsolutions.com,,Davie FL,electrician,gmaps
jordanhighvoltage.com,https://jordanhighvoltage.com,jordanhighvoltage.com,corp@jordanhighvoltage.com,,Davie FL,electrician,gmaps
commercialpowersystems.net,https://commercialpowersystems.net,commercialpowersystems.net,cpshutch@gmail.com,,Davie FL,electrician,gmaps
goenergen.com,https://goenergen.com,goenergen.com,sales@goenergen.com,,Deerfield Beach FL,electrician,gmaps
electricalmarketplace.com,https://electricalmarketplace.com,electricalmarketplace.com,sales@electricalmp.com,,Deerfield Beach FL,electrician,gmaps
rgb-electricals.com,https://rgb-electricals.com,rgb-electricals.com,service@rgb-electricals.com,,Deerfield Beach FL,electrician,gmaps
chargedupelectric.com,https://chargedupelectric.com,chargedupelectric.com,ev@chargedupelectric.com,,Deerfield Beach FL,electrician,gmaps
rosembergelectricalservices.com,https://rosembergelectricalservices.com,rosembergelectricalservices.com,office@rosemberelectricalservices.com,,Deerfield Beach FL,electrician,gmaps
atielectrical.com,https://atielectrical.com,atielectrical.com,,,Deerfield Beach FL,electrician,gmaps
yesclient.com,https://yesclient.com,yesclient.com,info@yesclient.com,,Deerfield Beach FL,electrician,gmaps
alphagoldenelectrical.com,https://alphagoldenelectrical.com,alphagoldenelectrical.com,contact@alphagoldenelectrical.com,,Deerfield Beach FL,electrician,gmaps
bellbrotherselectric.com,https://bellbrotherselectric.com,bellbrotherselectric.com,info@bellbrotherselectric.com,,Deerfield Beach FL,electrician,gmaps
bostonelectric.biz,https://bostonelectric.biz,bostonelectric.biz,john@bostonelectric.biz,,Deerfield Beach FL,electrician,gmaps
superiorelectricandairpb.com,https://superiorelectricandairpb.com,superiorelectricandairpb.com,superiorelectricandair@gmail.com,,Delray Beach FL,electrician,gmaps
contardoelectric.com,https://contardoelectric.com,contardoelectric.com,impallari@gmail.com,,Delray Beach FL,electrician,gmaps
andersonpowerservices.com,https://andersonpowerservices.com,andersonpowerservices.com,sales@andersonpowerservices.com,,Delray Beach FL,electrician,gmaps
flbreaker.com,https://flbreaker.com,flbreaker.com,sales@flbreaker.com,,Delray Beach FL,electrician,gmaps
simplyonpoint.com,https://simplyonpoint.com,simplyonpoint.com,info@simplyonpoint.com,,Delray Beach FL,electrician,gmaps
sljelectric.com,https://sljelectric.com,sljelectric.com,sljelectric2005@gmail.com,,Delray Beach FL,electrician,gmaps
vernonelectriccorp.com,https://vernonelectriccorp.com,vernonelectriccorp.com,heather.kimbrell@vernonelectriccorp.com,,Delray Beach FL,electrician,gmaps
qualitylightingfl.com,https://qualitylightingfl.com,qualitylightingfl.com,lamps101@gmail.com,,Delray Beach FL,electrician,gmaps
shutterservices.com,https://shutterservices.com,shutterservices.com,mflanzbaum@shutterservices.com,,Delray Beach FL,electrician,gmaps
maloneelectricalsolutions.com,https://maloneelectricalsolutions.com,maloneelectricalsolutions.com,info@maloneelectricalsolutions.com,,Delray Beach FL,electrician,gmaps
wilcollc.com,https://wilcollc.com,wilcollc.com,945-2655info@wilcollc.comour,,Delray Beach FL,electrician,gmaps
kjelectricalcontracting.com,https://kjelectricalcontracting.com,kjelectricalcontracting.com,kjelect@live.ca,,Delray Beach FL,electrician,gmaps
beaconvolt.com,https://beaconvolt.com,beaconvolt.com,management@beaconvolt.com,,Doral FL,electrician,gmaps
bryantelectricfl.net,https://bryantelectricfl.net,bryantelectricfl.net,estimating@bryantelectricfl.net,,Doral FL,electrician,gmaps
cusielectrical.com,https://cusielectrical.com,cusielectrical.com,jesus@cusielectrical.com,,Doral FL,electrician,gmaps
solareselectrical.com,https://solareselectrical.com,solareselectrical.com,info@solareselectrical.com,,Doral FL,electrician,gmaps
addsolarelectrical.com,https://addsolarelectrical.com,addsolarelectrical.com,sales@addsolarelectrical.com,,Doral FL,electrician,gmaps
ampstrong.com,https://ampstrong.com,ampstrong.com,info@rewsmiami.com,,Doral FL,electrician,gmaps
castellonservices.com,https://castellonservices.com,castellonservices.com,thebrightcyclops10@gmail.com,,Doral FL,electrician,gmaps
pealdevelopment.com,https://pealdevelopment.com,pealdevelopment.com,support@pealdevelopment.com,,Doral FL,electrician,gmaps
aedevelopmentplus.com,https://aedevelopmentplus.com,aedevelopmentplus.com,info@aedevelomentplus.com,,Doral FL,electrician,gmaps
royalelectricalsupply.com,https://royalelectricalsupply.com,royalelectricalsupply.com,sales@royalelectricalsupply.com,,Doral FL,electrician,gmaps
mavhi.com,https://mavhi.com,mavhi.com,info@mavhi.com,,Doral FL,electrician,gmaps
solardynamics.energy,https://solardynamics.energy,solardynamics.energy,contact@mysite.com,,Doral FL,electrician,gmaps
bortzelectric.com,https://bortzelectric.com,bortzelectric.com,bortzelectric@yahoo.com,,Doral FL,electrician,gmaps
360electricalservices.com,https://360electricalservices.com,360electricalservices.com,info@360electricalservices.com,,Doral FL,electrician,gmaps
antareselectrical.com,https://antareselectrical.com,antareselectrical.com,sales@antareselectrical.com,,Doral FL,electrician,gmaps
atlaselectricalperformance.com,https://atlaselectricalperformance.com,atlaselectricalperformance.com,yefryh571@gmail.com,,El Portal FL,electrician,gmaps
jpower.us,https://jpower.us,jpower.us,jpowerelc@gmail.com,,El Portal FL,electrician,gmaps
moralesrepairs.com,https://moralesrepairs.com,moralesrepairs.com,jpserviceusa@gmail.com,,El Portal FL,electrician,gmaps
theelectricsquad.com,https://theelectricsquad.com,theelectricsquad.com,electricsquad24@gmail.com,,Florida City FL,electrician,gmaps
floridastarbrightelectrical.com,https://floridastarbrightelectrical.com,floridastarbrightelectrical.com,info@floridastarbrightelectrical.com,,Florida City FL,electrician,gmaps
megaelectricservice.com,https://megaelectricservice.com,megaelectricservice.com,info@megaelectricservice.com,,Florida City FL,electrician,gmaps
marvelouselectric.com,https://marvelouselectric.com,marvelouselectric.com,info@marvelouselectric.com,,Fontainebleau FL,electrician,gmaps
lightwaveelectric.com,https://lightwaveelectric.com,lightwaveelectric.com,wweeiihhuuaanngg@gmail.com,,Fontainebleau FL,electrician,gmaps
kilowattselectric.com,https://kilowattselectric.com,kilowattselectric.com,kilowatts@kilowattselectric.com,,Fontainebleau FL,electrician,gmaps
mjkelectric.net,https://mjkelectric.net,mjkelectric.net,mjkelectric@yahoo.com,,Fort Lauderdale FL,electrician,gmaps
mgelectricals.com,https://mgelectricals.com,mgelectricals.com,info@mgelectricals.com,,Fort Lauderdale FL,electrician,gmaps
lightteamservices.com,https://lightteamservices.com,lightteamservices.com,service@lightteams.com,,Fort Lauderdale FL,electrician,gmaps
premierelectricalservs.com,https://premierelectricalservs.com,premierelectricalservs.com,info@premierelectricalservs.com,,Fort Lauderdale FL,electrician,gmaps
maxwellelectric.net,https://maxwellelectric.net,maxwellelectric.net,info@maxwellelectric.net,,Fort Lauderdale FL,electrician,gmaps
sselectric.com,https://sselectric.com,sselectric.com,bgehr@sselectric.com,,Fort Lauderdale FL,electrician,gmaps
klinebrotherselectric.com,https://klinebrotherselectric.com,klinebrotherselectric.com,kbrotherselec@comcast.net,,Fort Lauderdale FL,electrician,gmaps
solelectricfla.com,https://solelectricfla.com,solelectricfla.com,walter@solelectricfla.com,,Fort Lauderdale FL,electrician,gmaps
marineyachtelectric.com,https://marineyachtelectric.com,marineyachtelectric.com,marineyachtelectric@gmail.com,,Fort Lauderdale FL,electrician,gmaps
royalmarineprojects.com,https://royalmarineprojects.com,royalmarineprojects.com,juan.barcenas@royalmarineprojects.com,,Fort Lauderdale FL,electrician,gmaps
breakerscontrols.com,https://breakerscontrols.com,breakerscontrols.com,eddie@breakerscontrols.com,,Fort Lauderdale FL,electrician,gmaps
electryfy.com,https://electryfy.com,electryfy.com,info@electryfy.com,,Fort Lauderdale FL,electrician,gmaps
grandmasterselectric.com,https://grandmasterselectric.com,grandmasterselectric.com,grandmasterselectric@gmail.com,,Fort Lauderdale FL,electrician,gmaps
deltatechelectric.com,https://deltatechelectric.com,deltatechelectric.com,info@deltatechelectric.com,,Golden Beach FL,electrician,gmaps
goldenelectricsvcs.com,https://goldenelectricsvcs.com,goldenelectricsvcs.com,info@goldenelectricsvcs.com,,Golden Beach FL,electrician,gmaps
ed-td.com,https://ed-td.com,ed-td.com,sales.team@ed-td.com,,Golden Beach FL,electrician,gmaps
amielectric.net,https://amielectric.net,amielectric.net,amielectricinc@gmail.com,,Greenacres FL,electrician,gmaps
gold-electric.com,https://gold-electric.com,gold-electric.com,info@gold-electric.com,,Greenacres FL,electrician,gmaps
myadvancedelectrical.com,https://myadvancedelectrical.com,myadvancedelectrical.com,myadvancedelectrical@gmail.com,,Greenacres FL,electrician,gmaps
1stcesolutions.com,https://1stcesolutions.com,1stcesolutions.com,example@mysite.com,,Greenacres FL,electrician,gmaps
lighthouseenergyco.com,https://lighthouseenergyco.com,lighthouseenergyco.com,bruce@lighthouseenergyco.com,,Greenacres FL,electrician,gmaps
pattersonelectricalcontracting.com,https://pattersonelectricalcontracting.com,pattersonelectricalcontracting.com,john@pattersonelectricalcontracting.com,,Greenacres FL,electrician,gmaps
esencialenergy.com,https://esencialenergy.com,esencialenergy.com,contact@sansoxygen.com,,Greenacres FL,electrician,gmaps
floridatradespeople.com,https://floridatradespeople.com,floridatradespeople.com,fltradespeople@gmail.com,,Greenacres FL,electrician,gmaps
impactelectricalservices.com,https://impactelectricalservices.com,impactelectricalservices.com,info@impactelectricalservices.com,,Greenacres FL,electrician,gmaps
ptmelectric.com,https://ptmelectric.com,ptmelectric.com,paul@ptmelectric.com,,Greenacres FL,electrician,gmaps
sunshineelectricfl.com,https://sunshineelectricfl.com,sunshineelectricfl.com,yura@energysolutionshi.com,,Greenacres FL,electrician,gmaps
revocoelectricity.com,https://revocoelectricity.com,revocoelectricity.com,info@revocoelectricity.com,,Greenacres FL,electrician,gmaps
ondemandelectricalservice.com,https://ondemandelectricalservice.com,ondemandelectricalservice.com,info@ondemandelectricalservice.com,,Greenacres FL,electrician,gmaps
winguayelectric.com,https://winguayelectric.com,winguayelectric.com,niko@winguayelectric.com,,Greenacres FL,electrician,gmaps
mannyselectricservices.com,https://mannyselectricservices.com,mannyselectricservices.com,info@mannyselectricservices.com,,Greenacres FL,electrician,gmaps
sezerquera.com,https://sezerquera.com,sezerquera.com,sebastian@aldusleaf.org,,Greenacres FL,electrician,gmaps
lbeflorida.com,https://lbeflorida.com,lbeflorida.com,info@lbeflorida.com,,Greenacres FL,electrician,gmaps
agfelectric.com,https://agfelectric.com,agfelectric.com,ampgroupfla@gmail.com,,Greenacres FL,electrician,gmaps
apelectronics.net,https://apelectronics.net,apelectronics.net,apelectronics561@gmail.com,,Greenacres FL,electrician,gmaps
fixologyhandyman.com,https://fixologyhandyman.com,fixologyhandyman.com,example@mysite.com,,Greenacres FL,electrician,gmaps
bellaggio-wallpapering.online,https://bellaggio-wallpapering.online,bellaggio-wallpapering.online,mitchell@bellaggio-wallpapering.online,,Greenacres FL,electrician,gmaps
1000voltselectric.com,https://1000voltselectric.com,1000voltselectric.com,micah@micahrich.com,,Hallandale Beach FL,electrician,gmaps
iknowpc.com,https://iknowpc.com,iknowpc.com,info@iknowpc.com,,Hallandale Beach FL,electrician,gmaps
newromefl.com,https://newromefl.com,newromefl.com,info@newromefl.com,,Hallandale Beach FL,electrician,gmaps
hotwire-electric.com,https://hotwire-electric.com,hotwire-electric.com,info@hotwire-electric.com,,Hallandale Beach FL,electrician,gmaps
taniawiringdevices.com,https://taniawiringdevices.com,taniawiringdevices.com,sales@taniawiringdevices.com,,Hallandale Beach FL,electrician,gmaps
ah-constructiongroupinc.com,https://ah-constructiongroupinc.com,ah-constructiongroupinc.com,info@ah-constructiongroupinc.com,,Hallandale Beach FL,electrician,gmaps
solidpowerfl.com,https://solidpowerfl.com,solidpowerfl.com,office@solidpowerfl.com,,Hialeah FL,electrician,gmaps
multielectric.com,https://multielectric.com,multielectric.com,sales@multielectric.com,,Hialeah FL,electrician,gmaps
dragonelectric.framer.website,https://dragonelectric.framer.website,dragonelectric.framer.website,oruiz@dragonelectric-s.com,,Hialeah FL,electrician,gmaps
manhattan-elec.com,https://manhattan-elec.com,manhattan-elec.com,lissy@manhattan-elec.com,,Hialeah FL,electrician,gmaps
jjagelectric.com,https://jjagelectric.com,jjagelectric.com,jjagelectrical@gmail.com,,Hialeah FL,electrician,gmaps
adelectricalservicesinc.com,https://adelectricalservicesinc.com,adelectricalservicesinc.com,adelectricalservicesinc@gmail.com,,Hialeah FL,electrician,gmaps
miamielectricalsigns.com,https://miamielectricalsigns.com,miamielectricalsigns.com,miamielectricalsigns@gmail.com,,Hialeah FL,electrician,gmaps
boostpowerinc.com,https://boostpowerinc.com,boostpowerinc.com,info@boostpowerinc.com,,Hialeah FL,electrician,gmaps
goldenfireprotection.com,https://goldenfireprotection.com,goldenfireprotection.com,gfireprot@gmail.com,,Hialeah FL,electrician,gmaps
hialeahmeter.com,https://hialeahmeter.com,hialeahmeter.com,sales@hialeahmeter.com,,Hialeah FL,electrician,gmaps
smartelectricdesign.com,https://smartelectricdesign.com,smartelectricdesign.com,info@smartelectricdesign.com,,Hialeah Gardens FL,electrician,gmaps
electricalsuppliesinc.com,https://electricalsuppliesinc.com,electricalsuppliesinc.com,jane.downy@company.com,,Hialeah Gardens FL,electrician,gmaps
internationalestimating.com,https://internationalestimating.com,internationalestimating.com,alex@internationalestimating.com,,Hialeah Gardens FL,electrician,gmaps
paneltronics.com,https://paneltronics.com,paneltronics.com,info@paneltronics.com,,Hialeah Gardens FL,electrician,gmaps
instantpowerelectrical.com,https://instantpowerelectrical.com,instantpowerelectrical.com,info.services@myipec.com,,Hialeah Gardens FL,electrician,gmaps
elitepowerinc.net,https://elitepowerinc.net,elitepowerinc.net,elitepowerinc@outlook.com,,Hialeah Gardens FL,electrician,gmaps
rm-electrical.com,https://rm-electrical.com,rm-electrical.com,houston@rm-electrical.com,,Hialeah Gardens FL,electrician,gmaps
smarttechcarpentry.com,https://smarttechcarpentry.com,smarttechcarpentry.com,thgh1978@gmail.com,,Hialeah Gardens FL,electrician,gmaps
surgecelectric.com,https://surgecelectric.com,surgecelectric.com,surge.power3000@gmail.com,,Hillsboro Beach FL,electrician,gmaps
kerrelectrictech.com,https://kerrelectrictech.com,kerrelectrictech.com,admin@kerrelectrictech.com,,Hillsboro Beach FL,electrician,gmaps
sunbeltelectric.com,https://sunbeltelectric.com,sunbeltelectric.com,support@sunbeltelectric.com,,Hillsboro Beach FL,electrician,gmaps
brightologylighting.com,https://brightologylighting.com,brightologylighting.com,info@brightologylighting.com,,Hillsboro Beach FL,electrician,gmaps
buenotechllc.com,https://buenotechllc.com,buenotechllc.com,matt@pixelspread.com,,Hillsboro Beach FL,electrician,gmaps
exclusiveelectricitysouthflorida.com,https://exclusiveelectricitysouthflorida.com,exclusiveelectricitysouthflorida.com,info@exclusiveelectricitymiami.com,,Hollywood FL,electrician,gmaps
bobscottlighting.com,https://bobscottlighting.com,bobscottlighting.com,bobscottlighting@gmail.com,,Hollywood FL,electrician,gmaps
padronelectricinc.com,https://padronelectricinc.com,padronelectricinc.com,roi@padronelectricinc.com,,Hollywood FL,electrician,gmaps
rogerstarservicesllc.com,https://rogerstarservicesllc.com,rogerstarservicesllc.com,rogeryendry@gmail.com,,Hollywood FL,electrician,gmaps
psw-corp.com,https://psw-corp.com,psw-corp.com,estimator@psw-corp.com,,Hollywood FL,electrician,gmaps
jemselectric.com,https://jemselectric.com,jemselectric.com,joaquinjr@jemselectric.com,,Hollywood FL,electrician,gmaps
lewiselec.com,https://lewiselec.com,lewiselec.com,info@lewiselec.com,,Homestead FL,electrician,gmaps
honshyelectric.com,https://honshyelectric.com,honshyelectric.com,szambrano@honshyelectric.com,,Homestead FL,electrician,gmaps
lawton-electric.com,https://lawton-electric.com,lawton-electric.com,info@lawton-electric.com,,Homestead FL,electrician,gmaps
cedhomestead.com,https://cedhomestead.com,cedhomestead.com,sales@cedhomestead.com,,Homestead FL,electrician,gmaps
rcmillareselectrical.com,https://rcmillareselectrical.com,rcmillareselectrical.com,,,Homestead FL,electrician,gmaps
mayerelectric.com,https://mayerelectric.com,mayerelectric.com,jane.downy@company.com,,Homestead FL,electrician,gmaps
lightspeed-electric.com,https://lightspeed-electric.com,lightspeed-electric.com,info@indiantypefoundry.com,,Homestead FL,electrician,gmaps
clarkeec.com,https://clarkeec.com,clarkeec.com,jonpinhorn.typedesign@gmail.com,,Homestead FL,electrician,gmaps
floridaelectrician.com,https://floridaelectrician.com,floridaelectrician.com,jupiter@floridaelectrician.com,,Jupiter FL,electrician,gmaps
rajelectric.com,https://rajelectric.com,rajelectric.com,rjelectric@gmail.com,,Jupiter FL,electrician,gmaps
elineelectrical.com,https://elineelectrical.com,elineelectrical.com,sales@elineelectrical.com,,Jupiter FL,electrician,gmaps
electricalsolutionsgroup.net,https://electricalsolutionsgroup.net,electricalsolutionsgroup.net,info@electricalsolutionsgroup.net,,Jupiter FL,electrician,gmaps
lhelectricfl.com,https://lhelectricfl.com,lhelectricfl.com,micah@micahrich.com,,Jupiter FL,electrician,gmaps
sensielectricllc.com,https://sensielectricllc.com,sensielectricllc.com,sensielectricllc@gmail.com,,Jupiter FL,electrician,gmaps
billgilbertelectric.com,https://billgilbertelectric.com,billgilbertelectric.com,contact@services.com,,Jupiter FL,electrician,gmaps
junoelectrician.com,https://junoelectrician.com,junoelectrician.com,wweeiihhuuaanngg@gmail.com,,Jupiter FL,electrician,gmaps
apexelectricalpalmbeach.com,https://apexelectricalpalmbeach.com,apexelectricalpalmbeach.com,apexelectrical.ss@gmail.com,,Jupiter FL,electrician,gmaps
secfla.com,https://secfla.com,secfla.com,prague@info.com,,Jupiter FL,electrician,gmaps
definitiveelectronics.com,https://definitiveelectronics.com,definitiveelectronics.com,info@definitiveelectronics.com,,Jupiter FL,electrician,gmaps
brightenergysolutionsllc.com,https://brightenergysolutionsllc.com,brightenergysolutionsllc.com,brightenergysolutionsllc@gmail.com,,Jupiter FL,electrician,gmaps
egretelectronics.com,https://egretelectronics.com,egretelectronics.com,sales@egretelectronics.com,,Jupiter FL,electrician,gmaps
frazierelectric.org,https://frazierelectric.org,frazierelectric.org,jfrazierelectric@gmail.com,,Jupiter FL,electrician,gmaps
lovelandelec.com,https://lovelandelec.com,lovelandelec.com,leiservice@lovelandelec.com,,Jupiter FL,electrician,gmaps
tanklesshotwater.com,https://tanklesshotwater.com,tanklesshotwater.com,kvarphil@gmail.com,,Jupiter FL,electrician,gmaps
snowden-electric.com,https://snowden-electric.com,snowden-electric.com,snowdenelectricinc@gmail.com,,Jupiter FL,electrician,gmaps
brightideasled.net,https://brightideasled.net,brightideasled.net,stuart@brightideasled.net,,Jupiter FL,electrician,gmaps
shawelectricalgroup.com,https://shawelectricalgroup.com,shawelectricalgroup.com,eben@eyebytes.com,,Jupiter FL,electrician,gmaps
lskelectrical.com,https://lskelectrical.com,lskelectrical.com,lskelectrical@gmail.com,,Jupiter FL,electrician,gmaps
pendlelectric.com,https://pendlelectric.com,pendlelectric.com,info@pendlelectric.com,,Jupiter FL,electrician,gmaps
everythingcountselectric.godaddysites.com,https://everythingcountselectric.godaddysites.com,everythingcountselectric.godaddysites.com,anthony@ecelectric.services,,Jupiter FL,electrician,gmaps
rhrpools.com,https://rhrpools.com,rhrpools.com,rhrpools.sales@gmail.com,,Jupiter FL,electrician,gmaps
haloelectricalcontractor.com,https://haloelectricalcontractor.com,haloelectricalcontractor.com,atanquero@haloelectricalcontractor.com,,Kendall FL,electrician,gmaps
diongenerators.com,https://diongenerators.com,diongenerators.com,mike@diongenerators.com,,Kendall FL,electrician,gmaps
elite-ec.us,https://elite-ec.us,elite-ec.us,info@indiantypefoundry.com,,Kendall FL,electrician,gmaps
floridapowerhouse.com,https://floridapowerhouse.com,floridapowerhouse.com,permits@floridapowerhouse.com,,Kendall FL,electrician,gmaps
powerbypurkis.com,https://powerbypurkis.com,powerbypurkis.com,michael.purkis@aol.com,,Kendall FL,electrician,gmaps
wirewayselectric.com,https://wirewayselectric.com,wirewayselectric.com,wirewayselectricfl@gmail.com,,Kendall FL,electrician,gmaps
barrioselectricllc.com,https://barrioselectricllc.com,barrioselectricllc.com,info@barrioselectricllc.com,,Key Biscayne FL,electrician,gmaps
sparkly-energy-power.bubbly-sage-3042.chatgpt.site,https://sparkly-energy-power.bubbly-sage-3042.chatgpt.site,sparkly-energy-power.bubbly-sage-3042.chatgpt.site,luis.rivera@sparklyenergypowers.org,,Key Biscayne FL,electrician,gmaps
ochoaelectricservices.com,https://ochoaelectricservices.com,ochoaelectricservices.com,maria@ochoaelectricservices.com,,Lake Park FL,electrician,gmaps
americanlightingusa.com,https://americanlightingusa.com,americanlightingusa.com,info@americanlightingusa.com,,Lake Park FL,electrician,gmaps
grizzlyelectric.com,https://grizzlyelectric.com,grizzlyelectric.com,info@grizzlyelectric.com,,Lake Park FL,electrician,gmaps
freshwaterelectric.com,https://freshwaterelectric.com,freshwaterelectric.com,office@freshwaterelectric.com,,Lake Park FL,electrician,gmaps
guthartelectric.com,https://guthartelectric.com,guthartelectric.com,contact@guthartelectric.com,,Lake Park FL,electrician,gmaps
jpvoltelectric.com,https://jpvoltelectric.com,jpvoltelectric.com,jpvoltelectric@gmail.com,,Lake Park FL,electrician,gmaps
eccentricenergy561.com,https://eccentricenergy561.com,eccentricenergy561.com,eccentricenergy@yahoo.com,,Lake Park FL,electrician,gmaps
pcmelectric.com,https://pcmelectric.com,pcmelectric.com,pcmelectric@outlook.com,,Lake Park FL,electrician,gmaps
contactelectric.com,https://contactelectric.com,contactelectric.com,support@contactelectric.com,,Lake Worth Beach FL,electrician,gmaps
abpowerelectric.com,https://abpowerelectric.com,abpowerelectric.com,abpowerelectric@hotmail.com,,Lake Worth Beach FL,electrician,gmaps
av2e.net,https://av2e.net,av2e.net,info@av2e.net,,Lake Worth Beach FL,electrician,gmaps
nassifelectric.com,https://nassifelectric.com,nassifelectric.com,info@nassifelectric.com,,Lake Worth Beach FL,electrician,gmaps
iceelectricllc.com,https://iceelectricllc.com,iceelectricllc.com,info@iceelectricllc.com,,Lake Worth Beach FL,electrician,gmaps
lkelectricllc.com,https://lkelectricllc.com,lkelectricllc.com,janderrodriguez12191987@gmail.com,,Lake Worth Beach FL,electrician,gmaps
dslelectricalservices.com,https://dslelectricalservices.com,dslelectricalservices.com,info@dslelectricalservices.com,,Lantana FL,electrician,gmaps
triforceelectric.com,https://triforceelectric.com,triforceelectric.com,electrician@triforceelectric.com,,Lauderdale Lakes FL,electrician,gmaps
turntwoelectric.com,https://turntwoelectric.com,turntwoelectric.com,example@turntoelectric.com,,Lauderdale Lakes FL,electrician,gmaps
dearmaselectric.com,https://dearmaselectric.com,dearmaselectric.com,info@dearmaselectric.com,,Lauderdale Lakes FL,electrician,gmaps
tigerelectricllc.com,https://tigerelectricllc.com,tigerelectricllc.com,contacttigerelectricllc@gmail.com,,Lauderdale Lakes FL,electrician,gmaps
danelectric.jobbersites.com,https://danelectric.jobbersites.com,danelectric.jobbersites.com,daniel-danelectric@outlook.com,,Lauderdale Lakes FL,electrician,gmaps
sansoneelectric.com,https://sansoneelectric.com,sansoneelectric.com,info@sansoneelectric.com,,Lauderhill FL,electrician,gmaps
epixsolutionsfl.com,https://epixsolutionsfl.com,epixsolutionsfl.com,service@epixsolutionsfl.com,,Lauderhill FL,electrician,gmaps
happycustomerselectricalservices.com,https://happycustomerselectricalservices.com,happycustomerselectricalservices.com,hcescorp@gmail.com,,Lauderhill FL,electrician,gmaps
smartenergyenterprises.com,https://smartenergyenterprises.com,smartenergyenterprises.com,sales@smartenergyenterprises.com,,Lauderhill FL,electrician,gmaps
allvoltselectricinc.com,https://allvoltselectricinc.com,allvoltselectricinc.com,allvoltselectricinc@gmail.com,,Lauderhill FL,electrician,gmaps
turnerunlimitedelectric.com,https://turnerunlimitedelectric.com,turnerunlimitedelectric.com,office@turnerunlimitedelectric.com,,Lauderhill FL,electrician,gmaps
drivecoreelectronics.com,https://drivecoreelectronics.com,drivecoreelectronics.com,driveelectronics2026@gmail.com,,Lauderhill FL,electrician,gmaps
americaelectroexpress.com,https://americaelectroexpress.com,americaelectroexpress.com,americaelectroexpress@gmail.com,,Lauderhill FL,electrician,gmaps
casaelectricllc.com,https://casaelectricllc.com,casaelectricllc.com,casaelectrcillc@gmail.com,,Lauderhill FL,electrician,gmaps
britesparxelectric.com,https://britesparxelectric.com,britesparxelectric.com,info@britesparxelectric.com,,Lauderhill FL,electrician,gmaps
electricsunsalons.com,https://electricsunsalons.com,electricsunsalons.com,info@electricsunsalons.com,,Lauderhill FL,electrician,gmaps
fixitrightelectricservices.com,https://fixitrightelectricservices.com,fixitrightelectricservices.com,d_04davis@yahoo.com,,Lauderhill FL,electrician,gmaps
e-techelectrical.com,https://e-techelectrical.com,e-techelectrical.com,info@e-techelectrical.com,,Lighthouse Point FL,electrician,gmaps
rdtelectric.com,https://rdtelectric.com,rdtelectric.com,rdt.electric.services@gmail.com,,Lighthouse Point FL,electrician,gmaps
lighthousehs21.com,https://lighthousehs21.com,lighthousehs21.com,lighthhousehs21@gmail.com,,Lighthouse Point FL,electrician,gmaps
basementfinishpros.homes,https://basementfinishpros.homes,basementfinishpros.homes,info@basementfinishpros.com,,Lighthouse Point FL,electrician,gmaps
highvoltageservicesllc.com,https://highvoltageservicesllc.com,highvoltageservicesllc.com,team@highvoltageservicesllc.com,,Lighthouse Point FL,electrician,gmaps
connectev.com,https://connectev.com,connectev.com,info@connectev.com,,Margate FL,electrician,gmaps
flsunbeltelectric.com,https://flsunbeltelectric.com,flsunbeltelectric.com,flsunbeltelectric@yahoo.com,,Margate FL,electrician,gmaps
floridasmartrenovation.com,https://floridasmartrenovation.com,floridasmartrenovation.com,floridasmartrenovation@gmail.com,,Margate FL,electrician,gmaps
jmfdrywallhandyman.com,https://jmfdrywallhandyman.com,jmfdrywallhandyman.com,,,Margate FL,electrician,gmaps
limitlessenergysolutions.com,https://limitlessenergysolutions.com,limitlessenergysolutions.com,limitlessenergies@gmail.com,,Margate FL,electrician,gmaps
voltelectric.us,https://voltelectric.us,voltelectric.us,info@voltelectric.us,,Medley FL,electrician,gmaps
oandjelectric.com,https://oandjelectric.com,oandjelectric.com,dispatching@oandjelectric.com,,Miami FL,electrician,gmaps
jgm2electrical.com,https://jgm2electrical.com,jgm2electrical.com,jgm2llc@gmail.com,,Miami Gardens FL,electrician,gmaps
sunelec.com,https://sunelec.com,sunelec.com,johnkimball192@gmail.com,,Miami Gardens FL,electrician,gmaps
tclelectricservices.com,https://tclelectricservices.com,tclelectricservices.com,tclelectricllc@gmail.com,,Miami Gardens FL,electrician,gmaps
moeselectric.com,https://moeselectric.com,moeselectric.com,service@moeselectric.com,,Miami Lakes FL,electrician,gmaps
ced-miami.com,https://ced-miami.com,ced-miami.com,ew.miami@ewmiami.com,,Miami Lakes FL,electrician,gmaps
synkedsystems.com,https://synkedsystems.com,synkedsystems.com,abel@synkedsystems.com,,Miami Lakes FL,electrician,gmaps
alturapowerelectric.com,https://alturapowerelectric.com,alturapowerelectric.com,info@alturapowerelectric.com,,Miami Lakes FL,electrician,gmaps
agcelectric.com,https://agcelectric.com,agcelectric.com,agc@agcelectric.com,,Miami Lakes FL,electrician,gmaps
rlvcorp.net,https://rlvcorp.net,rlvcorp.net,bobvickers@bellsouth.net,,Miami Shores FL,electrician,gmaps
amperezelectric.com,https://amperezelectric.com,amperezelectric.com,amperezelectric7@gmail.com,,Miami Shores FL,electrician,gmaps
magnetelectric.net,https://magnetelectric.net,magnetelectric.net,magnetelectric77@gmail.com,,Miami Shores FL,electrician,gmaps
lyncoelectric.com,https://lyncoelectric.com,lyncoelectric.com,electricjeff85@gmail.com,,Miami Shores FL,electrician,gmaps
powerenergyinc.com,https://powerenergyinc.com,powerenergyinc.com,electric@powerenergyinc.com,,Miami Springs FL,electrician,gmaps
thevillagehardware.com,https://thevillagehardware.com,thevillagehardware.com,hello@hardwarenow.com,,Miami Springs FL,electrician,gmaps
gcsolarelectric.com,https://gcsolarelectric.com,gcsolarelectric.com,info@gcsolarandelectric.com,,Miami Springs FL,electrician,gmaps
cardonaelectrical.com,https://cardonaelectrical.com,cardonaelectrical.com,cardonaelectrical@gmail.com,,Miramar FL,electrician,gmaps
usgande.com,https://usgande.com,usgande.com,customerservice@usgande.com,,Miramar FL,electrician,gmaps
4bbcorp.com,https://4bbcorp.com,4bbcorp.com,support@4bbcorp.com,,Miramar FL,electrician,gmaps
masterelectricalcontractor.com,https://masterelectricalcontractor.com,masterelectricalcontractor.com,info@masterelectricalcontractor.com,,Miramar FL,electrician,gmaps
budget-appliance-repair-fl.vercel.app,https://budget-appliance-repair-fl.vercel.app,budget-appliance-repair-fl.vercel.app,appointments@budgetappliancerepairfl.com,,Miramar FL,electrician,gmaps
sergeantshomeservices.com,https://sergeantshomeservices.com,sergeantshomeservices.com,email@company.com,,North Bay Village FL,electrician,gmaps
corneliuselectric.com,https://corneliuselectric.com,corneliuselectric.com,office@corneliuselectric.com,,North Bay Village FL,electrician,gmaps
blessedelectric.net,https://blessedelectric.net,blessedelectric.net,team@latofonts.com,,North Bay Village FL,electrician,gmaps
wattsupsfl.com,https://wattsupsfl.com,wattsupsfl.com,sebastian@wattsupsfl.com,,North Lauderdale FL,electrician,gmaps
verdeciaelectric.com,https://verdeciaelectric.com,verdeciaelectric.com,verdeciaelectric@hotmail.com,,North Lauderdale FL,electrician,gmaps
greenergyfl.com,https://greenergyfl.com,greenergyfl.com,info@greenergyfl.com,,North Miami FL,electrician,gmaps
superiorchimneyinc.shop,https://superiorchimneyinc.shop,superiorchimneyinc.shop,info@superiorchimneyinc.shop,,North Miami FL,electrician,gmaps
expressxpert.com,https://expressxpert.com,expressxpert.com,admin@expressxpert.com,,North Miami Beach FL,electrician,gmaps
blueheronconstruction.homes,https://blueheronconstruction.homes,blueheronconstruction.homes,info@blueheronconstruction.com,,North Miami Beach FL,electrician,gmaps
mancinielectricfl.com,https://mancinielectricfl.com,mancinielectricfl.com,jwm@mancinielectricfl.com,,Oakland Park FL,electrician,gmaps
swiftelectric.us,https://swiftelectric.us,swiftelectric.us,sales@swiftelectric.us,,Opa-locka FL,electrician,gmaps
shineelectrical.com,https://shineelectrical.com,shineelectrical.com,team@latofonts.com,,Opa-locka FL,electrician,gmaps
idiainc.org,https://idiainc.org,idiainc.org,sales@idiainc.org,,Opa-locka FL,electrician,gmaps
aceelectriciansfl.com,https://aceelectriciansfl.com,aceelectriciansfl.com,vit.generatormaintenance@gmail.com,,Palm Beach FL,electrician,gmaps
cometelectricinc.com,https://cometelectricinc.com,cometelectricinc.com,admin@cometelectricinc.com,,Palm Beach FL,electrician,gmaps
ecsinc.biz,https://ecsinc.biz,ecsinc.biz,contact@mysite.com,,Palm Beach FL,electrician,gmaps
minutemanelectric.com,https://minutemanelectric.com,minutemanelectric.com,impallari@gmail.com,,Palm Beach Gardens FL,electrician,gmaps
cgelectricalservices.com,https://cgelectricalservices.com,cgelectricalservices.com,office@cgelectricalservices.com,,Palm Beach Gardens FL,electrician,gmaps
floridaresidentialelectric.com,https://floridaresidentialelectric.com,floridaresidentialelectric.com,flreselectric@gmail.com,,Palm Beach Gardens FL,electrician,gmaps
mastelectricinc.com,https://mastelectricinc.com,mastelectricinc.com,info@mastelectricinc.com,,Palm Springs FL,electrician,gmaps
electriccosolutions.com,https://electriccosolutions.com,electriccosolutions.com,dispatch@electriccosolutions.com,,Palm Springs FL,electrician,gmaps
jteelectricinc.com,https://jteelectricinc.com,jteelectricinc.com,info@jteelectricinc.com,,Palm Springs FL,electrician,gmaps
automationnetworks.net,https://automationnetworks.net,automationnetworks.net,support@automationnetworks.net,,Palmetto Bay FL,electrician,gmaps
electrictechenergy.com,https://electrictechenergy.com,electrictechenergy.com,info@electrictechenergy.com,,Parkland FL,electrician,gmaps
rcnhomeimprovement.com,https://rcnhomeimprovement.com,rcnhomeimprovement.com,rcnhomeimprovement777@gmail.com,,Parkland FL,electrician,gmaps
ltdbuilders.com,https://ltdbuilders.com,ltdbuilders.com,,,Parkland FL,electrician,gmaps
usafirstservices.com,https://usafirstservices.com,usafirstservices.com,info@usafirstservices.com,,Parkland FL,electrician,gmaps
homedesignandrepair.com,https://homedesignandrepair.com,homedesignandrepair.com,info@homedesignandrepair.com,,Parkland FL,electrician,gmaps
premierconsultingengineers.com,https://premierconsultingengineers.com,premierconsultingengineers.com,mep@premier-engineers.com,,Parkland FL,electrician,gmaps
omegaforensic.com,https://omegaforensic.com,omegaforensic.com,office@omegaforensic.com,,Parkland FL,electrician,gmaps
pmaelectric.com,https://pmaelectric.com,pmaelectric.com,info@pmaelectric.com,,Parkland FL,electrician,gmaps
aeservi.com,https://aeservi.com,aeservi.com,support@arvora.com,,Pembroke Park FL,electrician,gmaps
allitechelectric.com,https://allitechelectric.com,allitechelectric.com,info@allitechelectric.com,,Pembroke Pines FL,electrician,gmaps
ltieng.com,https://ltieng.com,ltieng.com,info@ltieng.com,,Pinecrest FL,electrician,gmaps
origisenergy.com,https://origisenergy.com,origisenergy.com,sustainability@origisenergy.com,,Pinecrest FL,electrician,gmaps
mybetterservice.com,https://mybetterservice.com,mybetterservice.com,info@mybetterservice.com,,Pinecrest FL,electrician,gmaps
baroservicemiami.com,https://baroservicemiami.com,baroservicemiami.com,info@baroservicemiami.com,,Pinecrest FL,electrician,gmaps
rdrallinoneelectric.com,https://rdrallinoneelectric.com,rdrallinoneelectric.com,raguel.guevara@hotmail.com,,Plantation FL,electrician,gmaps
mastervoltelectric.com,https://mastervoltelectric.com,mastervoltelectric.com,mastervoltelectric@gmail.com,,Plantation FL,electrician,gmaps
mitchjosephinc.com,https://mitchjosephinc.com,mitchjosephinc.com,mitchjosephinc@aol.com,,Plantation FL,electrician,gmaps
mark1electric.com,https://mark1electric.com,mark1electric.com,info@mark1electric.com,,Pompano Beach FL,electrician,gmaps
dmuusa.com,https://dmuusa.com,dmuusa.com,jpady@dmuusa.com,,Pompano Beach FL,electrician,gmaps
matrixelectricmobilehomes.com,https://matrixelectricmobilehomes.com,matrixelectricmobilehomes.com,matrixelectric@yahoo.com,,Riviera Beach FL,electrician,gmaps
electricpotts.com,https://electricpotts.com,electricpotts.com,pottselectricfl@gmail.com,,Royal Palm Beach FL,electrician,gmaps
firstunionelectric.com,https://firstunionelectric.com,firstunionelectric.com,jharper@firstunionelectric.com,,Royal Palm Beach FL,electrician,gmaps
wellingtonelectric.com,https://wellingtonelectric.com,wellingtonelectric.com,info@wellingtonelectric.com,,Royal Palm Beach FL,electrician,gmaps
singerelectricalcontracting.com,https://singerelectricalcontracting.com,singerelectricalcontracting.com,singerelectricalcontracting@gmail.com,,Royal Palm Beach FL,electrician,gmaps
palmbeachelectricinc.com,https://palmbeachelectricinc.com,palmbeachelectricinc.com,jerrypalmbeachelectric@gmail.com,,Royal Palm Beach FL,electrician,gmaps
teamelectricalservices.com,https://teamelectricalservices.com,teamelectricalservices.com,manager@teamelectricalservices.com,,Sea Ranch Lakes FL,electrician,gmaps
bocawire.com,https://bocawire.com,bocawire.com,info@bocawire.com,,Sea Ranch Lakes FL,electrician,gmaps
sunelectricfl.com,https://sunelectricfl.com,sunelectricfl.com,info@sunelectricfl.com,,Sea Ranch Lakes FL,electrician,gmaps
asolidconnection.com,https://asolidconnection.com,asolidconnection.com,impallari@gmail.com,,Sea Ranch Lakes FL,electrician,gmaps
electricexpressfl.com,https://electricexpressfl.com,electricexpressfl.com,info@electricexpresssolutions.com,,Southwest Ranches FL,electrician,gmaps
essexelectricalservice.com,https://essexelectricalservice.com,essexelectricalservice.com,keith@essexelectricalservice.com,,Southwest Ranches FL,electrician,gmaps
caroelectric.com,https://caroelectric.com,caroelectric.com,ray@caroelectric.com,,Southwest Ranches FL,electrician,gmaps
appliancesofbroward.com,https://appliancesofbroward.com,appliancesofbroward.com,appliancesofbroward@gmail.com,,Southwest Ranches FL,electrician,gmaps
oltelectric.com,https://oltelectric.com,oltelectric.com,oltelectric19@gmail.com,,Southwest Ranches FL,electrician,gmaps
electrical-thermographer.com,https://electrical-thermographer.com,electrical-thermographer.com,miguel@mdzinspections.com,,Southwest Ranches FL,electrician,gmaps
americaneagleelectric.netlify.app,https://americaneagleelectric.netlify.app,americaneagleelectric.netlify.app,justin.americaneagleelectric@gmail.com,,Southwest Ranches FL,electrician,gmaps
energypowersolutionllc.net,https://energypowersolutionllc.net,energypowersolutionllc.net,oroque@energypowersolution.net,,Southwest Ranches FL,electrician,gmaps
precision-appliances.com,https://precision-appliances.com,precision-appliances.com,precision.appliance.solutions.fix@gmail.com,,Sunny Isles Beach FL,electrician,gmaps
outlookinternationalelectric.com,https://outlookinternationalelectric.com,outlookinternationalelectric.com,info@outlookinternationalelectric.com,,Sunrise FL,electrician,gmaps
southeastsignco.com,https://southeastsignco.com,southeastsignco.com,x0@d.jy,,Sunrise FL,electrician,gmaps
smartfixtronics.com,https://smartfixtronics.com,smartfixtronics.com,smartfixtronics.com@smartfixtronics.com,,Surfside FL,electrician,gmaps
ultimateshadesandblinds.com,https://ultimateshadesandblinds.com,ultimateshadesandblinds.com,sales@ultimateshadesandblinds.com,,Surfside FL,electrician,gmaps
ultrafix.com,https://ultrafix.com,ultrafix.com,help@ultrafix.com,,Surfside FL,electrician,gmaps
power4electric.com,https://power4electric.com,power4electric.com,info@power4electric.com,,Sweetwater FL,electrician,gmaps
omwattelectric.com,https://omwattelectric.com,omwattelectric.com,matt@pixelspread.com,,Sweetwater FL,electrician,gmaps
qualitywiring.com,https://qualitywiring.com,qualitywiring.com,info@qualitywiring.com,,Sweetwater FL,electrician,gmaps
qelectricllc.com,https://qelectricllc.com,qelectricllc.com,service@qelectricllc.com,,Sweetwater FL,electrician,gmaps
spikebusters.com,https://spikebusters.com,spikebusters.com,info@spikebusters.com,,Sweetwater FL,electrician,gmaps
poliled.com,https://poliled.com,poliled.com,sales@poliledsigns.com,,Sweetwater FL,electrician,gmaps
avlsolutions.com,https://avlsolutions.com,avlsolutions.com,info@avlsolutions.com,,Sweetwater FL,electrician,gmaps
franyie.com,https://franyie.com,franyie.com,info@franyie.com,,Sweetwater FL,electrician,gmaps
mepengineeringinc.com,https://mepengineeringinc.com,mepengineeringinc.com,mep@mepengineeringinc.com,,Sweetwater FL,electrician,gmaps
fixyourelectric.com,https://fixyourelectric.com,fixyourelectric.com,contactus@fixyourelectric.com,,Tamarac FL,electrician,gmaps
elitepowerup.com,https://elitepowerup.com,elitepowerup.com,elitepowerup1@gmail.com,,Tamiami FL,electrician,gmaps
ampowerinc.net,https://ampowerinc.net,ampowerinc.net,support@ampowerinc.net,,Tamiami FL,electrician,gmaps
herreraelectricmiami.com,https://herreraelectricmiami.com,herreraelectricmiami.com,herreraelectricity@gmail.com,,Tamiami FL,electrician,gmaps
xlelectriccorp.com,https://xlelectriccorp.com,xlelectriccorp.com,info@xlelectriccorp.com,,The Hammocks FL,electrician,gmaps
hman-electric.com,https://hman-electric.com,hman-electric.com,contact@sansoxygen.com,,The Hammocks FL,electrician,gmaps
apowersystemsinc.com,https://apowersystemsinc.com,apowersystemsinc.com,info@apowersystemsinc.com,,The Hammocks FL,electrician,gmaps
eliteelectric247.com,https://eliteelectric247.com,eliteelectric247.com,eliteelectric247@gmail.com,,The Hammocks FL,electrician,gmaps
originselectriccorp.com,https://originselectriccorp.com,originselectriccorp.com,originselectric@gmail.com,,The Hammocks FL,electrician,gmaps
twmcdevittelectric.com,https://twmcdevittelectric.com,twmcdevittelectric.com,admin@twmcdevittelectric.com,,Wellington FL,electrician,gmaps
christmanelectricllc.com,https://christmanelectricllc.com,christmanelectricllc.com,info@christmanelectricllc.com,,Wellington FL,electrician,gmaps
voltedgeelectrical.com,https://voltedgeelectrical.com,voltedgeelectrical.com,voltedgeelectricalexperts@gmail.com,,Wellington FL,electrician,gmaps
goldstandardelectric.com,https://goldstandardelectric.com,goldstandardelectric.com,info@goldstandardelectric.com,,Wellington FL,electrician,gmaps
firecommelectric.com,https://firecommelectric.com,firecommelectric.com,victor@firecommelectric.com,,Wellington FL,electrician,gmaps
prontoelectric.com,https://prontoelectric.com,prontoelectric.com,info@prontoelectric.com,,Wellington FL,electrician,gmaps
intrepidelectricinc.com,https://intrepidelectricinc.com,intrepidelectricinc.com,impallari@gmail.com,,Wellington FL,electrician,gmaps
realpowerengineers.com,https://realpowerengineers.com,realpowerengineers.com,info@realpowerengineers.com,,Wellington FL,electrician,gmaps
pstelectric.org,https://pstelectric.org,pstelectric.org,protectionsystec@gmail.com,,West Park FL,electrician,gmaps
kingwireelectric.net,https://kingwireelectric.net,kingwireelectric.net,contacto@kingwireelectric.net,,Weston FL,electrician,gmaps
sprightful.com,https://sprightful.com,sprightful.com,solar@sprightful.com,,Weston FL,electrician,gmaps
kpbgenerators.com,https://kpbgenerators.com,kpbgenerators.com,leighton@kpbservices.com,,Wilton Manors FL,electrician,gmaps
smelectricalgroup.com,https://smelectricalgroup.com,smelectricalgroup.com,sales@smelectricalgroup.com,,Wilton Manors FL,electrician,gmaps
countyel.com,https://countyel.com,countyel.com,pete@countyel.com,,Wilton Manors FL,electrician,gmaps
sheltonwatkinsllc.com,https://sheltonwatkinsllc.com,sheltonwatkinsllc.com,sheltonwatkinsllc@gmail.com,,Wilton Manors FL,electrician,gmaps
voltologyelectric.com,https://voltologyelectric.com,voltologyelectric.com,info@ndiscovered.com,,Wilton Manors FL,electrician,gmaps
electricianinthisarea.com,https://electricianinthisarea.com,electricianinthisarea.com,info@electricianinthisarea.com,,Wilton Manors FL,electrician,gmaps
intellibuildings.com,https://intellibuildings.com,intellibuildings.com,,,Wilton Manors FL,electrician,gmaps
csdesignerlandscaping.com,https://csdesignerlandscaping.com,csdesignerlandscaping.com,charles@cdesignerlandscaping.com,,Aventura FL,landscaping company,gmaps
totalscapedesign.com,https://totalscapedesign.com,totalscapedesign.com,admin@totalscapedesign.com,,Aventura FL,landscaping company,gmaps
demarcolandscape.com,https://demarcolandscape.com,demarcolandscape.com,chris@demarcolandscape.com,,Aventura FL,landscaping company,gmaps
grassolandscapingllc.com,https://grassolandscapingllc.com,grassolandscapingllc.com,grassolandscaping@gmail.com,,Aventura FL,landscaping company,gmaps
sustainablelandscapesandlawn.com,https://sustainablelandscapesandlawn.com,sustainablelandscapesandlawn.com,,,Aventura FL,landscaping company,gmaps
uslawns.com,https://uslawns.com,uslawns.com,info@uslawns.com,,Aventura FL,landscaping company,gmaps
gananlandscaping.com,https://gananlandscaping.com,gananlandscaping.com,contact@gananlandscaping.com,,Aventura FL,landscaping company,gmaps
richyslandscaping.com,https://richyslandscaping.com,richyslandscaping.com,richyslandscaping@gmail.com,,Aventura FL,landscaping company,gmaps
greensguard.com,https://greensguard.com,greensguard.com,bobby@greensguard.com,,Aventura FL,landscaping company,gmaps
landbuildllc.com,https://landbuildllc.com,landbuildllc.com,landbuildllc@gmail.com,,Aventura FL,landscaping company,gmaps
arazozabrothers.com,https://arazozabrothers.com,arazozabrothers.com,info@arazozabrothers.com,,Aventura FL,landscaping company,gmaps
bulfranohlandscapingllc.godaddysites.com,https://bulfranohlandscapingllc.godaddysites.com,bulfranohlandscapingllc.godaddysites.com,eben@eyebytes.com,,Aventura FL,landscaping company,gmaps
gastonlandscapingservices.com,https://gastonlandscapingservices.com,gastonlandscapingservices.com,gastonlandscaping31@gmail.com,,Aventura FL,landscaping company,gmaps
charlesenterprisegroupllc.com,https://charlesenterprisegroupllc.com,charlesenterprisegroupllc.com,charlesenterprisegroup@yahoo.com,,Aventura FL,landscaping company,gmaps
paecorporation.com,https://paecorporation.com,paecorporation.com,info@paecorporation.com,,Aventura FL,landscaping company,gmaps
aventurabloomingpetals.com,https://aventurabloomingpetals.com,aventurabloomingpetals.com,wecare@aventurabloomingpetals.com,,Aventura FL,landscaping company,gmaps
gardenaidlandscaping.com,https://gardenaidlandscaping.com,gardenaidlandscaping.com,gardenaidlandscaping@yahoo.com,,Aventura FL,landscaping company,gmaps
majestics-vision-lawn-landscaping.com,https://majestics-vision-lawn-landscaping.com,majestics-vision-lawn-landscaping.com,phyllissimpkins64@gmail.com,,Aventura FL,landscaping company,gmaps
leafgardenconcepts.com,https://leafgardenconcepts.com,leafgardenconcepts.com,info@leafgardenconcepts.com,,Aventura FL,landscaping company,gmaps
blackkatcleans.com,https://blackkatcleans.com,blackkatcleans.com,estimate@blackkatcleans.com,,Aventura FL,landscaping company,gmaps
belamo.com,https://belamo.com,belamo.com,sales@belamo.com,,Aventura FL,landscaping company,gmaps
matteoslandscaping.net,https://matteoslandscaping.net,matteoslandscaping.net,matt@matteoslandscaping.com,,Aventura FL,landscaping company,gmaps
plantprofessionals.com,https://plantprofessionals.com,plantprofessionals.com,info@plantprofessionals.com,,Aventura FL,landscaping company,gmaps
fixcondo.com,https://fixcondo.com,fixcondo.com,fixcondo@yahoo.com,,Aventura FL,landscaping company,gmaps
brightlightdesigns.net,https://brightlightdesigns.net,brightlightdesigns.net,marcia@brightlightdesigns.net,,Aventura FL,landscaping company,gmaps
outdoor-usa.com,https://outdoor-usa.com,outdoor-usa.com,,,Aventura FL,landscaping company,gmaps
williamsislandmarina.com,https://williamsislandmarina.com,williamsislandmarina.com,general@williamsislandmarina.com,,Aventura FL,landscaping company,gmaps
amayalandscaping.org,https://amayalandscaping.org,amayalandscaping.org,landscapingbyamaya@bellsouth.net,,Aventura FL,landscaping company,gmaps
poolwizards.com,https://poolwizards.com,poolwizards.com,info@poolwizards.com,,Aventura FL,landscaping company,gmaps
marshallstreeandlandscaping.com,https://marshallstreeandlandscaping.com,marshallstreeandlandscaping.com,info@marshallstreeandlandscaping.com,,Aventura FL,landscaping company,gmaps
mpgroupusa.com,https://mpgroupusa.com,mpgroupusa.com,adriano@mpgroupusa.com,,Aventura FL,landscaping company,gmaps
trebolcontractor.com,https://trebolcontractor.com,trebolcontractor.com,info@trebolcontractor.com,,Aventura FL,landscaping company,gmaps
groundsgroup.com,https://groundsgroup.com,groundsgroup.com,koppie12@gmail.com,,Aventura FL,landscaping company,gmaps
rpsfl.com,https://rpsfl.com,rpsfl.com,info@rpsfl.com,,Aventura FL,landscaping company,gmaps
mc-landscaping-service.com,https://mc-landscaping-service.com,mc-landscaping-service.com,m.c.lawnservice.inc@gmail.com,,Bal Harbour FL,landscaping company,gmaps
gorillatreescape.com,https://gorillatreescape.com,gorillatreescape.com,gorillatreescape@gmail.com,,Bal Harbour FL,landscaping company,gmaps
greenspacemiami.com,https://greenspacemiami.com,greenspacemiami.com,greenspacemiami.info@gmail.com\,,Bal Harbour FL,landscaping company,gmaps
beachpebblesdirect.com,https://beachpebblesdirect.com,beachpebblesdirect.com,sales@beachpebblesdirect.com,,Bal Harbour FL,landscaping company,gmaps
littlerivercooperative.com,https://littlerivercooperative.com,littlerivercooperative.com,mail@littlerivercooperative.com,,Bal Harbour FL,landscaping company,gmaps
fieldofdreamsllc.com,https://fieldofdreamsllc.com,fieldofdreamsllc.com,admin@fieldofdreamsllc.com,,Bal Harbour FL,landscaping company,gmaps
samedaylawncareservices.com,https://samedaylawncareservices.com,samedaylawncareservices.com,info@samedaylawncareservices.com,,Bal Harbour FL,landscaping company,gmaps
phblandscaping.com,https://phblandscaping.com,phblandscaping.com,phb.landscaping@aol.com,,Bal Harbour FL,landscaping company,gmaps
gldlighting.design,https://gldlighting.design,gldlighting.design,telma@gldlighting.design,,Bal Harbour FL,landscaping company,gmaps
bellafiorelandscaping.com,https://bellafiorelandscaping.com,bellafiorelandscaping.com,estimator@bellafiorelandscaping.com,,Bal Harbour FL,landscaping company,gmaps
junglesoflo.com,https://junglesoflo.com,junglesoflo.com,office@junglesoflo.com,,Bal Harbour FL,landscaping company,gmaps
blossomlandscapinganddesign.com,https://blossomlandscapinganddesign.com,blossomlandscapinganddesign.com,info@blossomld.com,,Bal Harbour FL,landscaping company,gmaps
miamicasamia.com,https://miamicasamia.com,miamicasamia.com,danny@miamicasamia.com,,Bal Harbour FL,landscaping company,gmaps
gogreensource.com,https://gogreensource.com,gogreensource.com,info@greensourcemaintenance.com,,Bal Harbour FL,landscaping company,gmaps
southeastlandscaping.net,https://southeastlandscaping.net,southeastlandscaping.net,admin@southeastlandscaping.net,,Bal Harbour FL,landscaping company,gmaps
beachhouse305miami.com,https://beachhouse305miami.com,beachhouse305miami.com,info@beachhouselandscaping.com,,Bal Harbour FL,landscaping company,gmaps
letsgrowflorida.com,https://letsgrowflorida.com,letsgrowflorida.com,info@letsgrowflorida.com,,Bal Harbour FL,landscaping company,gmaps
mikarchitecture.com,https://mikarchitecture.com,mikarchitecture.com,hi@mikarch.com,,Bal Harbour FL,landscaping company,gmaps
hoyerconstructioncompany.com,https://hoyerconstructioncompany.com,hoyerconstructioncompany.com,info@mysite.com,,Bay Harbor Islands FL,landscaping company,gmaps
miamiresidential.com,https://miamiresidential.com,miamiresidential.com,sales@miamiresidential.com,,Bay Harbor Islands FL,landscaping company,gmaps
mbsprinklerservice.com,https://mbsprinklerservice.com,mbsprinklerservice.com,contact@mbsprinklerservice.com,,Bay Harbor Islands FL,landscaping company,gmaps
landscapeflorida.com,https://landscapeflorida.com,landscapeflorida.com,info@landscapeflorida.com,,Bay Harbor Islands FL,landscaping company,gmaps
layalilandscape.com,https://layalilandscape.com,layalilandscape.com,layali.landscape@gmail.com,,Bay Harbor Islands FL,landscaping company,gmaps
lawnservicepalmharborfl.com,https://lawnservicepalmharborfl.com,lawnservicepalmharborfl.com,contact@lawnservicepalmharborfl.com,,Bay Harbor Islands FL,landscaping company,gmaps
g6investment.com,https://g6investment.com,g6investment.com,info@g6investment.com,,Bay Harbor Islands FL,landscaping company,gmaps
montenegrolandscapingcorp.com,https://montenegrolandscapingcorp.com,montenegrolandscapingcorp.com,montenegrolandscapingcorp@gmail.com,,Biscayne Park FL,landscaping company,gmaps
pandplawncare.com,https://pandplawncare.com,pandplawncare.com,pierre@pandplawncare.com,,Biscayne Park FL,landscaping company,gmaps
ontimeturf.com,https://ontimeturf.com,ontimeturf.com,support@ontimeturf.com,,Biscayne Park FL,landscaping company,gmaps
apolloplants.com,https://apolloplants.com,apolloplants.com,lily@apolloplants.com,,Biscayne Park FL,landscaping company,gmaps
superiorlandscaping.com,https://superiorlandscaping.com,superiorlandscaping.com,info@superiorlandscaping.com,,Biscayne Park FL,landscaping company,gmaps
naturaever.com,https://naturaever.com,naturaever.com,raymond@naturaever.org,,Biscayne Park FL,landscaping company,gmaps
thebotanyguild.com,https://thebotanyguild.com,thebotanyguild.com,info@thebotanyguild.com,,Biscayne Park FL,landscaping company,gmaps
savinomiller.com,https://savinomiller.com,savinomiller.com,info@savinomiller.com,,Biscayne Park FL,landscaping company,gmaps
mrsfreshcut.com,https://mrsfreshcut.com,mrsfreshcut.com,info@mrsfreshcut.com,,Biscayne Park FL,landscaping company,gmaps
goldenrockdeluxegrills.com,https://goldenrockdeluxegrills.com,goldenrockdeluxegrills.com,goldenrockdeluxegrills@gmail.com,,Biscayne Park FL,landscaping company,gmaps
theunderline.org,https://theunderline.org,theunderline.org,hello@theunderline.org,,Biscayne Park FL,landscaping company,gmaps
upliftterrain.com,https://upliftterrain.com,upliftterrain.com,support@upliftterrain.com,,Biscayne Park FL,landscaping company,gmaps
westbocalawn.com,https://westbocalawn.com,westbocalawn.com,westbocalawn@gmail.com,,Boca Raton FL,landscaping company,gmaps
evergreencorner.com,https://evergreencorner.com,evergreencorner.com,contact@evergreencorner.com,,Boca Raton FL,landscaping company,gmaps
benturflandscaping.com,https://benturflandscaping.com,benturflandscaping.com,info@benturflandscaping.com,,Boca Raton FL,landscaping company,gmaps
thegreenimage.com,https://thegreenimage.com,thegreenimage.com,sam@thegreenimage.com,,Boca Raton FL,landscaping company,gmaps
floridaboyslandscape.com,https://floridaboyslandscape.com,floridaboyslandscape.com,hello@floridaboyslandscape.com,,Boca Raton FL,landscaping company,gmaps
seaboardlandscape.com,https://seaboardlandscape.com,seaboardlandscape.com,2393568@gmail.com,,Boca Raton FL,landscaping company,gmaps
alligatorlandscaping.com,https://alligatorlandscaping.com,alligatorlandscaping.com,info@alligatorlandscaping.com,,Boca Raton FL,landscaping company,gmaps
countrylandscapingfl.com,https://countrylandscapingfl.com,countrylandscapingfl.com,info@countrylandscapingfl.com,,Boca Raton FL,landscaping company,gmaps
flabuilders.com,https://flabuilders.com,flabuilders.com,brad@floridaoutdoorbuilders.com,,Boca Raton FL,landscaping company,gmaps
yourcoastalcares.com,https://yourcoastalcares.com,yourcoastalcares.com,info@yourcoastalcares.com,,Boca Raton FL,landscaping company,gmaps
rchlandscapingfl.com,https://rchlandscapingfl.com,rchlandscapingfl.com,rchlawnmaintenance@gmail.com,,Boca Raton FL,landscaping company,gmaps
allterrainlandscaping.com,https://allterrainlandscaping.com,allterrainlandscaping.com,cesarallterrain@gmail.com,,Boca Raton FL,landscaping company,gmaps
413landscaping.com,https://413landscaping.com,413landscaping.com,gardenpro623@yahoo.com,,Boca Raton FL,landscaping company,gmaps
greenergroundslawnservice.com,https://greenergroundslawnservice.com,greenergroundslawnservice.com,impallari@gmail.com,,Boca Raton FL,landscaping company,gmaps
yourdiamondlawn.com,https://yourdiamondlawn.com,yourdiamondlawn.com,contact@yourdiamondlawn.com,,Boca Raton FL,landscaping company,gmaps
nanaks.com,https://nanaks.com,nanaks.com,in**@************ro.com,,Boca Raton FL,landscaping company,gmaps
siteone.com,https://siteone.com,siteone.com,customersupport@siteone.com,,Boca Raton FL,landscaping company,gmaps
mapoutlandscaping.com,https://mapoutlandscaping.com,mapoutlandscaping.com,mapoutlandscape@yahoo.com,,Boca Raton FL,landscaping company,gmaps
mowitland.com,https://mowitland.com,mowitland.com,info@mowitland.com,,Boca Raton FL,landscaping company,gmaps
browardlandscape.com,https://browardlandscape.com,browardlandscape.com,chase@browardlandscape.com,,Boca Raton FL,landscaping company,gmaps
flslawns.com,https://flslawns.com,flslawns.com,flslawns@gmail.com,,Boca Raton FL,landscaping company,gmaps
aviatordreamscapes.com,https://aviatordreamscapes.com,aviatordreamscapes.com,admin@aviatordreamscapes.com,,Boca Raton FL,landscaping company,gmaps
ldsfl.com,https://ldsfl.com,ldsfl.com,inquiries@ldsfl.com,,Boca Raton FL,landscaping company,gmaps
cynthiagardens.com,https://cynthiagardens.com,cynthiagardens.com,leasing@cynthiagardens.com,,Boca Raton FL,landscaping company,gmaps
realtreeteam.com,https://realtreeteam.com,realtreeteam.com,realtreemanagement@gmail.com,,Boca Raton FL,landscaping company,gmaps
tuckerdesignbuild.com,https://tuckerdesignbuild.com,tuckerdesignbuild.com,lydia@tuckerdesignbuild.com,,Boca Raton FL,landscaping company,gmaps
bocalightscapes.com,https://bocalightscapes.com,bocalightscapes.com,chris@bocalightscapes.com,,Boca Raton FL,landscaping company,gmaps
classiccutlawncare.com,https://classiccutlawncare.com,classiccutlawncare.com,sg@classiccutlawncare.com,,Boca Raton FL,landscaping company,gmaps
professionalsupply.com,https://professionalsupply.com,professionalsupply.com,customerservice@professionalsupply.com,,Boca Raton FL,landscaping company,gmaps
habcenter.org,https://habcenter.org,habcenter.org,contact@habcenter.org,,Boca Raton FL,landscaping company,gmaps
jamirrigationinc.com,https://jamirrigationinc.com,jamirrigationinc.com,jamirrigation@gmail.com,,Boca Raton FL,landscaping company,gmaps
sunflowerlandscaping.net,https://sunflowerlandscaping.net,sunflowerlandscaping.net,info@sunflowerlandscaping.com,,Boca Raton FL,landscaping company,gmaps
modelrowlandscape.com,https://modelrowlandscape.com,modelrowlandscape.com,robert@modelrowlandscape.com,,Boca Raton FL,landscaping company,gmaps
delgarden.com,https://delgarden.com,delgarden.com,contact@delgarden.com,,Boca Raton FL,landscaping company,gmaps
durable.com,https://durable.com,durable.com,support@durable.com,,Boca Raton FL,landscaping company,gmaps
alteralandscaping.com,https://alteralandscaping.com,alteralandscaping.com,info@alteralandscaping.com,,Boca Raton FL,landscaping company,gmaps
universallandscapinganddesign.com,https://universallandscapinganddesign.com,universallandscapinganddesign.com,inquiry@universallandscapinganddesign.com,,Boca Raton FL,landscaping company,gmaps
shintolandscaping.com,https://shintolandscaping.com,shintolandscaping.com,in**@************ro.com,,Boca Raton FL,landscaping company,gmaps
jjjlandscaping.com,https://jjjlandscaping.com,jjjlandscaping.com,jjj324@324marketing.com,,Boca Raton FL,landscaping company,gmaps
landscapingbocaratonfl.com,https://landscapingbocaratonfl.com,landscapingbocaratonfl.com,contact@landscapingbocaratonfl.com,,Boca Raton FL,landscaping company,gmaps
treeserviceboca.com,https://treeserviceboca.com,treeserviceboca.com,info@treeserviceboca.com,,Boca Raton FL,landscaping company,gmaps
crouselawn.com,https://crouselawn.com,crouselawn.com,crouselandscaping711@gmail.com,,Boca Raton FL,landscaping company,gmaps
sofloterrasystems.com,https://sofloterrasystems.com,sofloterrasystems.com,sofloterrasystems@gmail.com,,Boynton Beach FL,landscaping company,gmaps
rootwisellc.com,https://rootwisellc.com,rootwisellc.com,rootwisellc@gmail.com,,Boynton Beach FL,landscaping company,gmaps
tropicaltreeandlandscape.com,https://tropicaltreeandlandscape.com,tropicaltreeandlandscape.com,matt.godwin@garmatinc.com,,Boynton Beach FL,landscaping company,gmaps
northernlandscape.net,https://northernlandscape.net,northernlandscape.net,office@northernlandscape.net,,Boynton Beach FL,landscaping company,gmaps
landscapingdelmar.com,https://landscapingdelmar.com,landscapingdelmar.com,team@latofonts.com,,Boynton Beach FL,landscaping company,gmaps
yardcorocks.com,https://yardcorocks.com,yardcorocks.com,sales@yardcorocks.com,,Boynton Beach FL,landscaping company,gmaps
topnotchflorida.com,https://topnotchflorida.com,topnotchflorida.com,usasearchmarketing@gmail.com,,Boynton Beach FL,landscaping company,gmaps
pbblandscaping.com,https://pbblandscaping.com,pbblandscaping.com,inquiry@pbblandscaping.com,,Boynton Beach FL,landscaping company,gmaps
mignanotreecare.com,https://mignanotreecare.com,mignanotreecare.com,mignanolawnservice@gmail.com,,Boynton Beach FL,landscaping company,gmaps
sustainscapeflorida.com,https://sustainscapeflorida.com,sustainscapeflorida.com,info@sustainscapeflorida.com,,Boynton Beach FL,landscaping company,gmaps
gothenextlevel.com,https://gothenextlevel.com,gothenextlevel.com,connect@gothenextlevel.com,,Boynton Beach FL,landscaping company,gmaps
begreenlandscape.com,https://begreenlandscape.com,begreenlandscape.com,tursif@comcast.net,,Boynton Beach FL,landscaping company,gmaps
3jnursery.com,https://3jnursery.com,3jnursery.com,3jnursery@gmail.com,,Boynton Beach FL,landscaping company,gmaps
goodbird.com,https://goodbird.com,goodbird.com,hello@goodbird.com,,Boynton Beach FL,landscaping company,gmaps
treasurescapesfl.com,https://treasurescapesfl.com,treasurescapesfl.com,design@adsketch.com,,Boynton Beach FL,landscaping company,gmaps
lavinscape.com,https://lavinscape.com,lavinscape.com,wyatt@lavinscape.com,,Boynton Beach FL,landscaping company,gmaps
totalmaintenanceinc.com,https://totalmaintenanceinc.com,totalmaintenanceinc.com,totalmaintenanceinc@gmail.com,,Boynton Beach FL,landscaping company,gmaps
reelhosepower.com,https://reelhosepower.com,reelhosepower.com,jrp@reelhosepower.com,,Boynton Beach FL,landscaping company,gmaps
forevergreenlandscaper.com,https://forevergreenlandscaper.com,forevergreenlandscaper.com,info@forevergreenlandscaper.com,,Boynton Beach FL,landscaping company,gmaps
bigorangenursery.com,https://bigorangenursery.com,bigorangenursery.com,admin@bigorangelandscaping.com,,Boynton Beach FL,landscaping company,gmaps
ychernandezlandscapingllc.com,https://ychernandezlandscapingllc.com,ychernandezlandscapingllc.com,evaristohernandezpaz4@gmail.com,,Boynton Beach FL,landscaping company,gmaps
diaslandscapes.com,https://diaslandscapes.com,diaslandscapes.com,dr@diaslandscapes.com,,Boynton Beach FL,landscaping company,gmaps
palmbeachgardeningdesign.com,https://palmbeachgardeningdesign.com,palmbeachgardeningdesign.com,service@palmbeachgardeningdesign.com,,Boynton Beach FL,landscaping company,gmaps
johnnymangos.com,https://johnnymangos.com,johnnymangos.com,johnny@johnnymangos.com,,Boynton Beach FL,landscaping company,gmaps
lclus.com,https://lclus.com,lclus.com,office@lclus.com,,Boynton Beach FL,landscaping company,gmaps
jayslandscapingandcontractingservices.com,https://jayslandscapingandcontractingservices.com,jayslandscapingandcontractingservices.com,contact@jayslandscapingandcontractingservices.com,,Boynton Beach FL,landscaping company,gmaps
amartinezlandscaping.com,https://amartinezlandscaping.com,amartinezlandscaping.com,info@amartinezlandscaping.com,,Boynton Beach FL,landscaping company,gmaps
turfsupscape.com,https://turfsupscape.com,turfsupscape.com,turfsup17@aol.com,,Boynton Beach FL,landscaping company,gmaps
puregreenlsdb.com,https://puregreenlsdb.com,puregreenlsdb.com,lemonad@jovanny.ru,,Boynton Beach FL,landscaping company,gmaps
theblesinglandscaping.com,https://theblesinglandscaping.com,theblesinglandscaping.com,theblessinglandscaping@gmail.com,,Boynton Beach FL,landscaping company,gmaps
kinglandscapingllc.company,https://kinglandscapingllc.company,kinglandscapingllc.company,kinglandscaping20@gmail.com,,Boynton Beach FL,landscaping company,gmaps
landscape561.com,https://landscape561.com,landscape561.com,mike@landscape561.com,,Boynton Beach FL,landscaping company,gmaps
perfectlyplanted.com,https://perfectlyplanted.com,perfectlyplanted.com,casey@perfectlyplanted.com,,Boynton Beach FL,landscaping company,gmaps
artificialturfguyfl.com,https://artificialturfguyfl.com,artificialturfguyfl.com,info@artificialturfguyllc.com,,Boynton Beach FL,landscaping company,gmaps
henryscomplete.com,https://henryscomplete.com,henryscomplete.com,henryscompletelawnservice@gmail.com,,Coconut Creek FL,landscaping company,gmaps
mynaturalwonder.com,https://mynaturalwonder.com,mynaturalwonder.com,info@mynaturalwonder.com,,Coconut Creek FL,landscaping company,gmaps
mcgradelandscaping.com,https://mcgradelandscaping.com,mcgradelandscaping.com,mcgradelandscaping@gmail.com,,Coconut Creek FL,landscaping company,gmaps
jeterlandscapingcompany.com,https://jeterlandscapingcompany.com,jeterlandscapingcompany.com,info@jeterlandscaping.com,,Coconut Creek FL,landscaping company,gmaps
justwowdesigns.com,https://justwowdesigns.com,justwowdesigns.com,info@justwowdesigns.com,,Coconut Creek FL,landscaping company,gmaps
leserrasnursery.com,https://leserrasnursery.com,leserrasnursery.com,info@leserrasnursery.com,,Coconut Creek FL,landscaping company,gmaps
philstree.com,https://philstree.com,philstree.com,philtree@bellsouth.net,,Coconut Creek FL,landscaping company,gmaps
bladeworxlawnservices.com,https://bladeworxlawnservices.com,bladeworxlawnservices.com,admin@bladeworxlawnservices.com,,Coconut Creek FL,landscaping company,gmaps
secondtononetreeservice.com,https://secondtononetreeservice.com,secondtononetreeservice.com,steve@stntrees.com,,Coconut Creek FL,landscaping company,gmaps
landscapegeniefl.com,https://landscapegeniefl.com,landscapegeniefl.com,landscapegeniefl@gmail.com,,Coconut Creek FL,landscaping company,gmaps
xtreamstumpgrinding.com,https://xtreamstumpgrinding.com,xtreamstumpgrinding.com,stumpgrindingman1@gmail.com,,Coconut Creek FL,landscaping company,gmaps
esgosfl.com,https://esgosfl.com,esgosfl.com,info@esgosfl.com,,Coconut Creek FL,landscaping company,gmaps
bridgewaterarborcare.com,https://bridgewaterarborcare.com,bridgewaterarborcare.com,"solutions@bridgewaterarborcare.com\&quot; data-page-id=\&quot;\&quot; style=\&quot;text-decoration: none;\&quot;&gt;solutions@bridgewaterarborcare.com&lt;/a&gt;&lt;/u&gt;&lt;/p&gt;&quot;],&quot;desktop&quot;:[0,{&quot;top&quot;:[0,154],&quot;left&quot;:[0,0],&quot;width&quot;:[0,297],&quot;height&quot;:[0,21]}],&quot;settings&quot;:[0,{&quot;styles&quot;:[0,{&quot;text&quot;:[0,&quot;left&quot;],&quot;align&quot;:[0,&quot;flex-start&quot;],&quot;justify&quot;:[0,&quot;center&quot;],&quot;m-element-margin&quot;:[0,&quot;0 0 24px 0&quot;]}]}],&quot;animation&quot;:[0,{&quot;name&quot;:[0,&quot;slide&quot;],&quot;type&quot;:[0,&quot;global&quot;]}],&quot;initialelementid&quot;:[0,&quot;froa6n-q74&quot;]}],&quot;ai-y9amap&quot;:[0,{&quot;type&quot;:[0,&quot;gridtextbox&quot;],&quot;mobile&quot;:[0,{&quot;top&quot;:[0,15],&quot;left&quot;:[0,15],&quot;width&quot;:[0,298],&quot;height&quot;:[0,26]}],&quot;content&quot;:[0,&quot;&lt;h5 dir=\&quot;auto\&quot; style=\&quot;color: rgb(255, 255, 255); --lineheightdesktop: 1.3; --fontsizedesktop: 18px;\&quot;&gt;&lt;u&gt;contact info&lt;/u&gt;&lt;/h5&gt;&quot;],&quot;desktop&quot;:[0,{&quot;top&quot;:[0,0],&quot;left&quot;:[0,0],&quot;width&quot;:[0,142],&quot;height&quot;:[0,23]}],&quot;settings&quot;:[0,{&quot;styles&quot;:[0,{&quot;text&quot;:[0,&quot;left&quot;],&quot;align&quot;:[0,&quot;flex-start&quot;],&quot;justify&quot;:[0,&quot;center&quot;],&quot;m-element-margin&quot;:[0,&quot;0 0 24px 0&quot;]}]}],&quot;animation&quot;:[0,{&quot;name&quot;:[0,&quot;slide&quot;],&quot;type&quot;:[0,&quot;global&quot;]}],&quot;initialelementid&quot;:[0,&quot;froa6n-q74&quot;]}],&quot;ai-aonntf&quot;:[0,{&quot;type&quot;:[0,&quot;gridtextbox&quot;],&quot;mobile&quot;:[0,{&quot;top&quot;:[0,208],&quot;left&quot;:[0,15],&quot;width&quot;:[0,298],&quot;height&quot;:[0,296]}],&quot;content&quot;:[0,&quot;&lt;p dir=\&quot;auto\&quot; class=\&quot;body\&quot; style=\&quot;color: rgb(250, 244, 227); --lineheightdesktop: 1.3; --fontsizedesktop: 32px;\&quot;&gt;&lt;span style=\&quot;text-transform: none; --fontsizedesktop: 28px; font-family: inter; font-weight: 400;\&quot;&gt;&lt;strong&gt;bridgewater arbor care combines technical expertise with professional service.&lt;/strong&gt;&lt;/span&gt;&lt;span style=\&quot;text-transform: none; letter-spacing: normal; font-family: inter; font-weight: 400;\&quot;&gt;&lt;strong&gt; &lt;/strong&gt;&lt;/span&gt;&lt;/p&gt;&lt;p dir=\&quot;auto\&quot; class=\&quot;body\&quot; style=\&quot;color: rgb(250, 244, 227); --lineheightdesktop: 1.3; --fontsizedesktop: 24px;\&quot;&gt;&lt;span style=\&quot;text-transform: none; letter-spacing: normal; font-family: inter; font-weight: 400;\&quot;&gt;&lt;strong&gt;our approach emphasizes transparency, detailed documentation, and solutions that align with both short-term needs and long-term landscape goals. every project large or small is approached with the same level of care, precision, and accountability.&lt;/strong&gt;&lt;/span&gt;&lt;/p&gt;&quot;],&quot;desktop&quot;:[0,{&quot;top&quot;:[0,400],&quot;left&quot;:[0,15],&quot;width&quot;:[0,1194],&quot;height&quot;:[0,167]}],&quot;settings&quot;:[0,{&quot;styles&quot;:[0,{&quot;text&quot;:[0,&quot;left&quot;],&quot;align&quot;:[0,&quot;flex-start&quot;],&quot;justify&quot;:[0,&quot;flex-start&quot;],&quot;m-element-margin&quot;:[0,&quot;0 0 16px 0&quot;]}]}],&quot;initialelementid&quot;:[0,&quot;zzpy1z&quot;]}],&quot;ai-pf6hi5&quot;:[0,{&quot;type&quot;:[0,&quot;gridtextbox&quot;],&quot;mobile&quot;:[0,{&quot;top&quot;:[0,64],&quot;left&quot;:[0,15],&quot;width&quot;:[0,298],&quot;height&quot;:[0,24]}],&quot;content&quot;:[0,&quot;&lt;p dir=\&quot;auto\&quot; class=\&quot;body\&quot; style=\&quot;color: rgb(255, 255, 255); --lineheightdesktop: 1.3; --fontsizedesktop: 14px;\&quot;&gt;reach out for expert tree care today&lt;/p&gt;&quot;],&quot;desktop&quot;:[0,{&quot;top&quot;:[0,35],&quot;left&quot;:[0,0],&quot;width&quot;:[0,297],&quot;height&quot;:[0,18]}],&quot;settings&quot;:[0,{&quot;styles&quot;:[0,{&quot;text&quot;:[0,&quot;left&quot;],&quot;align&quot;:[0,&quot;flex-start&quot;],&quot;justify&quot;:[0,&quot;center&quot;],&quot;m-element-margin&quot;:[0,&quot;0 0 24px 0&quot;]}]}],&quot;animation&quot;:[0,{&quot;name&quot;:[0,&quot;slide&quot;],&quot;type&quot;:[0,&quot;global&quot;]}],&quot;initialelementid&quot;:[0,&quot;froa6n-q74&quot;]}],&quot;ai-v7y6fn&quot;:[0,{&quot;type&quot;:[0,&quot;gridtextbox&quot;],&quot;mobile&quot;:[0,{&quot;top&quot;:[0,1406],&quot;left&quot;:[0,15],&quot;width&quot;:[0,298],&quot;height&quot;:[0,56]}],&quot;content&quot;:[0,&quot;&lt;p dir=\&quot;auto\&quot; class=\&quot;body\&quot; style=\&quot;color: rgb(255, 255, 255); --lineheightdesktop: 1.3; --fontsizedesktop: 16px; margin-bottom: 8px;\&quot;&gt;bridgewater arbor care © 2026 all rights reserved.&lt;/p&gt;&quot;],&quot;desktop&quot;:[0,{&quot;top&quot;:[0,412],&quot;left&quot;:[0,0],&quot;width&quot;:[0,503],&quot;height&quot;:[0,29]}],&quot;settings&quot;:[0,{&quot;styles&quot;:[0,{&quot;text&quot;:[0,&quot;left&quot;],&quot;align&quot;:[0,&quot;flex-start&quot;],&quot;justify&quot;:[0,&quot;center&quot;],&quot;m-element-margin&quot;:[0,&quot;0 0 24px 0&quot;]}]}],&quot;animation&quot;:[0,{&quot;name&quot;:[0,&quot;slide&quot;],&quot;type&quot;:[0,&quot;global&quot;]}],&quot;initialelementid&quot;:[0,&quot;froa6n-q74&quot;]}]}],&quot;nav&quot;:[1,[[0,{&quot;ishidden&quot;:[0,false],&quot;linktype&quot;:[0,&quot;page&quot;],&quot;subitems&quot;:[1,[]],&quot;navitemid&quot;:[0,&quot;1q5x92&quot;],&quot;linkedpageid&quot;:[0,&quot;ai-vpd0j&quot;]}],[0,{&quot;ishidden&quot;:[0,false],&quot;linktype&quot;:[0,&quot;page&quot;],&quot;subitems&quot;:[1,[[0,{&quot;ishidden&quot;:[0,false],&quot;linktype&quot;:[0,&quot;page&quot;],&quot;subitems&quot;:[1,[]],&quot;navitemid&quot;:[0,&quot;zku5jh&quot;],&quot;linkedpageid&quot;:[0,&quot;zkj6vv&quot;]}],[0,{&quot;ishidden&quot;:[0,false],&quot;linktype&quot;:[0,&quot;page&quot;],&quot;subitems&quot;:[1,[]],&quot;navitemid&quot;:[0,&quot;zctesc&quot;],&quot;linkedpageid&quot;:[0,&quot;za3yti&quot;]}],[0,{&quot;ishidden&quot;:[0,false],&quot;linktype&quot;:[0,&quot;page&quot;],&quot;subitems&quot;:[1,[]],&quot;navitemid&quot;:[0,&quot;za__-y&quot;],&quot;linkedpageid&quot;:[0,&quot;z8nb_-&quot;]}],[0,{&quot;ishidden&quot;:[0,false],&quot;linktype&quot;:[0,&quot;page&quot;],&quot;subitems&quot;:[1,[]],&quot;navitemid&quot;:[0,&quot;zjfqqe&quot;],&quot;linkedpageid&quot;:[0,&quot;zplh4m&quot;]}],[0,{&quot;ishidden&quot;:[0,false],&quot;linktype&quot;:[0,&quot;page&quot;],&quot;subitems&quot;:[1,[]],&quot;navitemid&quot;:[0,&quot;zgbekg&quot;],&quot;linkedpageid&quot;:[0,&quot;z8k28y&quot;]}]]],&quot;navitemid&quot;:[0,&quot;crwnbj&quot;],&quot;linkedpageid&quot;:[0,&quot;ai-si-83&quot;]}],[0,{&quot;ishidden&quot;:[0,false],&quot;linktype&quot;:[0,&quot;page&quot;],&quot;subitems&quot;:[1,[]],&quot;navitemid&quot;:[0,&quot;hd84zg&quot;],&quot;linkedpageid&quot;:[0,&quot;ai-ynbyh&quot;]}],[0,{&quot;ishidden&quot;:[0,false],&quot;linktype&quot;:[0,&quot;page&quot;],&quot;subitems&quot;:[1,[]],&quot;navitemid&quot;:[0,&quot;8pw22a&quot;],&quot;linkedpageid&quot;:[0,&quot;ai-pa6nf&quot;]}],[0,{&quot;ishidden&quot;:[0,false],&quot;linktype&quot;:[0,&quot;page&quot;],&quot;subitems&quot;:[1,[]],&quot;navitemid&quot;:[0,&quot;zwxyl1&quot;],&quot;linkedpageid&quot;:[0,&quot;zv8kti&quot;]}]]],&quot;currentlocale&quot;:[0,&quot;system&quot;],&quot;homepageid&quot;:[0,&quot;ai-vpd0j&quot;],&quot;cookiebanneraccepttext&quot;:[0,&quot;accept&quot;],&quot;cookiebannerdisclaimer&quot;:[0,&quot;this website uses cookies to provide necessary site functionality and to improve your experience. by using this website, you agree to our use of cookies.&quot;],&quot;cookiebannerdeclinetext&quot;:[0,&quot;decline&quot;],&quot;cookieconsenttranslations&quot;:[0,{&quot;categorynecessaryname&quot;:[0,&quot;strictly necessary cookies&quot;],&quot;categorynecessarydescription&quot;:[0,&quot;these cookies are essential for the website to function properly.&quot;],&quot;categoryplatformanalyticsname&quot;:[0,&quot;platform analytics&quot;],&quot;categoryplatformanalyticsdescription&quot;:[0,&quot;hostinger uses cookies and similar technologies to analyze how you use this website. this helps improve user experience and hostinger products. for this purpose, amplitude service is used to collect usage data that does not directly identify you. analytics are used only with your consent.&quot;]}],&quot;cookieconsentlocale&quot;:[0,&quot;system&quot;],&quot;blogreadingtimetext&quot;:[0],&quot;metatitle&quot;:[0],&quot;meta&quot;:[0,{&quot;version&quot;:[0,201],&quot;template&quot;:[0,&quot;aigenerated&quot;],&quot;metatitle&quot;:[0,&quot;bridgewater arbor care&quot;],&quot;custommeta&quot;:[0,&quot;&lt;style&gt;\n:root{\n  --mobile-header-offset: 140px; /* increase if the button is still under the header */\n  --mobile-side-gap: 16px;\n}\n\n/* reviews section full width */\n#zfouec .block-layout,\n#zfouec .block-layout--layout{\n  max-width: none !important;\n  padding: 0 !important;\n}\n#zfouec div:nth-of-type(2){\n  max-width: none !important;\n  padding-inline: 0 !important;\n}\n\n/* mobile sticky emergency button */\n@media (max-width: 920px){\n  #zyz1gb .emergency-embed{\n    position: fixed !important;\n    left: var(--mobile-side-gap) !important;\n    right: var(--mobile-side-gap) !important;\n    top: var(--mobile-header-offset) !important; /* keeps it below the header */\n    bottom: auto !important;\n    z-index: 2147483647 !important;\n\n    display: flex !important;\n    justify-content: center !important;\n    margin: 0 !important;\n    transform: none !important;\n  }\n\n  #zyz1gb .emergency-embed &gt; a.floating-emergency-call{\n    all: unset !important;\n    display: inline-flex !important;\n    align-items: center !important;\n    justify-content: center !important;\n    text-align: center !important;\n\n    width: 100% !important;\n    max-width: 420px !important;\n\n    background: #e11d2e !important;\n    color: #fff !important;\n    padding: 12px 14px !important;\n    border-radius: 14px !important;\n    font-weight: 900 !important;\n    line-height: 1 !important;\n    cursor: pointer !important;\n  }\n\n  #zyz1gb .emergency-embed &gt; a.floating-emergency-call *{\n    all: unset !important;\n    color: #fff !important;\n  }\n}\n/* reviews widget inner wrapper is still capped — force it full width */\n#zfouec [style*=\&quot;grid-template-columns\&quot;]{\n  max-width: none !important;\n  width: 100% !important;\n}\n#zfouec [style*=\&quot;grid-template-columns\&quot;] &gt; *{\n  max-width: none !important;\n}\n@media (max-width: 920px){\n  /* target the actual button element inside the zyz1gb section */\n  #zyz1gb a.floating-emergency-call{\n    position: fixed !important;\n    left: 16px !important;\n    right: 16px !important;\n    top: 140px !important;      /* increase if needed */\n    z-index: 2147483647 !important;\n  }\n}\n/* ===== reviews section: full width (block id zynuu-) ===== */\nsection[data-block-id=\&quot;zynuu-\&quot;] .block-layout-container,\nsection[data-block-id=\&quot;zynuu-\&quot;] .block-layout[data-block-ref=\&quot;zynuu-\&quot;]{\n  max-width: none !important;\n  width: 100% !important;\n}\n\n/* the builder limits desktop width via this css variable (yours is 1224px) */\n@media (min-width: 920px){\n  section[data-block-id=\&quot;zynuu-\&quot;] .block-layout[data-block-ref=\&quot;zynuu-\&quot;]{\n    --grid-template-columns: 100% !important;\n  }\n}\n\n/* ===== emergency button: keep it below the sticky header (mobile) ===== */\n@media (max-width: 920px){\n  section[data-block-id=\&quot;zyz1gb\&quot;] a.floating-emergency-call{\n    position: fixed !important;\n    left: 16px !important;\n    right: 16px !important;\n    top: 140px !important;     /* raise/lower this as needed */\n    z-index: 2147483647 !important;\n  }\n}\n/* reviews widget: remove inner boxing/padding so it can expand */\nsection[data-block-id=\&quot;zynuu-\&quot;] .es-widget-background-wrapper{\n  padding-left: 0 !important;\n  padding-right: 0 !important;\n  max-width: none !important;\n  width: 100% !important;\n}\nsection[data-block-id=\&quot;zynuu-\&quot;] .es-main-container,\nsection[data-block-id=\&quot;zynuu-\&quot;] .es-widget-background-container,\nsection[data-block-id=\&quot;zynuu-\&quot;] .es-embed-root{\n  max-width: none !important;\n  width: 100% !important;\n}\n//* ===== simple hostinger back to top button ===== */\na[href=\&quot;#top\&quot;]{\n  position: fixed !important;\n  right: 20px !important;\n  bottom: 20px !important;\n  width: 56px !important;\n  height: 56px !important;\n  display: flex !important;\n  align-items: center !important;\n  justify-content: center !important;\n  background: #1f7a3a !important;\n  color: #ffffff !important;\n  font-size: 28px !important;\n  font-weight: 900 !important;\n  line-height: 1 !important;\n  text-decoration: none !important;\n  border-radius: 14px !important;\n  box-shadow: 0 6px 15px rgba(0,0,0,0.25) !important;\n  cursor: pointer !important;\n  z-index: 2147483646 !important;\n  animation: bacpulse 2s infinite !important;\n}\n\na[href=\&quot;#top\&quot;]:hover{\n  transform: translatey(-4px) scale(1.05) !important;\n  background: #166534 !important;\n  color: #ffffff !important;\n}\n\n@keyframes bacpulse{\n  0%{\n    box-shadow: 0 0 0 0 rgba(31,122,58,0.55), 0 6px 15px rgba(0,0,0,0.25);\n  }\n  70%{\n    box-shadow: 0 0 0 14px rgba(31,122,58,0), 0 6px 15px rgba(0,0,0,0.25);\n  }\n  100%{\n    box-shadow: 0 0 0 0 rgba(31,122,58,0), 0 6px 15px rgba(0,0,0,0.25);\n  }\n}\n\nhtml{\n  scroll-behavior: smooth;\n}\n\n@media (max-width: 920px){\n  a[href=\&quot;#top\&quot;]{\n    right: 16px !important;\n    bottom: 90px !important;\n    width: 54px !important;\n    height: 54px !important;\n    font-size: 24px !important;\n  }\n}\n&lt;/style&gt;\n&quot;],&quot;buttonsetid&quot;:[0,&quot;1&quot;],&quot;faviconpath&quot;:[0,&quot;bridgewater-arbor-care-transparent-logo50percent-o3njomhhysowmkcl.png&quot;],&quot;aiwebsitetype&quot;:[0,&quot;business&quot;],&quot;defaultlocale&quot;:[0,&quot;system&quot;],&quot;faviconorigin&quot;:[0,&quot;assets&quot;],&quot;whatsappnumber&quot;:[0,&quot;17544233827&quot;],&quot;whatsappmessage&quot;:[0,&quot;request%20services%20-%20please%20provide%20details%20on%20services%20you%20require.&quot;],&quot;ecommercestoreid&quot;:[0,&quot;store_01km8fqcm0jc9053bcqw451ccr&quot;],&quot;custombodyelements&quot;:[0,&quot;&quot;],&quot;customheadelements&quot;:[0,&quot;&lt;style&gt;\n:root{\n  --mobile-header-offset: 140px; /* increase if the button is still under the header */\n  --mobile-side-gap: 16px;\n}\n\n/* reviews section full width */\n#zfouec .block-layout,\n#zfouec .block-layout--layout{\n  max-width: none !important;\n  padding: 0 !important;\n}\n#zfouec div:nth-of-type(2){\n  max-width: none !important;\n  padding-inline: 0 !important;\n}\n\n/* mobile sticky emergency button */\n@media (max-width: 920px){\n  #zyz1gb .emergency-embed{\n    position: fixed !important;\n    left: var(--mobile-side-gap) !important;\n    right: var(--mobile-side-gap) !important;\n    top: var(--mobile-header-offset) !important; /* keeps it below the header */\n    bottom: auto !important;\n    z-index: 2147483647 !important;\n\n    display: flex !important;\n    justify-content: center !important;\n    margin: 0 !important;\n    transform: none !important;\n  }\n\n  #zyz1gb .emergency-embed &gt; a.floating-emergency-call{\n    all: unset !important;\n    display: inline-flex !important;\n    align-items: center !important;\n    justify-content: center !important;\n    text-align: center !important;\n\n    width: 100% !important;\n    max-width: 420px !important;\n\n    background: #e11d2e !important;\n    color: #fff !important;\n    padding: 12px 14px !important;\n    border-radius: 14px !important;\n    font-weight: 900 !important;\n    line-height: 1 !important;\n    cursor: pointer !important;\n  }\n\n  #zyz1gb .emergency-embed &gt; a.floating-emergency-call *{\n    all: unset !important;\n    color: #fff !important;\n  }\n}\n/* reviews widget inner wrapper is still capped — force it full width */\n#zfouec [style*=\&quot;grid-template-columns\&quot;]{\n  max-width: none !important;\n  width: 100% !important;\n}\n#zfouec [style*=\&quot;grid-template-columns\&quot;] &gt; *{\n  max-width: none !important;\n}\n@media (max-width: 920px){\n  /* target the actual button element inside the zyz1gb section */\n  #zyz1gb a.floating-emergency-call{\n    position: fixed !important;\n    left: 16px !important;\n    right: 16px !important;\n    top: 140px !important;      /* increase if needed */\n    z-index: 2147483647 !important;\n  }\n}\n/* ===== reviews section: full width (block id zynuu-) ===== */\nsection[data-block-id=\&quot;zynuu-\&quot;] .block-layout-container,\nsection[data-block-id=\&quot;zynuu-\&quot;] .block-layout[data-block-ref=\&quot;zynuu-\&quot;]{\n  max-width: none !important;\n  width: 100% !important;\n}\n\n/* the builder limits desktop width via this css variable (yours is 1224px) */\n@media (min-width: 920px){\n  section[data-block-id=\&quot;zynuu-\&quot;] .block-layout[data-block-ref=\&quot;zynuu-\&quot;]{\n    --grid-template-columns: 100% !important;\n  }\n}\n\n/* ===== emergency button: keep it below the sticky header (mobile) ===== */\n@media (max-width: 920px){\n  section[data-block-id=\&quot;zyz1gb\&quot;] a.floating-emergency-call{\n    position: fixed !important;\n    left: 16px !important;\n    right: 16px !important;\n    top: 140px !important;     /* raise/lower this as needed */\n    z-index: 2147483647 !important;\n  }\n}\n/* reviews widget: remove inner boxing/padding so it can expand */\nsection[data-block-id=\&quot;zynuu-\&quot;] .es-widget-background-wrapper{\n  padding-left: 0 !important;\n  padding-right: 0 !important;\n  max-width: none !important;\n  width: 100% !important;\n}\nsection[data-block-id=\&quot;zynuu-\&quot;] .es-main-container,\nsection[data-block-id=\&quot;zynuu-\&quot;] .es-widget-background-container,\nsection[data-block-id=\&quot;zynuu-\&quot;] .es-embed-root{\n  max-width: none !important;\n  width: 100% !important;\n}\n//* ===== simple hostinger back to top button ===== */\na[href=\&quot;#top\&quot;]{\n  position: fixed !important;\n  right: 20px !important;\n  bottom: 20px !important;\n  width: 56px !important;\n  height: 56px !important;\n  display: flex !important;\n  align-items: center !important;\n  justify-content: center !important;\n  background: #1f7a3a !important;\n  color: #ffffff !important;\n  font-size: 28px !important;\n  font-weight: 900 !important;\n  line-height: 1 !important;\n  text-decoration: none !important;\n  border-radius: 14px !important;\n  box-shadow: 0 6px 15px rgba(0,0,0,0.25) !important;\n  cursor: pointer !important;\n  z-index: 2147483646 !important;\n  animation: bacpulse 2s infinite !important;\n}\n\na[href=\&quot;#top\&quot;]:hover{\n  transform: translatey(-4px) scale(1.05) !important;\n  background: #166534 !important;\n  color: #ffffff !important;\n}\n\n@keyframes bacpulse{\n  0%{\n    box-shadow: 0 0 0 0 rgba(31,122,58,0.55), 0 6px 15px rgba(0,0,0,0.25);\n  }\n  70%{\n    box-shadow: 0 0 0 14px rgba(31,122,58,0), 0 6px 15px rgba(0,0,0,0.25);\n  }\n  100%{\n    box-shadow: 0 0 0 0 rgba(31,122,58,0), 0 6px 15px rgba(0,0,0,0.25);\n  }\n}\n\nhtml{\n  scroll-behavior: smooth;\n}\n\n@media (max-width: 920px){\n  a[href=\&quot;#top\&quot;]{\n    right: 16px !important;\n    bottom: 90px !important;\n    width: 54px !important;\n    height: 54px !important;\n    font-size: 24px !important;\n  }\n}\n&lt;/style&gt;&quot;],&quot;iscookiebarenabled&quot;:[0,true],&quot;isprivatemodeactive&quot;:[0,false],&quot;demoecommercestoreid&quot;:[0,&quot;demo_01g0e9p2r0cftnbweefcev8eg5&quot;],&quot;shouldaddwwwprefixtodomain&quot;:[0,false]}],&quot;forms&quot;:[0,{&quot;contact form&quot;:[0,{&quot;token&quot;:[0,&quot;uea1fxxclfqydfk8yezbcqg7f06vi559&quot;]}],&quot;free estimate&quot;:[0,{&quot;token&quot;:[0,&quot;r9cz6wlxocxkv5t70xtk5qcsdudnjyep&quot;]}],&quot;free estimate 1&quot;:[0,{&quot;token&quot;:[0,&quot;matul5p0rzjlzqovv8lmkqnqlrucsjwp&quot;]}],&quot;free estimate 2&quot;:[0,{&quot;token&quot;:[0,&quot;7isoycz0q9bkvgymxwdjn77cc15hry8u&quot;]}],&quot;free estimate 3&quot;:[0,{&quot;token&quot;:[0,&quot;zzab1vtk017bddiulxfcwybuzstnsyxq&quot;]}],&quot;free estimate 4&quot;:[0,{&quot;token&quot;:[0,&quot;i5ulaiqzrchgp7rf4abfofszce27bnyi&quot;]}],&quot;free estimate 5&quot;:[0,{&quot;token&quot;:[0,&quot;ia1i0ugijhyurgev7vrbvl2qoabubwal&quot;]}],&quot;free estimate 6&quot;:[0,{&quot;token&quot;:[0,&quot;vfbosjpowkhjw327utfhzsnbjyrgi2jq&quot;]}]}],&quot;styles&quot;:[0,{&quot;h1&quot;:[0,{&quot;font-size&quot;:[0,&quot;64px&quot;],&quot;font-style&quot;:[0,&quot;normal&quot;],&quot;font-family&quot;:[0,&quot;var(--font-primary)&quot;],&quot;font-weight&quot;:[0,600],&quot;line-height&quot;:[0,&quot;1.3&quot;],&quot;m-font-size&quot;:[0,&quot;40px&quot;],&quot;letter-spacing&quot;:[0,0],&quot;text-transform&quot;:[0,&quot;none&quot;],&quot;text-decoration&quot;:[0,&quot;none&quot;]}],&quot;h2&quot;:[0,{&quot;font-size&quot;:[0,&quot;56px&quot;],&quot;font-style&quot;:[0,&quot;normal&quot;],&quot;font-family&quot;:[0,&quot;var(--font-primary)&quot;],&quot;font-weight&quot;:[0,600],&quot;line-height&quot;:[0,&quot;1.3&quot;],&quot;m-font-size&quot;:[0,&quot;36px&quot;],&quot;letter-spacing&quot;:[0,0],&quot;text-transform&quot;:[0,&quot;none&quot;],&quot;text-decoration&quot;:[0,&quot;none&quot;]}],&quot;h3&quot;:[0,{&quot;font-size&quot;:[0,&quot;48px&quot;],&quot;font-style&quot;:[0,&quot;normal&quot;],&quot;font-family&quot;:[0,&quot;var(--font-primary)&quot;],&quot;font-weight&quot;:[0,600],&quot;line-height&quot;:[0,&quot;1.3&quot;],&quot;m-font-size&quot;:[0,&quot;32px&quot;],&quot;letter-spacing&quot;:[0,0],&quot;text-transform&quot;:[0,&quot;none&quot;],&quot;text-decoration&quot;:[0,&quot;none&quot;]}],&quot;h4&quot;:[0,{&quot;font-size&quot;:[0,&quot;40px&quot;],&quot;font-style&quot;:[0,&quot;normal&quot;],&quot;font-family&quot;:[0,&quot;var(--font-primary)&quot;],&quot;font-weight&quot;:[0,600],&quot;line-height&quot;:[0,&quot;1.3&quot;],&quot;m-font-size&quot;:[0,&quot;24px&quot;],&quot;letter-spacing&quot;:[0,0],&quot;text-transform&quot;:[0,&quot;none&quot;],&quot;text-decoration&quot;:[0,&quot;none&quot;]}],&quot;h5&quot;:[0,{&quot;font-size&quot;:[0,&quot;26px&quot;],&quot;font-style&quot;:[0,&quot;normal&quot;],&quot;font-family&quot;:[0,&quot;var(--font-primary)&quot;],&quot;font-weight&quot;:[0,600],&quot;line-height&quot;:[0,&quot;1.3&quot;],&quot;m-font-size&quot;:[0,&quot;20px&quot;],&quot;letter-spacing&quot;:[0,0],&quot;text-transform&quot;:[0,&quot;none&quot;],&quot;text-decoration&quot;:[0,&quot;none&quot;]}],&quot;h6&quot;:[0,{&quot;font-size&quot;:[0,&quot;18px&quot;],&quot;font-style&quot;:[0,&quot;normal&quot;],&quot;font-family&quot;:[0,&quot;var(--font-primary)&quot;],&quot;font-weight&quot;:[0,600],&quot;line-height&quot;:[0,&quot;1.3&quot;],&quot;m-font-size&quot;:[0,&quot;18px&quot;],&quot;letter-spacing&quot;:[0,0],&quot;text-transform&quot;:[0,&quot;none&quot;],&quot;text-decoration&quot;:[0,&quot;none&quot;]}],&quot;body&quot;:[0,{&quot;font-size&quot;:[0,&quot;16px&quot;],&quot;font-style&quot;:[0,&quot;normal&quot;],&quot;font-family&quot;:[0,&quot;var(--font-secondary)&quot;],&quot;font-weight&quot;:[0,400],&quot;line-height&quot;:[0,&quot;1.5&quot;],&quot;m-font-size&quot;:[0,&quot;16px&quot;],&quot;letter-spacing&quot;:[0,&quot;normal&quot;],&quot;text-transform&quot;:[0,&quot;none&quot;],&quot;text-decoration&quot;:[0,&quot;none&quot;]}],&quot;font&quot;:[0,{&quot;primary&quot;:[0,&quot;&#39;outfit&#39;, sans-serif&quot;],&quot;secondary&quot;:[0,&quot;&#39;inter&#39;, sans-serif&quot;]}],&quot;nav-link&quot;:[0,{&quot;color&quot;:[0,&quot;rgb(28, 77, 47)&quot;],&quot;font-size&quot;:[0,&quot;16px&quot;],&quot;font-style&quot;:[0,&quot;normal&quot;],&quot;color-hover&quot;:[0,&quot;#0d141a&quot;],&quot;font-family&quot;:[0,&quot;var(--font-secondary)&quot;],&quot;font-weight&quot;:[0,400],&quot;line-height&quot;:[0,&quot;1.5&quot;],&quot;m-font-size&quot;:[0,&quot;16px&quot;],&quot;letter-spacing&quot;:[0,&quot;normal&quot;],&quot;text-transform&quot;:[0,&quot;none&quot;],&quot;text-decoration&quot;:[0,&quot;none&quot;]}],&quot;body-large&quot;:[0,{&quot;font-size&quot;:[0,&quot;18px&quot;],&quot;font-style&quot;:[0,&quot;normal&quot;],&quot;font-family&quot;:[0,&quot;var(--font-secondary)&quot;],&quot;font-weight&quot;:[0,400],&quot;line-height&quot;:[0,&quot;1.5&quot;],&quot;m-font-size&quot;:[0,&quot;18px&quot;],&quot;letter-spacing&quot;:[0,&quot;normal&quot;],&quot;text-transform&quot;:[0,&quot;none&quot;],&quot;text-decoration&quot;:[0,&quot;none&quot;]}],&quot;body-small&quot;:[0,{&quot;font-size&quot;:[0,&quot;14px&quot;],&quot;font-style&quot;:[0,&quot;normal&quot;],&quot;font-family&quot;:[0,&quot;var(--font-secondary)&quot;],&quot;font-weight&quot;:[0,500],&quot;line-height&quot;:[0,&quot;1.5&quot;],&quot;m-font-size&quot;:[0,&quot;14px&quot;],&quot;letter-spacing&quot;:[0,&quot;normal&quot;],&quot;text-transform&quot;:[0,&quot;uppercase&quot;],&quot;text-decoration&quot;:[0,&quot;none&quot;]}],&quot;grid-button-primary&quot;:[0,{&quot;font-size&quot;:[0,&quot;16px&quot;],&quot;padding-x&quot;:[0,&quot;40px&quot;],&quot;padding-y&quot;:[0,&quot;16px&quot;],&quot;font-color&quot;:[0,&quot;rgb(255, 255, 255)&quot;],&quot;font-style&quot;:[0,&quot;normal&quot;],&quot;border-null&quot;:[0,&quot;&quot;],&quot;font-family&quot;:[0,&quot;var(--font-secondary)&quot;],&quot;font-weight&quot;:[0,400],&quot;line-height&quot;:[0,&quot;normal&quot;],&quot;m-font-size&quot;:[0,&quot;16px&quot;],&quot;m-padding-x&quot;:[0,&quot;36px&quot;],&quot;m-padding-y&quot;:[0,&quot;14px&quot;],&quot;box-shadow-x&quot;:[0,&quot;0px&quot;],&quot;box-shadow-y&quot;:[0,&quot;0px&quot;],&quot;border-radius&quot;:[0,8],&quot;letter-spacing&quot;:[0,&quot;normal&quot;],&quot;text-transform&quot;:[0,&quot;none&quot;],&quot;box-shadow-blur&quot;:[0,&quot;0px&quot;],&quot;box-shadow-null&quot;:[0,&quot;&quot;],&quot;text-decoration&quot;:[0,&quot;none&quot;],&quot;background-color&quot;:[0,&quot;rgb(0, 0, 0)&quot;],&quot;box-shadow-color&quot;:[0,&quot;rgba(0, 0, 0, 0)&quot;],&quot;border-null-hover&quot;:[0,&quot;&quot;],&quot;box-shadow-spread&quot;:[0,&quot;0px&quot;],&quot;box-shadow-x-hover&quot;:[0,&quot;0px&quot;],&quot;box-shadow-y-hover&quot;:[0,&quot;0px&quot;],&quot;transition-duration&quot;:[0,&quot;0.2s&quot;],&quot;background-color-null&quot;:[0,&quot;&quot;],&quot;box-shadow-blur-hover&quot;:[0,&quot;0px&quot;],&quot;box-shadow-null-hover&quot;:[0,&quot;&quot;],&quot;background-color-hover&quot;:[0,&quot;rgb(29, 30, 32)&quot;],&quot;box-shadow-color-hover&quot;:[0,&quot;0px&quot;],&quot;box-shadow-spread-hover&quot;:[0,&quot;0px&quot;],&quot;transition-timing-function&quot;:[0,&quot;ease&quot;],&quot;background-color-null-hover&quot;:[0,&quot;&quot;]}],&quot;grid-button-secondary&quot;:[0,{&quot;font-size&quot;:[0,&quot;16px&quot;],&quot;padding-x&quot;:[0,&quot;40px&quot;],&quot;padding-y&quot;:[0,&quot;16px&quot;],&quot;font-color&quot;:[0,&quot;rgb(0, 0, 0)&quot;],&quot;font-style&quot;:[0,&quot;normal&quot;],&quot;border-null&quot;:[0,&quot;&quot;],&quot;font-family&quot;:[0,&quot;var(--font-secondary)&quot;],&quot;font-weight&quot;:[0,400],&quot;line-height&quot;:[0,&quot;normal&quot;],&quot;m-font-size&quot;:[0,&quot;16px&quot;],&quot;m-padding-x&quot;:[0,&quot;36px&quot;],&quot;m-padding-y&quot;:[0,&quot;14px&quot;],&quot;box-shadow-x&quot;:[0,&quot;0px&quot;],&quot;box-shadow-y&quot;:[0,&quot;0px&quot;],&quot;border-radius&quot;:[0,8],&quot;letter-spacing&quot;:[0,&quot;normal&quot;],&quot;text-transform&quot;:[0,&quot;none&quot;],&quot;box-shadow-blur&quot;:[0,&quot;0px&quot;],&quot;box-shadow-null&quot;:[0,&quot;&quot;],&quot;text-decoration&quot;:[0,&quot;none&quot;],&quot;background-color&quot;:[0,&quot;white&quot;],&quot;box-shadow-color&quot;:[0,&quot;rgba(0, 0, 0, 0)&quot;],&quot;border-null-hover&quot;:[0,&quot;&quot;],&quot;box-shadow-spread&quot;:[0,&quot;0px&quot;],&quot;box-shadow-x-hover&quot;:[0,&quot;0px&quot;],&quot;box-shadow-y-hover&quot;:[0,&quot;0px&quot;],&quot;transition-duration&quot;:[0,&quot;0.2s&quot;],&quot;background-color-null&quot;:[0,&quot;&quot;],&quot;box-shadow-blur-hover&quot;:[0,&quot;0px&quot;],&quot;box-shadow-null-hover&quot;:[0,&quot;&quot;],&quot;background-color-hover&quot;:[0,&quot;rgb(240, 240, 240)&quot;],&quot;box-shadow-color-hover&quot;:[0,&quot;0px&quot;],&quot;box-shadow-spread-hover&quot;:[0,&quot;0px&quot;],&quot;transition-timing-function&quot;:[0,&quot;ease&quot;],&quot;background-color-null-hover&quot;:[0,&quot;&quot;]}]}],&quot;domain&quot;:[0,&quot;bridgewaterarborcare.com&quot;],&quot;siteid&quot;:[0,&quot;2wjpxiyxnppezoyj&quot;],&quot;ecommerceshoppingcart&quot;:[0],&quot;blogcategories&quot;:[0,{&quot;z-tlyc&quot;:[0,{&quot;name&quot;:[0,&quot;landscaping&quot;]}],&quot;z8lajk&quot;:[0,{&quot;name&quot;:[0,&quot;arborist services&quot;]}],&quot;zhsfrb&quot;:[0,{&quot;name&quot;:[0,&quot;tree care&quot;]}],&quot;zs0wp9&quot;:[0,{&quot;name&quot;:[0,&quot;tree risk assessment&quot;]}],&quot;zt7lpr&quot;:[0,{&quot;name&quot;:[0,&quot;permitting services&quot;]}],&quot;zy0nwv&quot;:[0,{&quot;name&quot;:[0,&quot;tree installs&quot;]}],&quot;zzx95t&quot;:[0,{&quot;name&quot;:[0,&quot;tree survey&quot;]}],&quot;z_7jhk&quot;:[0,{&quot;name&quot;:[0,&quot;hazardous tree removal&quot;]}],&quot;zhg7jg&quot;:[0,{&quot;name&quot;:[0,&quot;tree trimming&quot;]}],&quot;zi50cl&quot;:[0,{&quot;name&quot;:[0,&quot;curb appeal&quot;]}],&quot;zkimjp&quot;:[0,{&quot;name&quot;:[0,&quot;palm tree trimming&quot;]}],&quot;zt3of9&quot;:[0,{&quot;name&quot;:[0,&quot;tree removal&quot;]}],&quot;zztyzt&quot;:[0,{&quot;name&quot;:[0,&quot;tree inventory&quot;]}]}],&quot;hasblogposts&quot;:[0,true],&quot;languageswitcherlanguages&quot;:[1,[]],&quot;currentpageid&quot;:[0,&quot;ai-vpd0j&quot;],&quot;productid&quot;:[0],&quot;languagekeys&quot;:[1,[[0,&quot;system&quot;]]],&quot;isdynamicproductpageenabled&quot;:[0,false],&quot;builddate&quot;:[0,&quot;1788119763322&quot;]}],&quot;productdata&quot;:[0]}",,Coconut Creek FL,landscaping company,gmaps
thebushelstops.com,https://thebushelstops.com,thebushelstops.com,eben@eyebytes.com,,Coconut Creek FL,landscaping company,gmaps
amkolandscaping.com,https://amkolandscaping.com,amkolandscaping.com,amko5641@gmail.com,,Coconut Creek FL,landscaping company,gmaps
superiorlandscapingservices.com,https://superiorlandscapingservices.com,superiorlandscapingservices.com,superiorlandscapingllc@yahoo.com,,Coconut Creek FL,landscaping company,gmaps
coconutcreek.net,https://coconutcreek.net,coconutcreek.net,publicrecords@coconutcreek.gov,,Coconut Creek FL,landscaping company,gmaps
ausmaintenance.com,https://ausmaintenance.com,ausmaintenance.com,info@ausmaintenance.com,,Coconut Creek FL,landscaping company,gmaps
yournextlandscapecompany.com,https://yournextlandscapecompany.com,yournextlandscapecompany.com,joshua@larsenlandscapingllc.com,,Coconut Creek FL,landscaping company,gmaps
groundlogicfl.com,https://groundlogicfl.com,groundlogicfl.com,info@groundlogicfl.com,,Coconut Creek FL,landscaping company,gmaps
randysmalllandscape.com,https://randysmalllandscape.com,randysmalllandscape.com,randysmalllandscape@gmail.com,,Coconut Creek FL,landscaping company,gmaps
mixingreen.com,https://mixingreen.com,mixingreen.com,support@schedulista.com,,Coconut Creek FL,landscaping company,gmaps
as4less-landscaping.com,https://as4less-landscaping.com,as4less-landscaping.com,contact@as4less.com,,Coconut Grove FL,landscaping company,gmaps
ambituar.com,https://ambituar.com,ambituar.com,e.cortes@ambituar.com,,Coconut Grove FL,landscaping company,gmaps
verdevertical.com,https://verdevertical.com,verdevertical.com,info@verdevertical.com,,Coconut Grove FL,landscaping company,gmaps
knolllandscapedesign.com,https://knolllandscapedesign.com,knolllandscapedesign.com,brent@knolllandscapedesign.com,,Coconut Grove FL,landscaping company,gmaps
plantscapemiami.com,https://plantscapemiami.com,plantscapemiami.com,team@latofonts.com,,Coconut Grove FL,landscaping company,gmaps
arborescentlandscape.com,https://arborescentlandscape.com,arborescentlandscape.com,info@arborescentlandscape.com,,Coconut Grove FL,landscaping company,gmaps
blaumlandscaping.com,https://blaumlandscaping.com,blaumlandscaping.com,info@blaumlandscaping.com,,Coconut Grove FL,landscaping company,gmaps
divine-landscaping.com,https://divine-landscaping.com,divine-landscaping.com,info@divine-landscaping.com,,Coconut Grove FL,landscaping company,gmaps
raymondjungles.com,https://raymondjungles.com,raymondjungles.com,info@raymondjungles.com,,Coconut Grove FL,landscaping company,gmaps
arlandscapedesign.com,https://arlandscapedesign.com,arlandscapedesign.com,areyeslandscapedesign@gmail.com,,Coconut Grove FL,landscaping company,gmaps
yardreach.com,https://yardreach.com,yardreach.com,support@yardreach.com,,Coconut Grove FL,landscaping company,gmaps
cricketpavers.com,https://cricketpavers.com,cricketpavers.com,agrillo@cricketpavers.com,,Coconut Grove FL,landscaping company,gmaps
babylonlawns.com,https://babylonlawns.com,babylonlawns.com,babylonlawns@gmail.com,,Coconut Grove FL,landscaping company,gmaps
plantsmiamishop.com,https://plantsmiamishop.com,plantsmiamishop.com,something@tyler.com,,Coconut Grove FL,landscaping company,gmaps
studioarth.com,https://studioarth.com,studioarth.com,info@studioarth.com,,Coconut Grove FL,landscaping company,gmaps
bobmarlawntree.com,https://bobmarlawntree.com,bobmarlawntree.com,bobmarlee@bellsouth.net,,Coconut Grove FL,landscaping company,gmaps
davidodishoo.com,https://davidodishoo.com,davidodishoo.com,studio@davidodishoo.com,,Coconut Grove FL,landscaping company,gmaps
naturesdreamlandscape.com,https://naturesdreamlandscape.com,naturesdreamlandscape.com,ccare@naturesdreamlandscape.com,,Coconut Grove FL,landscaping company,gmaps
habitatlc.com,https://habitatlc.com,habitatlc.com,bnoyes@habitatlc.com,,Coconut Grove FL,landscaping company,gmaps
grovedevelopmentgroup.com,https://grovedevelopmentgroup.com,grovedevelopmentgroup.com,info@grovedevelopmentgroup.com,,Coconut Grove FL,landscaping company,gmaps
arquitectonica.com,https://arquitectonica.com,arquitectonica.com,info@arquitectonica.com,,Coconut Grove FL,landscaping company,gmaps
powersolutionlandscaping.com,https://powersolutionlandscaping.com,powersolutionlandscaping.com,juliofadragas@gmail.com,,Coconut Grove FL,landscaping company,gmaps
lawnguysmia.com,https://lawnguysmia.com,lawnguysmia.com,admin@lighterupmia.com,,Coconut Grove FL,landscaping company,gmaps
formaneta.com,https://formaneta.com,formaneta.com,matt@pixelspread.com,,Coconut Grove FL,landscaping company,gmaps
deepstreamdesign.com,https://deepstreamdesign.com,deepstreamdesign.com,dsdmiami@gmail.com,,Coconut Grove FL,landscaping company,gmaps
perolasandmore.com,https://perolasandmore.com,perolasandmore.com,info@pergolasandmore.com,,Coconut Grove FL,landscaping company,gmaps
sundaystudiohome.com,https://sundaystudiohome.com,sundaystudiohome.com,hello@sundaystudiohome.com,,Coconut Grove FL,landscaping company,gmaps
pillarmg.net,https://pillarmg.net,pillarmg.net,info@pillarmg.net,,Coconut Grove FL,landscaping company,gmaps
brickellexclusiveblooms.com,https://brickellexclusiveblooms.com,brickellexclusiveblooms.com,wecare@brickellexclusiveblooms.com,,Coconut Grove FL,landscaping company,gmaps
fireflycontractor.com,https://fireflycontractor.com,fireflycontractor.com,sales@fireflycontractor.com,,Coconut Grove FL,landscaping company,gmaps
strang.design,https://strang.design,strang.design,reception@strang.design,,Coconut Grove FL,landscaping company,gmaps
casaplantamiami.com,https://casaplantamiami.com,casaplantamiami.com,landscapesolutions@casaplantamiami.com,,Coconut Grove FL,landscaping company,gmaps
sps.lighting,https://sps.lighting,sps.lighting,miami@sps.lighting,,Coconut Grove FL,landscaping company,gmaps
bloom-nursery.com,https://bloom-nursery.com,bloom-nursery.com,bloomnurserysales@gmail.com,,Cooper City FL,landscaping company,gmaps
landscapingpeople.com,https://landscapingpeople.com,landscapingpeople.com,info@landscapingpeople.com,,Cooper City FL,landscaping company,gmaps
gardenservices.com,https://gardenservices.com,gardenservices.com,info@gardenservices.com,,Cooper City FL,landscaping company,gmaps
designandcutlandscape.com,https://designandcutlandscape.com,designandcutlandscape.com,accounting@designandcutlandscape.com,,Cooper City FL,landscaping company,gmaps
datepalmsnursery.com,https://datepalmsnursery.com,datepalmsnursery.com,info@datepalmsnursery.com,,Cooper City FL,landscaping company,gmaps
friendlylandscapingllc.us,https://friendlylandscapingllc.us,friendlylandscapingllc.us,ldfriendlylandscaping@gmail.com,,Cooper City FL,landscaping company,gmaps
tntlandscapefl.com,https://tntlandscapefl.com,tntlandscapefl.com,tntland75@gmail.com,,Cooper City FL,landscaping company,gmaps
greenlanddesigns.com,https://greenlanddesigns.com,greenlanddesigns.com,green.land.design7@gmail.com,,Cooper City FL,landscaping company,gmaps
garmizosinc.com,https://garmizosinc.com,garmizosinc.com,info@garmizosinc.com,,Cooper City FL,landscaping company,gmaps
greenmonsterlandscaping.com,https://greenmonsterlandscaping.com,greenmonsterlandscaping.com,impallari@gmail.com,,Cooper City FL,landscaping company,gmaps
trueimagelandscaping.com,https://trueimagelandscaping.com,trueimagelandscaping.com,rick@trueimagelandscaping.com,,Cooper City FL,landscaping company,gmaps
flnurserymart.com,https://flnurserymart.com,flnurserymart.com,info@flnurserymart.com,,Cooper City FL,landscaping company,gmaps
showtimelandscaping.com,https://showtimelandscaping.com,showtimelandscaping.com,showtimegardens@aol.com,,Cooper City FL,landscaping company,gmaps
popsnursery.com,https://popsnursery.com,popsnursery.com,ecommerce@anchor-rockbm.com,,Cooper City FL,landscaping company,gmaps
abmlandscaping.org,https://abmlandscaping.org,abmlandscaping.org,burtmorrow2003@icloud.com,,Cooper City FL,landscaping company,gmaps
ponderosalandscaping.net,https://ponderosalandscaping.net,ponderosalandscaping.net,admin@ponderosalandscaping.net,,Cooper City FL,landscaping company,gmaps
cuttersedgepro.com,https://cuttersedgepro.com,cuttersedgepro.com,in**@************ro.com,,Cooper City FL,landscaping company,gmaps
epslandscaping.net,https://epslandscaping.net,epslandscaping.net,info@epslandscaping.net,,Cooper City FL,landscaping company,gmaps
thegreenstyles.com,https://thegreenstyles.com,thegreenstyles.com,thegreenstyles@gmail.com,,Cooper City FL,landscaping company,gmaps
topgreenfl.com,https://topgreenfl.com,topgreenfl.com,office@topgreenllc.com,,Cooper City FL,landscaping company,gmaps
sonshine-landscape.com,https://sonshine-landscape.com,sonshine-landscape.com,sonshinel@aol.com,,Cooper City FL,landscaping company,gmaps
edjservice.com,https://edjservice.com,edjservice.com,info@edjservice.com,,Cooper City FL,landscaping company,gmaps
acmesprinklersofbroward.com,https://acmesprinklersofbroward.com,acmesprinklersofbroward.com,jonpinhorn.typedesign@gmail.com,,Cooper City FL,landscaping company,gmaps
greenhorizonservices.net,https://greenhorizonservices.net,greenhorizonservices.net,contact@greenhorizonservices.com,,Cooper City FL,landscaping company,gmaps
lucalandscapingco.com,https://lucalandscapingco.com,lucalandscapingco.com,sales@lucalandscapingco.com,,Cooper City FL,landscaping company,gmaps
landrockdesign.com,https://landrockdesign.com,landrockdesign.com,"info@landrocksdesign.com&quot;,&quot;is_external&quot;:&quot;&quot;,&quot;nofollow&quot;:&quot;&quot;}",,Cooper City FL,landscaping company,gmaps
lilredslandscaping.com,https://lilredslandscaping.com,lilredslandscaping.com,lilredslandscaping@gmail.com,,Cooper City FL,landscaping company,gmaps
properscapesfl.com,https://properscapesfl.com,properscapesfl.com,properscapes@gmail.com,,Cooper City FL,landscaping company,gmaps
raymealemanlandscaping.com,https://raymealemanlandscaping.com,raymealemanlandscaping.com,info@raymelandscaping.com,,Cooper City FL,landscaping company,gmaps
condelandscaping.com,https://condelandscaping.com,condelandscaping.com,lucas@condelandscaping.com,,Coral Gables FL,landscaping company,gmaps
thoseplantguys.com,https://thoseplantguys.com,thoseplantguys.com,mike@thoseplantguys.com,,Coral Gables FL,landscaping company,gmaps
oolitemiami.com,https://oolitemiami.com,oolitemiami.com,eddielopez@oolitemiami.com,,Coral Gables FL,landscaping company,gmaps
grovetreeservicefl.com,https://grovetreeservicefl.com,grovetreeservicefl.com,info@grovetreeservicefl.com,,Coral Gables FL,landscaping company,gmaps
arborvisum.com,https://arborvisum.com,arborvisum.com,losangeles@construcfy.com,,Coral Gables FL,landscaping company,gmaps
gallowayfarminc.com,https://gallowayfarminc.com,gallowayfarminc.com,galloway_inc@bellsouth.net,,Coral Gables FL,landscaping company,gmaps
arborialandscape.com,https://arborialandscape.com,arborialandscape.com,arborialandscape@gmail.com,,Coral Gables FL,landscaping company,gmaps
kreativegardens.com,https://kreativegardens.com,kreativegardens.com,kreativegarden@gmail.com,,Coral Gables FL,landscaping company,gmaps
arriagaslandscaping.com,https://arriagaslandscaping.com,arriagaslandscaping.com,info@arriagaslandscaping.com,,Coral Gables FL,landscaping company,gmaps
romylandscaping.com,https://romylandscaping.com,romylandscaping.com,romylandscapingdesign@gmail.com,,Coral Gables FL,landscaping company,gmaps
yusedhomeservices.com,https://yusedhomeservices.com,yusedhomeservices.com,yusedhomeservices@gmail.com,,Coral Gables FL,landscaping company,gmaps
decoconcreteinc.com,https://decoconcreteinc.com,decoconcreteinc.com,m.aguilar@decoconcreteinc.com,,Coral Gables FL,landscaping company,gmaps
calimiahome.com,https://calimiahome.com,calimiahome.com,shop@calimiahome.com,,Coral Gables FL,landscaping company,gmaps
cchomes.com,https://cchomes.com,cchomes.com,utilitybilling@plantation.org,,Coral Gables FL,landscaping company,gmaps
gablesandgrove.com,https://gablesandgrove.com,gablesandgrove.com,office@gablesandgrove.com,,Coral Gables FL,landscaping company,gmaps
patio-n-things.com,https://patio-n-things.com,patio-n-things.com,info@patio-n-things.com,,Coral Gables FL,landscaping company,gmaps
lawnbrosflorida.com,https://lawnbrosflorida.com,lawnbrosflorida.com,lawnbrosflorida@gmail.com,,Coral Springs FL,landscaping company,gmaps
leprechaunlandscapes.com,https://leprechaunlandscapes.com,leprechaunlandscapes.com,info@leprechaunlandscapes.com,,Coral Springs FL,landscaping company,gmaps
sprinklersavings.com,https://sprinklersavings.com,sprinklersavings.com,info@keepingitgreen954.com,,Coral Springs FL,landscaping company,gmaps
5thavenuelandscaping.com,https://5thavenuelandscaping.com,5thavenuelandscaping.com,sales@5thavenuelandscaping.com,,Coral Springs FL,landscaping company,gmaps
montenegrolawnservice.com,https://montenegrolawnservice.com,montenegrolawnservice.com,johndoe@company.com,,Coral Springs FL,landscaping company,gmaps
castletreeart.com,https://castletreeart.com,castletreeart.com,castletreeart@gmail.com,,Coral Springs FL,landscaping company,gmaps
jjlawnserviceinc.com,https://jjlawnserviceinc.com,jjlawnserviceinc.com,maryann@jjlawnserviceinc.com,,Coral Springs FL,landscaping company,gmaps
greenlifeepc.com,https://greenlifeepc.com,greenlifeepc.com,greenlifeepc@gmail.com,,Coral Springs FL,landscaping company,gmaps
allsprinklerrepair.com,https://allsprinklerrepair.com,allsprinklerrepair.com,contact@allsprinklerrepair.com,,Coral Springs FL,landscaping company,gmaps
sharpbladeslawnservice.com,https://sharpbladeslawnservice.com,sharpbladeslawnservice.com,sharpbladeslawnservice@gmail.com,,Coral Springs FL,landscaping company,gmaps
aclandscapelawn.com,https://aclandscapelawn.com,aclandscapelawn.com,ayrtonc@aclandscapelawn.com,,Coral Springs FL,landscaping company,gmaps
mastertouchpools.com,https://mastertouchpools.com,mastertouchpools.com,info@mastertouchpools.com,,Coral Springs FL,landscaping company,gmaps
cslandscape.org,https://cslandscape.org,cslandscape.org,cve.s.snoddy@gmail.com,,Coral Springs FL,landscaping company,gmaps
adrianlandscape.com,https://adrianlandscape.com,adrianlandscape.com,info@adrianlandscape.com,,Coral Springs FL,landscaping company,gmaps
integratedturfcare.com,https://integratedturfcare.com,integratedturfcare.com,service@integratedturfcare.com,,Coral Springs FL,landscaping company,gmaps
touchofclasslandscapingllc.com,https://touchofclasslandscapingllc.com,touchofclasslandscapingllc.com,touchofclasslscape@gmail.com,,Coral Springs FL,landscaping company,gmaps
zionsreospecialists.com,https://zionsreospecialists.com,zionsreospecialists.com,frame-e0d71481e705fba0a510e7261fdbe1f7@mhtml.blink,,Coral Springs FL,landscaping company,gmaps
grsmgt.com,https://grsmgt.com,grsmgt.com,residentservices@grsmgt.com,,Coral Springs FL,landscaping company,gmaps
thegreendesignco.com,https://thegreendesignco.com,thegreendesignco.com,julie@thegreendesignco.com,,Coral Terrace FL,landscaping company,gmaps
melkrislandscaping.com,https://melkrislandscaping.com,melkrislandscaping.com,melkrislandscaping@yahoo.com,,Coral Terrace FL,landscaping company,gmaps
gandlandscaping.com,https://gandlandscaping.com,gandlandscaping.com,maynoradolfo81@gmail.com,,Coral Terrace FL,landscaping company,gmaps
coralcanopylandscapes.com,https://coralcanopylandscapes.com,coralcanopylandscapes.com,info@coralcanopylandscapes.com,,Coral Terrace FL,landscaping company,gmaps
cornersg.com,https://cornersg.com,cornersg.com,info@cornersg.com,,Coral Terrace FL,landscaping company,gmaps
greengrass3landscaping.com,https://greengrass3landscaping.com,greengrass3landscaping.com,ggrass3@msn.com,,Country Club FL,landscaping company,gmaps
bltlawncare.com,https://bltlawncare.com,bltlawncare.com,bltlawncare@gmail.com,,Country Club FL,landscaping company,gmaps
sabinopastorlandscaping.com,https://sabinopastorlandscaping.com,sabinopastorlandscaping.com,eben@eyebytes.com,,Country Club FL,landscaping company,gmaps
beautifullandscapingmiamifl.com,https://beautifullandscapingmiamifl.com,beautifullandscapingmiamifl.com,beautiful.treeservicesmiami@gmail.com,,Country Club FL,landscaping company,gmaps
landscapingfourseason.com,https://landscapingfourseason.com,landscapingfourseason.com,mail.sales@landscapingfourseason.com,,Country Club FL,landscaping company,gmaps
rdmlandscape.com,https://rdmlandscape.com,rdmlandscape.com,you@company.com,,Country Club FL,landscaping company,gmaps
rfm-landscaping.com,https://rfm-landscaping.com,rfm-landscaping.com,info@rfm-landscaping.com,,Country Club FL,landscaping company,gmaps
poisonivylandscaping.com,https://poisonivylandscaping.com,poisonivylandscaping.com,info@poisonivylandscaping.com,,Country Club FL,landscaping company,gmaps
100landscaping.com,https://100landscaping.com,100landscaping.com,info@100landscaping.com,,Country Club FL,landscaping company,gmaps
royalgardensfl.com,https://royalgardensfl.com,royalgardensfl.com,info@royalmaint.com,,Country Club FL,landscaping company,gmaps
q-banturf.com,https://q-banturf.com,q-banturf.com,gregortega1965@gmail.com,,Country Club FL,landscaping company,gmaps
novoalandscaping.com,https://novoalandscaping.com,novoalandscaping.com,support@intermarketing.io,,Country Club FL,landscaping company,gmaps
fortlauderdalelandscape.com,https://fortlauderdalelandscape.com,fortlauderdalelandscape.com,ftllandscapingco@gmail.com,,Country Club FL,landscaping company,gmaps
floridalandscapingdesign.com,https://floridalandscapingdesign.com,floridalandscapingdesign.com,info@indiantypefoundry.com,,Country Club FL,landscaping company,gmaps
cdmlandscapingcorp.com,https://cdmlandscapingcorp.com,cdmlandscapingcorp.com,cdmlandscaping@gmail.com,,Country Club FL,landscaping company,gmaps
visualscapeinc.com,https://visualscapeinc.com,visualscapeinc.com,info@visualscapeinc.com,,Country Club FL,landscaping company,gmaps
landscapeworkshop.com,https://landscapeworkshop.com,landscapeworkshop.com,info@landscapeworkshop.com,,Country Club FL,landscaping company,gmaps
tandclandscapesfl.com,https://tandclandscapesfl.com,tandclandscapesfl.com,admin@tandclandscapesfl.com,,Country Club FL,landscaping company,gmaps
tropicalsouthlandscaping.com,https://tropicalsouthlandscaping.com,tropicalsouthlandscaping.com,tropicalsouthlandscaping@gmail.com,,Cutler Bay FL,landscaping company,gmaps
lovescapelandscaping.com,https://lovescapelandscaping.com,lovescapelandscaping.com,loveallourlawns@gmail.com,,Cutler Bay FL,landscaping company,gmaps
piposunshinelandscaping.com,https://piposunshinelandscaping.com,piposunshinelandscaping.com,"piposunshinelandscapingllc@gmail.com&quot;],&quot;type&quot;:[0,&quot;gridbutton&quot;],&quot;mobile&quot;:[0,{&quot;top&quot;:[0,552],&quot;left&quot;:[0,60],&quot;width&quot;:[0,194],&quot;height&quot;:[0,56]}],&quot;target&quot;:[0,&quot;_self&quot;],&quot;content&quot;:[0,&quot;request a free estimate&quot;],&quot;desktop&quot;:[0,{&quot;top&quot;:[0,587],&quot;left&quot;:[0,0],&quot;width&quot;:[0,222],&quot;height&quot;:[0,67],&quot;fontsize&quot;:[0,18]}],&quot;linktype&quot;:[0,&quot;email&quot;],&quot;settings&quot;:[0,{&quot;type&quot;:[0,&quot;primary&quot;],&quot;styles&quot;:[0,{&quot;align&quot;:[0,&quot;center&quot;],&quot;justify&quot;:[0,&quot;center&quot;],&quot;m-element-margin&quot;:[0,&quot;0 0 16px 0&quot;]}]}],&quot;fontcolor&quot;:[0,&quot;rgb(255, 255, 255)&quot;],&quot;fontweight&quot;:[0,500],&quot;bordercolor&quot;:[0,&quot;#0d141a&quot;],&quot;borderwidth&quot;:[0,2],&quot;borderradius&quot;:[0,28],&quot;linkedpageid&quot;:[0,&quot;&quot;],&quot;fontcolorhover&quot;:[0,&quot;#0d141a&quot;],&quot;backgroundcolor&quot;:[0,&quot;rgb(49, 160, 80)&quot;],&quot;bordercolorhover&quot;:[0,&quot;#0d141a&quot;],&quot;initialelementid&quot;:[0,&quot;ztjxtx&quot;],&quot;backgroundcolorhover&quot;:[0,&quot;rgba(255, 255, 255, 0)&quot;]}],&quot;ai-phalhf&quot;:[0,{&quot;rel&quot;:[0,&quot;nofollow&quot;],&quot;type&quot;:[0,&quot;gridimage&quot;],&quot;mobile&quot;:[0,{&quot;top&quot;:[0,496],&quot;left&quot;:[0,0],&quot;width&quot;:[0,328],&quot;height&quot;:[0,320]}],&quot;desktop&quot;:[0,{&quot;top&quot;:[0,238],&quot;left&quot;:[0,927],&quot;width&quot;:[0,297],&quot;height&quot;:[0,320],&quot;borderradius&quot;:[0,&quot;16px&quot;]}],&quot;settings&quot;:[0,{&quot;alt&quot;:[0,&quot;a garden with a variety of plants and flowers&quot;],&quot;path&quot;:[0,&quot;481023014_1197543582375954_4672963558544541005_n-m6lzxmvwo8c0z6vv.jpg&quot;],&quot;origin&quot;:[0,&quot;assets&quot;],&quot;styles&quot;:[0,{&quot;align&quot;:[0,&quot;center&quot;],&quot;justify&quot;:[0,&quot;center&quot;],&quot;m-element-margin&quot;:[0,&quot;0 0 16px 0&quot;]}],&quot;clickaction&quot;:[0,&quot;none&quot;]}],&quot;fullresolutionwidth&quot;:[0,206],&quot;fullresolutionheight&quot;:[0,206]}],&quot;ai-s6sowy&quot;:[0,{&quot;rel&quot;:[0,&quot;nofollow&quot;],&quot;type&quot;:[0,&quot;gridimage&quot;],&quot;mobile&quot;:[0,{&quot;top&quot;:[0,1520],&quot;left&quot;:[0,0],&quot;width&quot;:[0,328],&quot;height&quot;:[0,320]}],&quot;desktop&quot;:[0,{&quot;top&quot;:[0,238],&quot;left&quot;:[0,309],&quot;width&quot;:[0,606],&quot;height&quot;:[0,656],&quot;borderradius&quot;:[0,&quot;16px&quot;]}],&quot;settings&quot;:[0,{&quot;alt&quot;:[0,&quot;a man in a helmet is cutting through a tree&quot;],&quot;path&quot;:[0,&quot;474595230_1166659635464349_4810240726331879559_n-awv4150pzwupxzpn.jpg&quot;],&quot;origin&quot;:[0,&quot;assets&quot;],&quot;styles&quot;:[0,{&quot;align&quot;:[0,&quot;center&quot;],&quot;justify&quot;:[0,&quot;center&quot;],&quot;m-element-margin&quot;:[0,&quot;0 0 16px 0&quot;]}],&quot;clickaction&quot;:[0,&quot;none&quot;]}],&quot;fullresolutionwidth&quot;:[0,1536],&quot;fullresolutionheight&quot;:[0,2048]}],&quot;ai-suioi-&quot;:[0,{&quot;type&quot;:[0,&quot;gridtextbox&quot;],&quot;mobile&quot;:[0,{&quot;top&quot;:[0,282],&quot;left&quot;:[0,0],&quot;width&quot;:[0,328],&quot;height&quot;:[0,24]}],&quot;content&quot;:[0,&quot;&lt;p dir=\&quot;auto\&quot; style=\&quot;color: rgb(255, 255, 255)\&quot; class=\&quot;body\&quot;&gt;786-306-5536&lt;/p&gt;&quot;],&quot;desktop&quot;:[0,{&quot;top&quot;:[0,114],&quot;left&quot;:[0,479],&quot;width&quot;:[0,266],&quot;height&quot;:[0,24]}],&quot;settings&quot;:[0,{&quot;styles&quot;:[0,{&quot;text&quot;:[0,&quot;left&quot;],&quot;align&quot;:[0,&quot;flex-start&quot;],&quot;justify&quot;:[0,&quot;center&quot;],&quot;m-element-margin&quot;:[0,&quot;0 0 24px 0&quot;]}]}],&quot;animation&quot;:[0,{&quot;name&quot;:[0,&quot;slide&quot;],&quot;type&quot;:[0,&quot;global&quot;]}],&quot;initialelementid&quot;:[0,&quot;froa6n-q74&quot;]}],&quot;ai-tclgjv&quot;:[0,{&quot;type&quot;:[0,&quot;gridtextbox&quot;],&quot;mobile&quot;:[0,{&quot;top&quot;:[0,40],&quot;left&quot;:[0,0],&quot;width&quot;:[0,328],&quot;height&quot;:[0,83]}],&quot;content&quot;:[0,&quot;&lt;h3 dir=\&quot;auto\&quot;&gt;our tree &amp;amp; landscaping services&lt;/h3&gt;&quot;],&quot;desktop&quot;:[0,{&quot;top&quot;:[0,80],&quot;left&quot;:[0,0],&quot;width&quot;:[0,1224],&quot;height&quot;:[0,62]}],&quot;settings&quot;:[0,{&quot;styles&quot;:[0,{&quot;text&quot;:[0,&quot;center&quot;],&quot;align&quot;:[0,&quot;flex-start&quot;],&quot;justify&quot;:[0,&quot;flex-start&quot;],&quot;m-element-margin&quot;:[0,&quot;0 0 16px 0&quot;]}]}],&quot;animation&quot;:[0,{&quot;name&quot;:[0,&quot;slide&quot;],&quot;type&quot;:[0,&quot;global&quot;]}],&quot;initialelementid&quot;:[0,&quot;z613bn&quot;]}],&quot;ai-vnz0-g&quot;:[0,{&quot;type&quot;:[0,&quot;gridtextbox&quot;],&quot;mobile&quot;:[0,{&quot;top&quot;:[0,255],&quot;left&quot;:[0,0],&quot;width&quot;:[0,328],&quot;height&quot;:[0,24]}],&quot;content&quot;:[0,&quot;&lt;p dir=\&quot;auto\&quot; class=\&quot;body\&quot; style=\&quot;color: rgb(255, 255, 255);\&quot;&gt;piposunshinelandscapingllc@gmail.com&lt;/p&gt;&quot;],&quot;desktop&quot;:[0,{&quot;top&quot;:[0,144],&quot;left&quot;:[0,480],&quot;width&quot;:[0,194],&quot;height&quot;:[0,48]}],&quot;settings&quot;:[0,{&quot;styles&quot;:[0,{&quot;text&quot;:[0,&quot;left&quot;],&quot;align&quot;:[0,&quot;flex-start&quot;],&quot;justify&quot;:[0,&quot;center&quot;],&quot;m-element-margin&quot;:[0,&quot;0 0 24px 0&quot;]}]}],&quot;animation&quot;:[0,{&quot;name&quot;:[0,&quot;slide&quot;],&quot;type&quot;:[0,&quot;global&quot;]}],&quot;initialelementid&quot;:[0,&quot;froa6n-q74&quot;]}],&quot;ai-wst-kw&quot;:[0,{&quot;type&quot;:[0,&quot;gridtextbox&quot;],&quot;mobile&quot;:[0,{&quot;top&quot;:[0,129],&quot;left&quot;:[0,0],&quot;width&quot;:[0,328],&quot;height&quot;:[0,72]}],&quot;content&quot;:[0,&quot;&lt;p dir=\&quot;auto\&quot; class=\&quot;body\&quot; style=\&quot;color: rgb(86, 88, 94);\&quot;&gt;professional tree care and landscaping solutions for residential and commercial properties throughout miami-dade county.&lt;/p&gt;&quot;],&quot;desktop&quot;:[0,{&quot;top&quot;:[0,160],&quot;left&quot;:[0,309],&quot;width&quot;:[0,606],&quot;height&quot;:[0,48]}],&quot;settings&quot;:[0,{&quot;styles&quot;:[0,{&quot;text&quot;:[0,&quot;center&quot;],&quot;align&quot;:[0,&quot;flex-start&quot;],&quot;justify&quot;:[0,&quot;flex-start&quot;],&quot;m-element-margin&quot;:[0,&quot;0 0 16px 0&quot;]}]}],&quot;animation&quot;:[0,{&quot;name&quot;:[0,&quot;slide&quot;],&quot;type&quot;:[0,&quot;global&quot;]}],&quot;initialelementid&quot;:[0,&quot;zhgxe-&quot;]}]}],&quot;nav&quot;:[1,[[0,{&quot;ishidden&quot;:[0,false],&quot;linktype&quot;:[0,&quot;page&quot;],&quot;subitems&quot;:[1,[]],&quot;navitemid&quot;:[0,&quot;tvgy5s&quot;],&quot;linkedpageid&quot;:[0,&quot;ai-s5wxq&quot;]}],[0,{&quot;ishidden&quot;:[0,false],&quot;linktype&quot;:[0,&quot;page&quot;],&quot;subitems&quot;:[1,[]],&quot;navitemid&quot;:[0,&quot;u1c4fm&quot;],&quot;linkedpageid&quot;:[0,&quot;ai-pgb9x&quot;]}],[0,{&quot;ishidden&quot;:[0,false],&quot;linktype&quot;:[0,&quot;page&quot;],&quot;subitems&quot;:[1,[]],&quot;navitemid&quot;:[0,&quot;ept_ud&quot;],&quot;linkedpageid&quot;:[0,&quot;ai-drfxp&quot;]}],[0,{&quot;ishidden&quot;:[0,false],&quot;linktype&quot;:[0,&quot;page&quot;],&quot;subitems&quot;:[1,[]],&quot;navitemid&quot;:[0,&quot;zk4zau&quot;],&quot;linkedpageid&quot;:[0,&quot;z3z-v4&quot;]}],[0,{&quot;ishidden&quot;:[0,false],&quot;linktype&quot;:[0,&quot;page&quot;],&quot;subitems&quot;:[1,[]],&quot;navitemid&quot;:[0,&quot;za23ub&quot;],&quot;linkedpageid&quot;:[0,&quot;zcb5nc&quot;]}],[0,{&quot;ishidden&quot;:[0,false],&quot;linktype&quot;:[0,&quot;page&quot;],&quot;subitems&quot;:[1,[]],&quot;navitemid&quot;:[0,&quot;f480jz&quot;],&quot;linkedpageid&quot;:[0,&quot;ai-rzk0e&quot;]}]]],&quot;currentlocale&quot;:[0,&quot;system&quot;],&quot;homepageid&quot;:[0,&quot;ai-s5wxq&quot;],&quot;cookiebanneraccepttext&quot;:[0,&quot;accept&quot;],&quot;cookiebannerdisclaimer&quot;:[0,&quot;this website uses cookies to provide necessary site functionality and to improve your experience. by using this website, you agree to our use of cookies.&quot;],&quot;cookiebannerdeclinetext&quot;:[0,&quot;decline&quot;],&quot;cookieconsenttranslations&quot;:[0,{&quot;categorynecessaryname&quot;:[0,&quot;strictly necessary cookies&quot;],&quot;categorynecessarydescription&quot;:[0,&quot;these cookies are essential for the website to function properly.&quot;],&quot;categoryplatformanalyticsname&quot;:[0,&quot;platform analytics&quot;],&quot;categoryplatformanalyticsdescription&quot;:[0,&quot;hostinger uses cookies and similar technologies to analyze how you use this website. this helps improve user experience and hostinger products. for this purpose, amplitude service is used to collect usage data that does not directly identify you. analytics are used only with your consent.&quot;]}],&quot;cookieconsentlocale&quot;:[0,&quot;system&quot;],&quot;blogreadingtimetext&quot;:[0],&quot;metatitle&quot;:[0],&quot;meta&quot;:[0,{&quot;version&quot;:[0,201],&quot;template&quot;:[0,&quot;aigenerated&quot;],&quot;googletag&quot;:[0,&quot;g-fs32t2elzs&quot;],&quot;metatitle&quot;:[0,&quot;pipo sunshine landscaping&quot;],&quot;custommeta&quot;:[0,&quot;&lt;meta name=\&quot;google-site-verification\&quot; content=\&quot;rgjaprhvdxqgedehuh0audxydlzlxt_1tqigcf5hczi\&quot; /&gt;&quot;],&quot;ogimagealt&quot;:[0,&quot;&quot;],&quot;faviconpath&quot;:[0,&quot;no_padding-yz980p0gvziqdqxe.png&quot;],&quot;ogimagepath&quot;:[0,&quot;400655536_839386111525038_6105653699854430628_n-yz980mvld0f8lkvn.jpg&quot;],&quot;aiwebsitetype&quot;:[0,&quot;business&quot;],&quot;defaultlocale&quot;:[0,&quot;system&quot;],&quot;faviconorigin&quot;:[0,&quot;assets&quot;],&quot;ogimageorigin&quot;:[0,&quot;assets&quot;],&quot;googleanalytics&quot;:[0,&quot;g-fs32t2elz8&quot;],&quot;ecommercestoreid&quot;:[0,&quot;store_01jq5sgn3pzewm7ks7txersczh&quot;],&quot;custombodyelements&quot;:[0,&quot;&quot;],&quot;customheadelements&quot;:[0,&quot;&lt;meta name=\&quot;google-site-verification\&quot; content=\&quot;rgjaprhvdxqgedehuh0audxydlzlxt_1tqigcf5hczi\&quot;&gt;&quot;],&quot;iscookiebarenabled&quot;:[0,false],&quot;isprivatemodeactive&quot;:[0,false],&quot;demoecommercestoreid&quot;:[0,&quot;demo_01g0e9p2r0cftnbweefcev8eg5&quot;],&quot;shouldaddwwwprefixtodomain&quot;:[0,false]}],&quot;forms&quot;:[0,{&quot;contact form&quot;:[0,{&quot;token&quot;:[0,&quot;a3q2knwxvnuwkvo6ooblag6jx9wma26n&quot;]}],&quot;contact form 1&quot;:[0,{&quot;token&quot;:[0,&quot;d954nnkdbpheyrvalromazgegvxdjzxe&quot;]}]}],&quot;styles&quot;:[0,{&quot;h1&quot;:[0,{&quot;font-size&quot;:[0,&quot;64px&quot;],&quot;font-style&quot;:[0,&quot;normal&quot;],&quot;font-family&quot;:[0,&quot;var(--font-primary)&quot;],&quot;font-weight&quot;:[0,600],&quot;line-height&quot;:[0,&quot;1.3&quot;],&quot;m-font-size&quot;:[0,&quot;40px&quot;],&quot;letter-spacing&quot;:[0,0],&quot;text-transform&quot;:[0,&quot;none&quot;],&quot;text-decoration&quot;:[0,&quot;none&quot;]}],&quot;h2&quot;:[0,{&quot;font-size&quot;:[0,&quot;56px&quot;],&quot;font-style&quot;:[0,&quot;normal&quot;],&quot;font-family&quot;:[0,&quot;var(--font-primary)&quot;],&quot;font-weight&quot;:[0,600],&quot;line-height&quot;:[0,&quot;1.3&quot;],&quot;m-font-size&quot;:[0,&quot;36px&quot;],&quot;letter-spacing&quot;:[0,0],&quot;text-transform&quot;:[0,&quot;none&quot;],&quot;text-decoration&quot;:[0,&quot;none&quot;]}],&quot;h3&quot;:[0,{&quot;font-size&quot;:[0,&quot;48px&quot;],&quot;font-style&quot;:[0,&quot;normal&quot;],&quot;font-family&quot;:[0,&quot;var(--font-primary)&quot;],&quot;font-weight&quot;:[0,600],&quot;line-height&quot;:[0,&quot;1.3&quot;],&quot;m-font-size&quot;:[0,&quot;32px&quot;],&quot;letter-spacing&quot;:[0,0],&quot;text-transform&quot;:[0,&quot;none&quot;],&quot;text-decoration&quot;:[0,&quot;none&quot;]}],&quot;h4&quot;:[0,{&quot;font-size&quot;:[0,&quot;40px&quot;],&quot;font-style&quot;:[0,&quot;normal&quot;],&quot;font-family&quot;:[0,&quot;var(--font-primary)&quot;],&quot;font-weight&quot;:[0,600],&quot;line-height&quot;:[0,&quot;1.3&quot;],&quot;m-font-size&quot;:[0,&quot;24px&quot;],&quot;letter-spacing&quot;:[0,0],&quot;text-transform&quot;:[0,&quot;none&quot;],&quot;text-decoration&quot;:[0,&quot;none&quot;]}],&quot;h5&quot;:[0,{&quot;font-size&quot;:[0,&quot;26px&quot;],&quot;font-style&quot;:[0,&quot;normal&quot;],&quot;font-family&quot;:[0,&quot;var(--font-primary)&quot;],&quot;font-weight&quot;:[0,600],&quot;line-height&quot;:[0,&quot;1.3&quot;],&quot;m-font-size&quot;:[0,&quot;20px&quot;],&quot;letter-spacing&quot;:[0,0],&quot;text-transform&quot;:[0,&quot;none&quot;],&quot;text-decoration&quot;:[0,&quot;none&quot;]}],&quot;h6&quot;:[0,{&quot;font-size&quot;:[0,&quot;18px&quot;],&quot;font-style&quot;:[0,&quot;normal&quot;],&quot;font-family&quot;:[0,&quot;var(--font-primary)&quot;],&quot;font-weight&quot;:[0,600],&quot;line-height&quot;:[0,&quot;1.3&quot;],&quot;m-font-size&quot;:[0,&quot;18px&quot;],&quot;letter-spacing&quot;:[0,0],&quot;text-transform&quot;:[0,&quot;none&quot;],&quot;text-decoration&quot;:[0,&quot;none&quot;]}],&quot;body&quot;:[0,{&quot;font-size&quot;:[0,&quot;16px&quot;],&quot;font-style&quot;:[0,&quot;normal&quot;],&quot;font-family&quot;:[0,&quot;var(--font-secondary)&quot;],&quot;font-weight&quot;:[0,400],&quot;line-height&quot;:[0,&quot;1.5&quot;],&quot;m-font-size&quot;:[0,&quot;16px&quot;],&quot;letter-spacing&quot;:[0,&quot;normal&quot;],&quot;text-transform&quot;:[0,&quot;none&quot;],&quot;text-decoration&quot;:[0,&quot;none&quot;]}],&quot;font&quot;:[0,{&quot;primary&quot;:[0,&quot;&#39;outfit&#39;, sans-serif&quot;],&quot;secondary&quot;:[0,&quot;&#39;inter&#39;, sans-serif&quot;]}],&quot;nav-link&quot;:[0,{&quot;color&quot;:[0,&quot;rgb(255, 255, 255)&quot;],&quot;font-size&quot;:[0,&quot;16px&quot;],&quot;font-style&quot;:[0,&quot;normal&quot;],&quot;color-hover&quot;:[0,&quot;#0d141a&quot;],&quot;font-family&quot;:[0,&quot;var(--font-secondary)&quot;],&quot;font-weight&quot;:[0,400],&quot;line-height&quot;:[0,&quot;1.5&quot;],&quot;m-font-size&quot;:[0,&quot;16px&quot;],&quot;letter-spacing&quot;:[0,&quot;normal&quot;],&quot;text-transform&quot;:[0,&quot;none&quot;],&quot;text-decoration&quot;:[0,&quot;none&quot;]}],&quot;body-large&quot;:[0,{&quot;font-size&quot;:[0,&quot;18px&quot;],&quot;font-style&quot;:[0,&quot;normal&quot;],&quot;font-family&quot;:[0,&quot;var(--font-secondary)&quot;],&quot;font-weight&quot;:[0,400],&quot;line-height&quot;:[0,&quot;1.5&quot;],&quot;m-font-size&quot;:[0,&quot;18px&quot;],&quot;letter-spacing&quot;:[0,&quot;normal&quot;],&quot;text-transform&quot;:[0,&quot;none&quot;],&quot;text-decoration&quot;:[0,&quot;none&quot;]}],&quot;body-small&quot;:[0,{&quot;font-size&quot;:[0,&quot;14px&quot;],&quot;font-style&quot;:[0,&quot;normal&quot;],&quot;font-family&quot;:[0,&quot;var(--font-secondary)&quot;],&quot;font-weight&quot;:[0,500],&quot;line-height&quot;:[0,&quot;1.5&quot;],&quot;m-font-size&quot;:[0,&quot;14px&quot;],&quot;letter-spacing&quot;:[0,&quot;normal&quot;],&quot;text-transform&quot;:[0,&quot;uppercase&quot;],&quot;text-decoration&quot;:[0,&quot;none&quot;]}],&quot;grid-button-primary&quot;:[0,{&quot;font-size&quot;:[0,&quot;16px&quot;],&quot;padding-x&quot;:[0,&quot;40px&quot;],&quot;padding-y&quot;:[0,&quot;16px&quot;],&quot;font-color&quot;:[0,&quot;#ffffff&quot;],&quot;font-style&quot;:[0,&quot;normal&quot;],&quot;border-null&quot;:[0,&quot;&quot;],&quot;font-family&quot;:[0,&quot;var(--font-secondary)&quot;],&quot;font-weight&quot;:[0,400],&quot;line-height&quot;:[0,&quot;normal&quot;],&quot;m-font-size&quot;:[0,&quot;16px&quot;],&quot;m-padding-x&quot;:[0,&quot;36px&quot;],&quot;m-padding-y&quot;:[0,&quot;14px&quot;],&quot;box-shadow-x&quot;:[0,&quot;0px&quot;],&quot;box-shadow-y&quot;:[0,&quot;0px&quot;],&quot;border-radius&quot;:[0,999],&quot;letter-spacing&quot;:[0,&quot;normal&quot;],&quot;text-transform&quot;:[0,&quot;none&quot;],&quot;box-shadow-blur&quot;:[0,&quot;0px&quot;],&quot;box-shadow-null&quot;:[0,&quot;&quot;],&quot;text-decoration&quot;:[0,&quot;none&quot;],&quot;background-color&quot;:[0,&quot;rgb(0, 0, 0)&quot;],&quot;box-shadow-color&quot;:[0,&quot;rgba(0, 0, 0, 0)&quot;],&quot;border-null-hover&quot;:[0,&quot;&quot;],&quot;box-shadow-spread&quot;:[0,&quot;0px&quot;],&quot;box-shadow-x-hover&quot;:[0,&quot;0px&quot;],&quot;box-shadow-y-hover&quot;:[0,&quot;0px&quot;],&quot;transition-duration&quot;:[0,&quot;0.2s&quot;],&quot;background-color-null&quot;:[0,&quot;&quot;],&quot;box-shadow-blur-hover&quot;:[0,&quot;0px&quot;],&quot;box-shadow-null-hover&quot;:[0,&quot;&quot;],&quot;background-color-hover&quot;:[0,&quot;rgb(29, 30, 32)&quot;],&quot;box-shadow-color-hover&quot;:[0,&quot;0px&quot;],&quot;box-shadow-spread-hover&quot;:[0,&quot;0px&quot;],&quot;transition-timing-function&quot;:[0,&quot;ease&quot;],&quot;background-color-null-hover&quot;:[0,&quot;&quot;]}],&quot;grid-button-secondary&quot;:[0,{&quot;font-size&quot;:[0,&quot;16px&quot;],&quot;padding-x&quot;:[0,&quot;40px&quot;],&quot;padding-y&quot;:[0,&quot;16px&quot;],&quot;font-color&quot;:[0,&quot;rgb(0, 0, 0)&quot;],&quot;font-style&quot;:[0,&quot;normal&quot;],&quot;border-null&quot;:[0,&quot;&quot;],&quot;font-family&quot;:[0,&quot;var(--font-secondary)&quot;],&quot;font-weight&quot;:[0,400],&quot;line-height&quot;:[0,&quot;normal&quot;],&quot;m-font-size&quot;:[0,&quot;16px&quot;],&quot;m-padding-x&quot;:[0,&quot;36px&quot;],&quot;m-padding-y&quot;:[0,&quot;14px&quot;],&quot;box-shadow-x&quot;:[0,&quot;0px&quot;],&quot;box-shadow-y&quot;:[0,&quot;0px&quot;],&quot;border-radius&quot;:[0,999],&quot;letter-spacing&quot;:[0,&quot;normal&quot;],&quot;text-transform&quot;:[0,&quot;none&quot;],&quot;box-shadow-blur&quot;:[0,&quot;0px&quot;],&quot;box-shadow-null&quot;:[0,&quot;&quot;],&quot;text-decoration&quot;:[0,&quot;none&quot;],&quot;background-color&quot;:[0,&quot;white&quot;],&quot;box-shadow-color&quot;:[0,&quot;rgba(0, 0, 0, 0)&quot;],&quot;border-null-hover&quot;:[0,&quot;&quot;],&quot;box-shadow-spread&quot;:[0,&quot;0px&quot;],&quot;box-shadow-x-hover&quot;:[0,&quot;0px&quot;],&quot;box-shadow-y-hover&quot;:[0,&quot;0px&quot;],&quot;transition-duration&quot;:[0,&quot;0.2s&quot;],&quot;background-color-null&quot;:[0,&quot;&quot;],&quot;box-shadow-blur-hover&quot;:[0,&quot;0px&quot;],&quot;box-shadow-null-hover&quot;:[0,&quot;&quot;],&quot;background-color-hover&quot;:[0,&quot;rgb(240, 240, 240)&quot;],&quot;box-shadow-color-hover&quot;:[0,&quot;0px&quot;],&quot;box-shadow-spread-hover&quot;:[0,&quot;0px&quot;],&quot;transition-timing-function&quot;:[0,&quot;ease&quot;],&quot;background-color-null-hover&quot;:[0,&quot;&quot;]}]}],&quot;domain&quot;:[0,&quot;piposunshinelandscaping.com&quot;],&quot;siteid&quot;:[0,&quot;alpewvepgphlj37v&quot;],&quot;ecommerceshoppingcart&quot;:[0],&quot;blogcategories&quot;:[0,{}],&quot;hasblogposts&quot;:[0,true],&quot;languageswitcherlanguages&quot;:[1,[]],&quot;currentpageid&quot;:[0,&quot;ai-s5wxq&quot;],&quot;productid&quot;:[0],&quot;languagekeys&quot;:[1,[[0,&quot;system&quot;]]],&quot;isdynamicproductpageenabled&quot;:[0,false],&quot;builddate&quot;:[0,&quot;1785440733360&quot;]}],&quot;productdata&quot;:[0]}",,Cutler Bay FL,landscaping company,gmaps
chlawnservice.com,https://chlawnservice.com,chlawnservice.com,ch.services919@gmail.com,,Cutler Bay FL,landscaping company,gmaps
varaderolandscaping.com,https://varaderolandscaping.com,varaderolandscaping.com,info@varaderolandscaping.com,,Cutler Bay FL,landscaping company,gmaps
alevongreen.com,https://alevongreen.com,alevongreen.com,info@alevongreen.com,,Cutler Bay FL,landscaping company,gmaps
soflosprinklers.com,https://soflosprinklers.com,soflosprinklers.com,office@soflosprinklers.com,,Cutler Bay FL,landscaping company,gmaps
bigronstreeservice.com,https://bigronstreeservice.com,bigronstreeservice.com,ron@bigronstreeservice.com,,Cutler Bay FL,landscaping company,gmaps
chadwellandsons.com,https://chadwellandsons.com,chadwellandsons.com,info@chadwellandsons.com,,Cutler Bay FL,landscaping company,gmaps
pestsandplants.com,https://pestsandplants.com,pestsandplants.com,pestsandplants@gmail.com,,Cutler Bay FL,landscaping company,gmaps
thalattaestate.com,https://thalattaestate.com,thalattaestate.com,thalattaestate@palmettobay-fl.gov,,Cutler Bay FL,landscaping company,gmaps
altamiranolandscaping.com,https://altamiranolandscaping.com,altamiranolandscaping.com,altamiranolandscaping@gmail.com,,Cutler Bay FL,landscaping company,gmaps
artscapesbybluesky.com,https://artscapesbybluesky.com,artscapesbybluesky.com,braddy@artscapesbybluesky.com,,Dania Beach FL,landscaping company,gmaps
anrlandscaping.com,https://anrlandscaping.com,anrlandscaping.com,anrlandscapingservices@gmail.com,,Dania Beach FL,landscaping company,gmaps
bridanlawnpros.com,https://bridanlawnpros.com,bridanlawnpros.com,hello@divilawncare.com,,Dania Beach FL,landscaping company,gmaps
thegreenexperts.com,https://thegreenexperts.com,thegreenexperts.com,info@thegreenexperts.com,,Dania Beach FL,landscaping company,gmaps
junipercares.com,https://junipercares.com,junipercares.com,ricardo.peraza@juniperlandscaping.com,,Dania Beach FL,landscaping company,gmaps
novellebuildgroup.com,https://novellebuildgroup.com,novellebuildgroup.com,contact@novellebuildgroup.com,,Dania Beach FL,landscaping company,gmaps
parsonstreeservice.com,https://parsonstreeservice.com,parsonstreeservice.com,support@webador.com,,Dania Beach FL,landscaping company,gmaps
usbrickandblock.com,https://usbrickandblock.com,usbrickandblock.com,mailto:info@usbrickandblock.com,,Dania Beach FL,landscaping company,gmaps
twqlandscaping.com,https://twqlandscaping.com,twqlandscaping.com,hello@twqlandscaping.com,,Dania Beach FL,landscaping company,gmaps
cristoballawnservices.com,https://cristoballawnservices.com,cristoballawnservices.com,info@cristoballawnservices.com,,Dania Beach FL,landscaping company,gmaps
cperezlandscapingscorp.com,https://cperezlandscapingscorp.com,cperezlandscapingscorp.com,ciriacoperez93@gmail.com,,Dania Beach FL,landscaping company,gmaps
digthatlandscaping.com,https://digthatlandscaping.com,digthatlandscaping.com,rjamesashley@gmail.com,,Dania Beach FL,landscaping company,gmaps
believeflowersllc.net,https://believeflowersllc.net,believeflowersllc.net,wecare@believeflowersllc.net,,Dania Beach FL,landscaping company,gmaps
emanuellandscapingfl.com,https://emanuellandscapingfl.com,emanuellandscapingfl.com,apediaz2012@gmail.com,,Davie FL,landscaping company,gmaps
trinity-lawncare.com,https://trinity-lawncare.com,trinity-lawncare.com,trinitylawncare@myyahoo.com,,Davie FL,landscaping company,gmaps
thetimeisnowdesignandbuild.com,https://thetimeisnowdesignandbuild.com,thetimeisnowdesignandbuild.com,matt@thetimeisnowdesignandbuild.com,,Davie FL,landscaping company,gmaps
flamingoroadnursery.com,https://flamingoroadnursery.com,flamingoroadnursery.com,btapestries@gmail.com,,Davie FL,landscaping company,gmaps
elegancelandscapingfl.com,https://elegancelandscapingfl.com,elegancelandscapingfl.com,sales@elegancelandscapingfl.com,,Davie FL,landscaping company,gmaps
artificialgrassliquidators.com,https://artificialgrassliquidators.com,artificialgrassliquidators.com,info@turfdistributors.com,,Davie FL,landscaping company,gmaps
botanicaldesignsfl.com,https://botanicaldesignsfl.com,botanicaldesignsfl.com,botdesn@comcast.net\,,Davie FL,landscaping company,gmaps
anglerlawn.com,https://anglerlawn.com,anglerlawn.com,%20sales@anglerlawn.com,,Davie FL,landscaping company,gmaps
livingstonlandscapes.com,https://livingstonlandscapes.com,livingstonlandscapes.com,michael@livingstonlandscapes.com,,Davie FL,landscaping company,gmaps
dynaserv.com,https://dynaserv.com,dynaserv.com,info@dynaservfl.com,,Davie FL,landscaping company,gmaps
lusciouslandscapingandpavers.com,https://lusciouslandscapingandpavers.com,lusciouslandscapingandpavers.com,info@lusciouslandscapingandpavers.com,,Davie FL,landscaping company,gmaps
naturalartlandscape.com,https://naturalartlandscape.com,naturalartlandscape.com,naturalartlandscape@hotmail.com,,Davie FL,landscaping company,gmaps
eprlandscaping.com,https://eprlandscaping.com,eprlandscaping.com,info@eprlandscaping.com,,Deerfield Beach FL,landscaping company,gmaps
aasprinkler.com,https://aasprinkler.com,aasprinkler.com,allamericansprinklers1@yahoo.com,,Deerfield Beach FL,landscaping company,gmaps
vankirkpools.com,https://vankirkpools.com,vankirkpools.com,receptionist@vankirkpools.com,,Deerfield Beach FL,landscaping company,gmaps
gardengoddessfl.com,https://gardengoddessfl.com,gardengoddessfl.com,gardengoddess422@gmail.com,,Deerfield Beach FL,landscaping company,gmaps
trugreen.com,https://trugreen.com,trugreen.com,jquery@3.7.1.js,,Deerfield Beach FL,landscaping company,gmaps
jblpestsolutions.com,https://jblpestsolutions.com,jblpestsolutions.com,jblpestsolutions@gmail.com,,Deerfield Beach FL,landscaping company,gmaps
livingeasylandscaping.com,https://livingeasylandscaping.com,livingeasylandscaping.com,info@livingeasylandscaping.com,,Deerfield Beach FL,landscaping company,gmaps
briscopm.com,https://briscopm.com,briscopm.com,elmaomarin@gmail.com,,Deerfield Beach FL,landscaping company,gmaps
greenleaflandscapingfl.com,https://greenleaflandscapingfl.com,greenleaflandscapingfl.com,greenlandscaping7@gmail.com,,Deerfield Beach FL,landscaping company,gmaps
gsapools.com,https://gsapools.com,gsapools.com,gsapoolservices@gmail.com,,Deerfield Beach FL,landscaping company,gmaps
kmjlandscape.com,https://kmjlandscape.com,kmjlandscape.com,info@kmjlandscape.com,,Deerfield Beach FL,landscaping company,gmaps
landscapebrothers.com,https://landscapebrothers.com,landscapebrothers.com,office@landscapebrothers.com,,Delray Beach FL,landscaping company,gmaps
belimitlesscontractors.com,https://belimitlesscontractors.com,belimitlesscontractors.com,belimitlesscontractors@gmail.com,,Delray Beach FL,landscaping company,gmaps
lumebymasick.com,https://lumebymasick.com,lumebymasick.com,info@lumebymasick.com,,Delray Beach FL,landscaping company,gmaps
junkrangerremoval.com,https://junkrangerremoval.com,junkrangerremoval.com,estimates@junkrangerremoval.com,,Delray Beach FL,landscaping company,gmaps
aztecalawndesign.com,https://aztecalawndesign.com,aztecalawndesign.com,aztecalawn@gmail.com,,Delray Beach FL,landscaping company,gmaps
caladesignstudio.com,https://caladesignstudio.com,caladesignstudio.com,info@caladesignstudio.com,,Delray Beach FL,landscaping company,gmaps
canopyarchitects.com,https://canopyarchitects.com,canopyarchitects.com,info@canopyarchitects.com,,Delray Beach FL,landscaping company,gmaps
eaguilarlandscapinginc.com,https://eaguilarlandscapinginc.com,eaguilarlandscapinginc.com,eaguilarlandscaping@gmail.com,,Delray Beach FL,landscaping company,gmaps
agtland.com,https://agtland.com,agtland.com,office@agtland.com,,Delray Beach FL,landscaping company,gmaps
gibbspro.com,https://gibbspro.com,gibbspro.com,info@gibbspro.com,,Delray Beach FL,landscaping company,gmaps
artdesignlandscaping.com,https://artdesignlandscaping.com,artdesignlandscaping.com,impallari@gmail.com,,Delray Beach FL,landscaping company,gmaps
cktreeservice.com,https://cktreeservice.com,cktreeservice.com,ckstreetrimming@gmail.com,,Delray Beach FL,landscaping company,gmaps
puttnaround.net,https://puttnaround.net,puttnaround.net,info@puttnaround.net,,Delray Beach FL,landscaping company,gmaps
projectxerofitus.com,https://projectxerofitus.com,projectxerofitus.com,proyectosxerofitus@gmail.com,,Doral FL,landscaping company,gmaps
sgwflorida.com,https://sgwflorida.com,sgwflorida.com,info@sgwcorp.com,,Doral FL,landscaping company,gmaps
tropicalturf.com,https://tropicalturf.com,tropicalturf.com,eben@eyebytes.com,,Doral FL,landscaping company,gmaps
artificialmundo.com,https://artificialmundo.com,artificialmundo.com,aleon7580@gmail.com,,Doral FL,landscaping company,gmaps
premiumlandscapingcorp.com,https://premiumlandscapingcorp.com,premiumlandscapingcorp.com,typesetit@att.net,,Doral FL,landscaping company,gmaps
olimarstone.com,https://olimarstone.com,olimarstone.com,sales@olimarstone.com,,Doral FL,landscaping company,gmaps
dluxeturf.com,https://dluxeturf.com,dluxeturf.com,services@dluxeturf.com,,Doral FL,landscaping company,gmaps
newstoneage.com,https://newstoneage.com,newstoneage.com,newstoneageinc@gmail.com,,Doral FL,landscaping company,gmaps
starsstripeslandscaping.com,https://starsstripeslandscaping.com,starsstripeslandscaping.com,micah@micahrich.com,,Doral FL,landscaping company,gmaps
patioempire.net,https://patioempire.net,patioempire.net,info@patioempire.net,,Doral FL,landscaping company,gmaps
greendadeoutdoor.com,https://greendadeoutdoor.com,greendadeoutdoor.com,parts@greendadeoutdoor.com,,Doral FL,landscaping company,gmaps
arangolandscaping.com,https://arangolandscaping.com,arangolandscaping.com,contact@arangolandscaping.com,,Doral FL,landscaping company,gmaps
thedragonturf.com,https://thedragonturf.com,thedragonturf.com,leo.w@thedragonturf.com,,Doral FL,landscaping company,gmaps
masterpaving.com,https://masterpaving.com,masterpaving.com,estimating@masterpaving.com,,Doral FL,landscaping company,gmaps
doralflowerdistrict.com,https://doralflowerdistrict.com,doralflowerdistrict.com,wecare@doralflowerdistrict.com,,Doral FL,landscaping company,gmaps
thepatiodistrict.com,https://thepatiodistrict.com,thepatiodistrict.com,info@thepatiodistrict.com,,Doral FL,landscaping company,gmaps
perellopatio.com,https://perellopatio.com,perellopatio.com,info@perellopatio.com,,Doral FL,landscaping company,gmaps
comaxflorida.com,https://comaxflorida.com,comaxflorida.com,info@comaxflorida.com,,Doral FL,landscaping company,gmaps
miamipaversclass.com,https://miamipaversclass.com,miamipaversclass.com,miamipaversclass@gmail.com,,Doral FL,landscaping company,gmaps
nativepestmanagement.com,https://nativepestmanagement.com,nativepestmanagement.com,help@nativepest.com,,Doral FL,landscaping company,gmaps
foremostco.com,https://foremostco.com,foremostco.com,info@foremostco.com,,Doral FL,landscaping company,gmaps
landscapingofmiami.com,https://landscapingofmiami.com,landscapingofmiami.com,team@latofonts.com,,El Portal FL,landscaping company,gmaps
abinfinitylawncare.godaddysites.com,https://abinfinitylawncare.godaddysites.com,abinfinitylawncare.godaddysites.com,abinfinitylawncare@gmail.com,,El Portal FL,landscaping company,gmaps
landscapede.com,https://landscapede.com,landscapede.com,info@landscapede.com,,El Portal FL,landscaping company,gmaps
plantthefuture.com,https://plantthefuture.com,plantthefuture.com,hello@plantthefuture.com,,El Portal FL,landscaping company,gmaps
shadefla.com,https://shadefla.com,shadefla.com,info@shadefla.com,,El Portal FL,landscaping company,gmaps
sublimegs.com,https://sublimegs.com,sublimegs.com,sublimegardenservices@gmail.com,,Florida City FL,landscaping company,gmaps
alexlandscapingmaintenancellcmia.com,https://alexlandscapingmaintenancellcmia.com,alexlandscapingmaintenancellcmia.com,franciscoalex496@gmail.com,,Florida City FL,landscaping company,gmaps
rdlandscapeservices.com,https://rdlandscapeservices.com,rdlandscapeservices.com,rd.landscape.service@gmail.com,,Florida City FL,landscaping company,gmaps
gtsyntheticturf.com,https://gtsyntheticturf.com,gtsyntheticturf.com,gtsyntheticturf@gmail.com,,Florida City FL,landscaping company,gmaps
marcosdiazlandscapinginc.com,https://marcosdiazlandscapinginc.com,marcosdiazlandscapinginc.com,leodiaz5656@gmail.com,,Florida City FL,landscaping company,gmaps
ladyvanda.com,https://ladyvanda.com,ladyvanda.com,orchids@ladyvanda.com,,Florida City FL,landscaping company,gmaps
lawnservicemiamidade.com,https://lawnservicemiamidade.com,lawnservicemiamidade.com,highergroundsservices.llc@gmail.com,,Florida City FL,landscaping company,gmaps
tropicoastlandscape.com,https://tropicoastlandscape.com,tropicoastlandscape.com,tropicoastlandscape@gmail.com,,Florida City FL,landscaping company,gmaps
mednicklandscape.com,https://mednicklandscape.com,mednicklandscape.com,estimates@mednicklandscape.com,,Florida City FL,landscaping company,gmaps
floridacityfl.gov,https://floridacityfl.gov,floridacityfl.gov,regine.monestime@floridacityfl.gov,,Florida City FL,landscaping company,gmaps
asanchez-landscaping.com,https://asanchez-landscaping.com,asanchez-landscaping.com,a.sanchezlandscaping20@gmail.com,,Florida City FL,landscaping company,gmaps
precisionlawncare26.com,https://precisionlawncare26.com,precisionlawncare26.com,precisionlawns26@gmail.com,,Florida City FL,landscaping company,gmaps
reliancecontractors.com,https://reliancecontractors.com,reliancecontractors.com,recruiting@reliancecontractors.com,,Florida City FL,landscaping company,gmaps
alexlandscapinginc.com,https://alexlandscapinginc.com,alexlandscapinginc.com,alexlandscapingincandnursery@gmail.com,,Florida City FL,landscaping company,gmaps
vividlandscaping.org,https://vividlandscaping.org,vividlandscaping.org,vivid@vividlandscaping.org,,Fontainebleau FL,landscaping company,gmaps
ganedenlandscape.com,https://ganedenlandscape.com,ganedenlandscape.com,wweeiihhuuaanngg@gmail.com,,Fontainebleau FL,landscaping company,gmaps
mermarlandscaping.com,https://mermarlandscaping.com,mermarlandscaping.com,landscapingmermar@hotmail.com,,Fontainebleau FL,landscaping company,gmaps
landscapinginmiami.com,https://landscapinginmiami.com,landscapinginmiami.com,contact@landscapinginmiami.com,,Fontainebleau FL,landscaping company,gmaps
tlcofsouthflorida.com,https://tlcofsouthflorida.com,tlcofsouthflorida.com,micah@micahrich.com,,Fontainebleau FL,landscaping company,gmaps
thegreenstandardmiami.com,https://thegreenstandardmiami.com,thegreenstandardmiami.com,info@thegreenstandardmiami.com,,Fontainebleau FL,landscaping company,gmaps
timberlandscaping.us,https://timberlandscaping.us,timberlandscaping.us,info@timberlandscaping.us,,Fort Lauderdale FL,landscaping company,gmaps
vmaintenancelandscaping.com,https://vmaintenancelandscaping.com,vmaintenancelandscaping.com,vmaintenancelandscaping@gmail.com,,Fort Lauderdale FL,landscaping company,gmaps
agilitypropertymaintenance.com,https://agilitypropertymaintenance.com,agilitypropertymaintenance.com,info@agilitypropertymaintenance.com,,Fort Lauderdale FL,landscaping company,gmaps
quicktrimmslawncare.com,https://quicktrimmslawncare.com,quicktrimmslawncare.com,info@quicktrimmslawncare.com,,Fort Lauderdale FL,landscaping company,gmaps
waterwisefl.com,https://waterwisefl.com,waterwisefl.com,waterwisefl@gmail.com,,Fort Lauderdale FL,landscaping company,gmaps
paradiselandscapelighting.com,https://paradiselandscapelighting.com,paradiselandscapelighting.com,tom@paradiselandscapelighting.com,,Fort Lauderdale FL,landscaping company,gmaps
danramoslandscaping.com,https://danramoslandscaping.com,danramoslandscaping.com,dan@danramoslandscaping.com,,Fort Lauderdale FL,landscaping company,gmaps
monkeyguytreeservice.org,https://monkeyguytreeservice.org,monkeyguytreeservice.org,lopezgonza293@gmail.com,,Fort Lauderdale FL,landscaping company,gmaps
perfecttreeservicescorp.com,https://perfecttreeservicescorp.com,perfecttreeservicescorp.com,remberto502@hotmail.com,,Fort Lauderdale FL,landscaping company,gmaps
dulanddesign.com,https://dulanddesign.com,dulanddesign.com,micah@micahrich.com,,Fort Lauderdale FL,landscaping company,gmaps
servicequeentrees.com,https://servicequeentrees.com,servicequeentrees.com,info@servicequeenlandscaping.com,,Fort Lauderdale FL,landscaping company,gmaps
vslandscapingservicesinc.com,https://vslandscapingservicesinc.com,vslandscapingservicesinc.com,info@vslandscapingservicesinc.com,,Fort Lauderdale FL,landscaping company,gmaps
manleytrees.com,https://manleytrees.com,manleytrees.com,hello@manleytrees.com,,Fort Lauderdale FL,landscaping company,gmaps
pavermax.com,https://pavermax.com,pavermax.com,pavermax@gmail.com,,Fort Lauderdale FL,landscaping company,gmaps
topcutlandscapingfl.com,https://topcutlandscapingfl.com,topcutlandscapingfl.com,webmaster@topcutlandscapingfl.com,,Fort Lauderdale FL,landscaping company,gmaps
lauderdaleconcrete.com,https://lauderdaleconcrete.com,lauderdaleconcrete.com,info@lauderdaleconcrete.com,,Fort Lauderdale FL,landscaping company,gmaps
caycolandscaping.com,https://caycolandscaping.com,caycolandscaping.com,info@caycolandscaping.com,,Fort Lauderdale FL,landscaping company,gmaps
prolandscapingfortlauderdale.com,https://prolandscapingfortlauderdale.com,prolandscapingfortlauderdale.com,office@prolandscapingfortlauderdale.com,,Fort Lauderdale FL,landscaping company,gmaps
treetimestumpgrind.com,https://treetimestumpgrind.com,treetimestumpgrind.com,email@treetimestumpgrind.com,,Golden Beach FL,landscaping company,gmaps
onecallgroundworks.com,https://onecallgroundworks.com,onecallgroundworks.com,onecallgroundworks@gmail.com,,Golden Beach FL,landscaping company,gmaps
goodvibesgeneralservices.com,https://goodvibesgeneralservices.com,goodvibesgeneralservices.com,sales@goodvibesgeneralservice.com,,Golden Beach FL,landscaping company,gmaps
outunlimited.com,https://outunlimited.com,outunlimited.com,info@outunlimited.com,,Golden Beach FL,landscaping company,gmaps
ecolandsmiami.com,https://ecolandsmiami.com,ecolandsmiami.com,ecolandsmiami@gmail.com,,Golden Beach FL,landscaping company,gmaps
popslandscapingllc.com,https://popslandscapingllc.com,popslandscapingllc.com,p.o.p.s.landscapingfl@gmail.com,,Greenacres FL,landscaping company,gmaps
evergreenlandscapefl.com,https://evergreenlandscapefl.com,evergreenlandscapefl.com,%20evergreenlandscapefl@gmail.com,,Greenacres FL,landscaping company,gmaps
fullcirclelawn.com,https://fullcirclelawn.com,fullcirclelawn.com,fullcirclelawn@hotmail.com,,Greenacres FL,landscaping company,gmaps
progreenservices.net,https://progreenservices.net,progreenservices.net,info@progreenservices.net,,Greenacres FL,landscaping company,gmaps
troplightpro.com,https://troplightpro.com,troplightpro.com,jeff@troplightpro.com,,Greenacres FL,landscaping company,gmaps
jtmulch.com,https://jtmulch.com,jtmulch.com,jt.mulchman@gmail.com,,Greenacres FL,landscaping company,gmaps
thegreenshape.com,https://thegreenshape.com,thegreenshape.com,customer@thegreenshape.com,,Greenacres FL,landscaping company,gmaps
purlawn.com,https://purlawn.com,purlawn.com,evan@purlawn.com,,Greenacres FL,landscaping company,gmaps
jjlandscapeservice.org,https://jjlandscapeservice.org,jjlandscapeservice.org,jjlandscape2006@gmail.com,,Greenacres FL,landscaping company,gmaps
lawncarejmm.com,https://lawncarejmm.com,lawncarejmm.com,lawncarejmm@gmail.com,,Greenacres FL,landscaping company,gmaps
outsideedgelandscaping.com,https://outsideedgelandscaping.com,outsideedgelandscaping.com,outsideedgelandscaping@gmail.com,,Greenacres FL,landscaping company,gmaps
palmbeachtreeandlandscape.com,https://palmbeachtreeandlandscape.com,palmbeachtreeandlandscape.com,info@pbtreeandlandscape.com,,Greenacres FL,landscaping company,gmaps
landscapergreenacresfl.com,https://landscapergreenacresfl.com,landscapergreenacresfl.com,soongreen@icloud.com,,Greenacres FL,landscaping company,gmaps
ringlerlandscape.com,https://ringlerlandscape.com,ringlerlandscape.com,contact@ringlerlandscape.com,,Greenacres FL,landscaping company,gmaps
manpowerirrigation.com,https://manpowerirrigation.com,manpowerirrigation.com,estimating@manpowerlw.com,,Greenacres FL,landscaping company,gmaps
bermudalandscape.com,https://bermudalandscape.com,bermudalandscape.com,info@bermudalandscape.com,,Greenacres FL,landscaping company,gmaps
naturalviewlandscapeinc.com,https://naturalviewlandscapeinc.com,naturalviewlandscapeinc.com,naturalview@bellsouth.net,,Greenacres FL,landscaping company,gmaps
paraisolandscapingllc.com,https://paraisolandscapingllc.com,paraisolandscapingllc.com,service@paraisolandscapingllc.com,,Greenacres FL,landscaping company,gmaps
landscaper-florida.com,https://landscaper-florida.com,landscaper-florida.com,admin@landscaper-florida.com,,Greenacres FL,landscaping company,gmaps
hometownlandscapingco.com,https://hometownlandscapingco.com,hometownlandscapingco.com,admin@hometownlandco.com,,Greenacres FL,landscaping company,gmaps
santiagolandscapinginc.com,https://santiagolandscapinginc.com,santiagolandscapinginc.com,victorzantiago.vs1@gmail.com\,,Greenacres FL,landscaping company,gmaps
allbrotherstreeservice.com,https://allbrotherstreeservice.com,allbrotherstreeservice.com,allbrotherstreeservice@gmail.com,,Greenacres FL,landscaping company,gmaps
revivallandscape.com,https://revivallandscape.com,revivallandscape.com,office@revivallandscape.com,,Greenacres FL,landscaping company,gmaps
jupiterlandscaping.net,https://jupiterlandscaping.net,jupiterlandscaping.net,jupiterlandscaping@gmail.com,,Greenacres FL,landscaping company,gmaps
irrigation-911.com,https://irrigation-911.com,irrigation-911.com,llcirrigation911@gmail.com,,Greenacres FL,landscaping company,gmaps
oceansidelandscapinginc.com,https://oceansidelandscapinginc.com,oceansidelandscapinginc.com,info@oceansidelandscapinginc.com,,Greenacres FL,landscaping company,gmaps
landscaperinwestpalmbeachfl.com,https://landscaperinwestpalmbeachfl.com,landscaperinwestpalmbeachfl.com,admin@landscaperinwestpalmbeachfl.com,,Greenacres FL,landscaping company,gmaps
gnslandscaping.com,https://gnslandscaping.com,gnslandscaping.com,seomyseoprojects@gmail.com,,Greenacres FL,landscaping company,gmaps
jmlandscapingfl.com,https://jmlandscapingfl.com,jmlandscapingfl.com,contact@jmlandscapingfl.com\,,Greenacres FL,landscaping company,gmaps
monstergrass-southflorida.com,https://monstergrass-southflorida.com,monstergrass-southflorida.com,abel@monstergrass.com,,Hallandale Beach FL,landscaping company,gmaps
syntheticgrassflorida.com,https://syntheticgrassflorida.com,syntheticgrassflorida.com,karl@syntheticgrass.com,,Hallandale Beach FL,landscaping company,gmaps
oreadfoundationcontractors.homes,https://oreadfoundationcontractors.homes,oreadfoundationcontractors.homes,info@oreadfoundationcontractors.com,,Hallandale Beach FL,landscaping company,gmaps
jmxelandscaping.com,https://jmxelandscaping.com,jmxelandscaping.com,jm.xelandscaping@gmail.com,,Hialeah FL,landscaping company,gmaps
hialeahlandscapingcompany.com,https://hialeahlandscapingcompany.com,hialeahlandscapingcompany.com,admin@hialeahlandscapingcompany.com,,Hialeah FL,landscaping company,gmaps
floridagardensupplies.com,https://floridagardensupplies.com,floridagardensupplies.com,support@floridagardensupplies.com,,Hialeah FL,landscaping company,gmaps
superlandscapemiami.com,https://superlandscapemiami.com,superlandscapemiami.com,info@superlandscapemiami.com,,Hialeah FL,landscaping company,gmaps
econoway.net,https://econoway.net,econoway.net,econowayextco@aol.com,,Hialeah FL,landscaping company,gmaps
sunnygreens.net,https://sunnygreens.net,sunnygreens.net,lcastillo@sunnygreens.net,,Hialeah FL,landscaping company,gmaps
greenspiritmiami.com,https://greenspiritmiami.com,greenspiritmiami.com,greenspiritmiami@gmail.com,,Hialeah Gardens FL,landscaping company,gmaps
lagolawnmowerdepot.com,https://lagolawnmowerdepot.com,lagolawnmowerdepot.com,lagolawnmowerdepot@gmail.com,,Hialeah Gardens FL,landscaping company,gmaps
designconcrete.org,https://designconcrete.org,designconcrete.org,alldconcrete@gmail.com,,Hialeah Gardens FL,landscaping company,gmaps
pestbros.net,https://pestbros.net,pestbros.net,5j@n.qf,,Hialeah Gardens FL,landscaping company,gmaps
miamitreecrew.com,https://miamitreecrew.com,miamitreecrew.com,info@miamitreecrew.com,,Hialeah Gardens FL,landscaping company,gmaps
ledareus.com,https://ledareus.com,ledareus.com,info@ledareus.com,,Hialeah Gardens FL,landscaping company,gmaps
dreamscape-gardens.com,https://dreamscape-gardens.com,dreamscape-gardens.com,info@dreamscape-gardens.com,,Hillsboro Beach FL,landscaping company,gmaps
corplawn.com,https://corplawn.com,corplawn.com,corplawnservice@gmail.com,,Hillsboro Beach FL,landscaping company,gmaps
spotpondtreeservice.com,https://spotpondtreeservice.com,spotpondtreeservice.com,treeman954@aol.com,,Hillsboro Beach FL,landscaping company,gmaps
deeprootsservices.com,https://deeprootsservices.com,deeprootsservices.com,contact@deeprootsservices.com,,Hillsboro Beach FL,landscaping company,gmaps
areasbestlandscaping.com,https://areasbestlandscaping.com,areasbestlandscaping.com,mark@areasbestlandscaping.com,,Hillsboro Beach FL,landscaping company,gmaps
southernarborservices.com,https://southernarborservices.com,southernarborservices.com,contact@southernarborservices.com,,Hillsboro Beach FL,landscaping company,gmaps
flatearthhardscapes.com,https://flatearthhardscapes.com,flatearthhardscapes.com,info@flatearthhardscapes.com,,Hillsboro Beach FL,landscaping company,gmaps
greenspacedesignassoc.com,https://greenspacedesignassoc.com,greenspacedesignassoc.com,greenspacedesign@bellsouth.net,,Hillsboro Beach FL,landscaping company,gmaps
bass-landscaping-and-irrigation-company.ueniweb.com,https://bass-landscaping-and-irrigation-company.ueniweb.com,bass-landscaping-and-irrigation-company.ueniweb.com,marcellodecarvalho76@gmail.com,,Hillsboro Beach FL,landscaping company,gmaps
coastalgardenspro.com,https://coastalgardenspro.com,coastalgardenspro.com,info@coastalgardenpro.com,,Hillsboro Beach FL,landscaping company,gmaps
greendaytree.com,https://greendaytree.com,greendaytree.com,greendaytree@aol.com,,Hillsboro Beach FL,landscaping company,gmaps
edwardssprinklers.com,https://edwardssprinklers.com,edwardssprinklers.com,info@edwardssprinklers.com,,Hillsboro Beach FL,landscaping company,gmaps
campbellpropertymanagement.com,https://campbellpropertymanagement.com,campbellpropertymanagement.com,contact@campbellproperty.com,,Hillsboro Beach FL,landscaping company,gmaps
coconutcreeklandscapingpros.com,https://coconutcreeklandscapingpros.com,coconutcreeklandscapingpros.com,info@coconutcreeklandscapingpros.com,,Hillsboro Beach FL,landscaping company,gmaps
twistedtrunk.net,https://twistedtrunk.net,twistedtrunk.net,twistedtrunkfla@gmail.com,,Hillsboro Beach FL,landscaping company,gmaps
happyholidaychristmastrees.com,https://happyholidaychristmastrees.com,happyholidaychristmastrees.com,cranstein@aol.com,,Hillsboro Beach FL,landscaping company,gmaps
newagepropertyservices.com,https://newagepropertyservices.com,newagepropertyservices.com,info@newagepropertyservices.com,,Hollywood FL,landscaping company,gmaps
tropicalgardensupply.com,https://tropicalgardensupply.com,tropicalgardensupply.com,info@tropicalgardensupply.com,,Hollywood FL,landscaping company,gmaps
theplantguy.com,https://theplantguy.com,theplantguy.com,info@theplantguy.com,,Hollywood FL,landscaping company,gmaps
alllandscapedata.com,https://alllandscapedata.com,alllandscapedata.com,questions@backyardamerica.com,,Hollywood FL,landscaping company,gmaps
thegardensofcapri.com,https://thegardensofcapri.com,thegardensofcapri.com,info@thegardensofcapri.com,,Hollywood FL,landscaping company,gmaps
jilsgardens.com,https://jilsgardens.com,jilsgardens.com,impallari@gmail.com,,Homestead FL,landscaping company,gmaps
nycelawnservices.com,https://nycelawnservices.com,nycelawnservices.com,nycelawn@gmail.com,,Homestead FL,landscaping company,gmaps
aquaticlandscape.com,https://aquaticlandscape.com,aquaticlandscape.com,info@aquaticlandscape.com,,Homestead FL,landscaping company,gmaps
mixdgreens.net,https://mixdgreens.net,mixdgreens.net,vjessee@mixdgreens.net,,Homestead FL,landscaping company,gmaps
rockandroselandscapes.com,https://rockandroselandscapes.com,rockandroselandscapes.com,admin@rockandroselandscapes.com,,Homestead FL,landscaping company,gmaps
chepesnursery.com,https://chepesnursery.com,chepesnursery.com,chepesnursery0916@gmail.com,,Homestead FL,landscaping company,gmaps
naturetouchnursery.com,https://naturetouchnursery.com,naturetouchnursery.com,micah@micahrich.com,,Homestead FL,landscaping company,gmaps
gmilandscaping.squarespace.com,https://gmilandscaping.squarespace.com,gmilandscaping.squarespace.com,gmi123landscaping@gmail.com,,Homestead FL,landscaping company,gmaps
rockandrosegrowersllc.net,https://rockandrosegrowersllc.net,rockandrosegrowersllc.net,rockandrosegrowers@gmail.com,,Homestead FL,landscaping company,gmaps
ordonez-p-landscapes.squarespace.com,https://ordonez-p-landscapes.squarespace.com,ordonez-p-landscapes.squarespace.com,usuario@dominio.com,,Homestead FL,landscaping company,gmaps
plantcreations.com,https://plantcreations.com,plantcreations.com,natives@plantcreations.com,,Homestead FL,landscaping company,gmaps
npkplus.com,https://npkplus.com,npkplus.com,handerson@gmail.com,,Homestead FL,landscaping company,gmaps
sfmservices.com,https://sfmservices.com,sfmservices.com,info@sfmservices.com,,Homestead FL,landscaping company,gmaps
livingcolors.com,https://livingcolors.com,livingcolors.com,info@livingcolors.com,,Homestead FL,landscaping company,gmaps
francobrotherstreeservice.com,https://francobrotherstreeservice.com,francobrotherstreeservice.com,francobrothers@yahoo.com,,Homestead FL,landscaping company,gmaps
rforchids.com,https://rforchids.com,rforchids.com,info@rforchids.com,,Homestead FL,landscaping company,gmaps
tropicallandscapingllc.com,https://tropicallandscapingllc.com,tropicallandscapingllc.com,info@tropicallandscapingllc.com,,Jupiter FL,landscaping company,gmaps
3hlandscapingllc.com,https://3hlandscapingllc.com,3hlandscapingllc.com,3hlandscapingllc@gmail.com,,Jupiter FL,landscaping company,gmaps
bongardlandscaping.com,https://bongardlandscaping.com,bongardlandscaping.com,bongardnursery@gmail.com,,Jupiter FL,landscaping company,gmaps
jvlandscapingexperts.com,https://jvlandscapingexperts.com,jvlandscapingexperts.com,jecer.velasquez@gmail.com,,Jupiter FL,landscaping company,gmaps
palmbeachoutdoordesigngroup.com,https://palmbeachoutdoordesigngroup.com,palmbeachoutdoordesigngroup.com,palmbeachoutdoordesigngroup@gmail.com,,Jupiter FL,landscaping company,gmaps
mhudsondesign.com,https://mhudsondesign.com,mhudsondesign.com,service@mhudsondesign.com,,Jupiter FL,landscaping company,gmaps
simplifiedlawn.com,https://simplifiedlawn.com,simplifiedlawn.com,info@simplifiedlawn.com,,Jupiter FL,landscaping company,gmaps
jupiterclusiaco.com,https://jupiterclusiaco.com,jupiterclusiaco.com,andrea@jupiterclusiaco.com,,Jupiter FL,landscaping company,gmaps
elitesyntheticturfllc.com,https://elitesyntheticturfllc.com,elitesyntheticturfllc.com,victor@elitesyntheticturfllc.com\,,Jupiter FL,landscaping company,gmaps
palmscapesllc.com,https://palmscapesllc.com,palmscapesllc.com,info@palmscapesllc.com,,Jupiter FL,landscaping company,gmaps
astlandscaping.com,https://astlandscaping.com,astlandscaping.com,typesetit@att.net,,Jupiter FL,landscaping company,gmaps
integritylandscapefl.com,https://integritylandscapefl.com,integritylandscapefl.com,integritylandscapepb@gmail.com,,Jupiter FL,landscaping company,gmaps
mpmlawns.com,https://mpmlawns.com,mpmlawns.com,rob@mpmlawns.com,,Jupiter FL,landscaping company,gmaps
big-boss-services.myshopify.com,https://big-boss-services.myshopify.com,big-boss-services.myshopify.com,bigbosslandscaping@gmail.com,,Jupiter FL,landscaping company,gmaps
alphazetaent.com,https://alphazetaent.com,alphazetaent.com,manager@alphazetaent.com,,Jupiter FL,landscaping company,gmaps
naturalbloomlandscape.com,https://naturalbloomlandscape.com,naturalbloomlandscape.com,contact@naturalbloomlandscape.com,,Jupiter FL,landscaping company,gmaps
puravidalandscape.com,https://puravidalandscape.com,puravidalandscape.com,puravidalandscapefl@gmail.com,,Jupiter FL,landscaping company,gmaps
jcurtislandscaping.com,https://jcurtislandscaping.com,jcurtislandscaping.com,jhcurtis516@yahoo.com,,Jupiter FL,landscaping company,gmaps
dixandsonslandscaping.com,https://dixandsonslandscaping.com,dixandsonslandscaping.com,jonpinhorn.typedesign@gmail.com,,Jupiter FL,landscaping company,gmaps
lawnstarsfl.com,https://lawnstarsfl.com,lawnstarsfl.com,lawn.stars01@gmail.com,,Jupiter FL,landscaping company,gmaps
hperezlandscapinginc.com,https://hperezlandscapinginc.com,hperezlandscapinginc.com,henry@hperezlandscapinginc.com\,,Jupiter FL,landscaping company,gmaps
shorelinelandscapingco.lovable.app,https://shorelinelandscapingco.lovable.app,shorelinelandscapingco.lovable.app,shorlinels2016@gmail.com,,Jupiter FL,landscaping company,gmaps
atlantic-landscaping.com,https://atlantic-landscaping.com,atlantic-landscaping.com,storey70@gmail.com\,,Jupiter FL,landscaping company,gmaps
vargasordonezlandscaping.com,https://vargasordonezlandscaping.com,vargasordonezlandscaping.com,kevynvargas868@gmail.com,,Jupiter FL,landscaping company,gmaps
margaritasnursery.com,https://margaritasnursery.com,margaritasnursery.com,margaritasnursery@gmail.com,,Kendall FL,landscaping company,gmaps
greenthumbsls.com,https://greenthumbsls.com,greenthumbsls.com,greenservises@gmail.com,,Kendall FL,landscaping company,gmaps
kendallnursery.com,https://kendallnursery.com,kendallnursery.com,kendallnursery7@gmail.com,,Kendall FL,landscaping company,gmaps
tylerschwartzdesign.com,https://tylerschwartzdesign.com,tylerschwartzdesign.com,tyler@plantsd.com,,Kendall FL,landscaping company,gmaps
turftim.com,https://turftim.com,turftim.com,tim@turftim.com,,Kendall FL,landscaping company,gmaps
fruittreesandbamboomiami.com,https://fruittreesandbamboomiami.com,fruittreesandbamboomiami.com,nadersh5461@gmail.com,,Kendall FL,landscaping company,gmaps
oasissodandnursery.com,https://oasissodandnursery.com,oasissodandnursery.com,info@oasissodandnursery.com,,Kendall FL,landscaping company,gmaps
frankslawn.com,https://frankslawn.com,frankslawn.com,info@frankslawn.com,,Kendall FL,landscaping company,gmaps
keycolonyhoa.org,https://keycolonyhoa.org,keycolonyhoa.org,manager@keycolonyhoa.org,,Key Biscayne FL,landscaping company,gmaps
sunshinetreetrimming.com,https://sunshinetreetrimming.com,sunshinetreetrimming.com,nelson@sunshinetreetrimming.com,,Key Biscayne FL,landscaping company,gmaps
originbuildinggroup.com,https://originbuildinggroup.com,originbuildinggroup.com,info@originbuildinggroup.com,,Key Biscayne FL,landscaping company,gmaps
sgarbors.com,https://sgarbors.com,sgarbors.com,inbox@sgarbors.com,,Key Biscayne FL,landscaping company,gmaps
maberusa.com,https://maberusa.com,maberusa.com,info@maberusa.com,,Key Biscayne FL,landscaping company,gmaps
ibisrepairgroup.com,https://ibisrepairgroup.com,ibisrepairgroup.com,andrew@ibisrepairgroup.com,,Key Biscayne FL,landscaping company,gmaps
dadedecorativeconcrete.com,https://dadedecorativeconcrete.com,dadedecorativeconcrete.com,info@dadedecorativeconcrete.com,,Key Biscayne FL,landscaping company,gmaps
fadecci.com,https://fadecci.com,fadecci.com,info@fadecci.com,,Key Biscayne FL,landscaping company,gmaps
plantpsychestudio.com,https://plantpsychestudio.com,plantpsychestudio.com,hello@plantpsychestudio.com,,Key Biscayne FL,landscaping company,gmaps
odairservices.com,https://odairservices.com,odairservices.com,odairservicescorp2002@gmail.com,,Key Biscayne FL,landscaping company,gmaps
carlosmarindesigner.com,https://carlosmarindesigner.com,carlosmarindesigner.com,info@carlosmarindesigner.com,,Key Biscayne FL,landscaping company,gmaps
nardesignstudio.com,https://nardesignstudio.com,nardesignstudio.com,info@nardesignstudio.com,,Key Biscayne FL,landscaping company,gmaps
universallandscapefl.com,https://universallandscapefl.com,universallandscapefl.com,office@universallandscapefl.com,,Lake Park FL,landscaping company,gmaps
freshstartmaintenance.com,https://freshstartmaintenance.com,freshstartmaintenance.com,office@freshstartmaintenance.com,,Lake Park FL,landscaping company,gmaps
sotolandscape.com,https://sotolandscape.com,sotolandscape.com,sotovasqueznico@gmail.com,,Lake Park FL,landscaping company,gmaps
jb-landscape.com,https://jb-landscape.com,jb-landscape.com,vincejeanbaptiste9@gmail.com,,Lake Park FL,landscaping company,gmaps
luxesyntheticturf.com,https://luxesyntheticturf.com,luxesyntheticturf.com,info@luxesyntheticturf.com,,Lake Park FL,landscaping company,gmaps
mnlandscapingservices.com,https://mnlandscapingservices.com,mnlandscapingservices.com,mnlandscapingservices@gmail.com,,Lake Park FL,landscaping company,gmaps
northcountylawn.com,https://northcountylawn.com,northcountylawn.com,info@mysite.com,,Lake Park FL,landscaping company,gmaps
wncflorida.com,https://wncflorida.com,wncflorida.com,info@whennaturecallsfl.com,,Lake Park FL,landscaping company,gmaps
laytonslandscaping.com,https://laytonslandscaping.com,laytonslandscaping.com,micah@micahrich.com,,Lake Park FL,landscaping company,gmaps
greengardensupply.biz,https://greengardensupply.biz,greengardensupply.biz,greengardensupplyfl@gmail.com,,Lake Park FL,landscaping company,gmaps
villagepalms.com,https://villagepalms.com,villagepalms.com,villagepalms@gmail.com,,Lake Park FL,landscaping company,gmaps
f-l-integrity-landscaping.myshopify.com,https://f-l-integrity-landscaping.myshopify.com,f-l-integrity-landscaping.myshopify.com,froilanlopez26@gmail.com,,Lake Park FL,landscaping company,gmaps
dj-landscaping-inc.ueniweb.com,https://dj-landscaping-inc.ueniweb.com,dj-landscaping-inc.ueniweb.com,djlandscapingservicesinc@gmail.com,,Lake Park FL,landscaping company,gmaps
arbortreelandscapes.com,https://arbortreelandscapes.com,arbortreelandscapes.com,arbortree@yahoo.com,,Lake Park FL,landscaping company,gmaps
helpmyyard.com,https://helpmyyard.com,helpmyyard.com,info@helpmyyard.com,,Lake Park FL,landscaping company,gmaps
outdoorpatioemporium.com,https://outdoorpatioemporium.com,outdoorpatioemporium.com,info@nicepatio.com,,Lake Park FL,landscaping company,gmaps
3brotherslawnservicesinc.com,https://3brotherslawnservicesinc.com,3brotherslawnservicesinc.com,contact@3brotherslawnservicesinc.com\,,Lake Park FL,landscaping company,gmaps
carswelllandscape.com,https://carswelllandscape.com,carswelllandscape.com,sebastian@aldusleaf.org,,Lake Park FL,landscaping company,gmaps
timslandclearing.com,https://timslandclearing.com,timslandclearing.com,wweeiihhuuaanngg@gmail.com,,Lake Park FL,landscaping company,gmaps
crownpestandlandscaping.com,https://crownpestandlandscaping.com,crownpestandlandscaping.com,vlad@htmlbook.ru,,Lake Park FL,landscaping company,gmaps
diegolandscapingfl.com,https://diegolandscapingfl.com,diegolandscapingfl.com,ejemplo@misitio.com,,Lake Park FL,landscaping company,gmaps
albatrossfla.com,https://albatrossfla.com,albatrossfla.com,example@mail.com,,Lake Park FL,landscaping company,gmaps
gblanddesigns.net,https://gblanddesigns.net,gblanddesigns.net,tami@gblanddesigns.com,,Lake Park FL,landscaping company,gmaps
angelslawnserviceinc.us,https://angelslawnserviceinc.us,angelslawnserviceinc.us,andresangelo92@gmail.com,,Lake Worth Beach FL,landscaping company,gmaps
jsanlandscape.com,https://jsanlandscape.com,jsanlandscape.com,info@jsanlandscape.com,,Lake Worth Beach FL,landscaping company,gmaps
alglandscapingllc.com,https://alglandscapingllc.com,alglandscapingllc.com,arnulfolopez561@gmail.com,,Lake Worth Beach FL,landscaping company,gmaps
artscapesoutdoorsfl.com,https://artscapesoutdoorsfl.com,artscapesoutdoorsfl.com,artscapesfl@gmail.com,,Lake Worth Beach FL,landscaping company,gmaps
greenviewscape.com,https://greenviewscape.com,greenviewscape.com,marvin.mg84@gmail.com,,Lake Worth Beach FL,landscaping company,gmaps
epicureanfl.com,https://epicureanfl.com,epicureanfl.com,service@epicureanfl.com,,Lake Worth Beach FL,landscaping company,gmaps
mendezbrotherslawnservices.com,https://mendezbrotherslawnservices.com,mendezbrotherslawnservices.com,mendezbrotherslawnservices@gmail.com,,Lake Worth Beach FL,landscaping company,gmaps
amayas-landscaping.com,https://amayas-landscaping.com,amayas-landscaping.com,amayaslandscaping2@gmail.com,,Lantana FL,landscaping company,gmaps
pepebrotherstreeservice.godaddysites.com,https://pepebrotherstreeservice.godaddysites.com,pepebrotherstreeservice.godaddysites.com,micah@micahrich.com,,Lantana FL,landscaping company,gmaps
sanctuary-gardens.com,https://sanctuary-gardens.com,sanctuary-gardens.com,contact@sanctuary-gardens.com,,Lantana FL,landscaping company,gmaps
liquidluxe.com,https://liquidluxe.com,liquidluxe.com,info@jmcpools.com,,Lantana FL,landscaping company,gmaps
floridalandscapelightingandsprinkler.com,https://floridalandscapelightingandsprinkler.com,floridalandscapelightingandsprinkler.com,info@floridalandscapelightingandsprinkler.com,,Lantana FL,landscaping company,gmaps
meadowbeautynursery.com,https://meadowbeautynursery.com,meadowbeautynursery.com,clwillow@comcast.net,,Lantana FL,landscaping company,gmaps
beautiful-outdoors.com,https://beautiful-outdoors.com,beautiful-outdoors.com,info@beautiful-outdoors.com,,Lantana FL,landscaping company,gmaps
escalantelandscaping.com,https://escalantelandscaping.com,escalantelandscaping.com,palms.landscaping311@gmail.com,,Lantana FL,landscaping company,gmaps
baltazarlandscapinginc.com,https://baltazarlandscapinginc.com,baltazarlandscapinginc.com,landcapingservicebaltazar@gmail.com,,Lantana FL,landscaping company,gmaps
aspensquare.com,https://aspensquare.com,aspensquare.com,5185@aspensquare.com,,Lantana FL,landscaping company,gmaps
jjfranklandscaping.com,https://jjfranklandscaping.com,jjfranklandscaping.com,jjfranklandscaping@gmail.com,,Lauderdale Lakes FL,landscaping company,gmaps
lawnservice.com,https://lawnservice.com,lawnservice.com,service@atom.com,,Lauderdale Lakes FL,landscaping company,gmaps
universallandscape.net,https://universallandscape.net,universallandscape.net,landscapeuniversal@yahoo.com,,Lauderdale Lakes FL,landscaping company,gmaps
milienlawnservices.com,https://milienlawnservices.com,milienlawnservices.com,1251970v@gmail.com,,Lauderdale Lakes FL,landscaping company,gmaps
theapexlandscapelighting.com,https://theapexlandscapelighting.com,theapexlandscapelighting.com,%20theapexlandscape@gmail.com,,Lauderdale Lakes FL,landscaping company,gmaps
greenartllc.com,https://greenartllc.com,greenartllc.com,admin@greenartllc.com,,Lauderdale Lakes FL,landscaping company,gmaps
caribbeantreeserviceinc.com,https://caribbeantreeserviceinc.com,caribbeantreeserviceinc.com,caribbeantreeservice@gmail.com,,Lauderdale Lakes FL,landscaping company,gmaps
form.jotform.com,https://form.jotform.com,form.jotform.com,support@jotform.com,,Lauderdale Lakes FL,landscaping company,gmaps
mandltoplandscapingfl.com,https://mandltoplandscapingfl.com,mandltoplandscapingfl.com,mltoplandscaping7070@gmail.com,,Lauderdale Lakes FL,landscaping company,gmaps
servicequeenlandscaping.com,https://servicequeenlandscaping.com,servicequeenlandscaping.com,info@servicequeenlandscaping.com,,Lauderhill FL,landscaping company,gmaps
spectrapalms.com,https://spectrapalms.com,spectrapalms.com,nh@razzinteractive.com,,Lauderhill FL,landscaping company,gmaps
treeserviceofsouthfloridainc.com,https://treeserviceofsouthfloridainc.com,treeserviceofsouthfloridainc.com,treeserviceofsouthfloridainc@gmail.com,,Lauderhill FL,landscaping company,gmaps
tinyleafmicrofarm.org,https://tinyleafmicrofarm.org,tinyleafmicrofarm.org,info@tinyleafmicrofarm.org,,Lauderhill FL,landscaping company,gmaps
lifegardeningtools.com,https://lifegardeningtools.com,lifegardeningtools.com,info@lifegardeningtools.com,,Lauderhill FL,landscaping company,gmaps
kkwservices.com,https://kkwservices.com,kkwservices.com,support@kkwservices.com,,Lauderhill FL,landscaping company,gmaps
onpointlandscapingfl.com,https://onpointlandscapingfl.com,onpointlandscapingfl.com,chris@onpointlandscapingfl.com,,Lauderhill FL,landscaping company,gmaps
potterslawn.com,https://potterslawn.com,potterslawn.com,info@potterslawn.com,,Lighthouse Point FL,landscaping company,gmaps
mystiquelandscape.com,https://mystiquelandscape.com,mystiquelandscape.com,mystiquelandscapeapar@gmail.com,,Lighthouse Point FL,landscaping company,gmaps
redlineturfandlighting.com,https://redlineturfandlighting.com,redlineturfandlighting.com,redlineturf@yahoo.com,,Lighthouse Point FL,landscaping company,gmaps
hayes-farms.com,https://hayes-farms.com,hayes-farms.com,jeremy@hayes-farms.com,,Lighthouse Point FL,landscaping company,gmaps
seasidepressureclean.net,https://seasidepressureclean.net,seasidepressureclean.net,seasidepressureclean@gmail.com,,Lighthouse Point FL,landscaping company,gmaps
bricksandblocks.com,https://bricksandblocks.com,bricksandblocks.com,nationalbrick@bellsouth.net,,Lighthouse Point FL,landscaping company,gmaps
eprfencing.com,https://eprfencing.com,eprfencing.com,info@eprfencing.com,,Lighthouse Point FL,landscaping company,gmaps
lawnservicefortlauderdale.com,https://lawnservicefortlauderdale.com,lawnservicefortlauderdale.com,contact@lawnservicefortlauderdale.com,,Lighthouse Point FL,landscaping company,gmaps
goldcoastls.com,https://goldcoastls.com,goldcoastls.com,info@gcpm.us,,Lighthouse Point FL,landscaping company,gmaps
margatefl.com,https://margatefl.com,margatefl.com,dsd@margatefl.com,,Margate FL,landscaping company,gmaps
gratefulclusianursery.com,https://gratefulclusianursery.com,gratefulclusianursery.com,gratefulclusianursery@gmail.com,,Margate FL,landscaping company,gmaps
niceandsmoothlandscaping.com,https://niceandsmoothlandscaping.com,niceandsmoothlandscaping.com,info@niceandsmoothlandscaping.com,,Margate FL,landscaping company,gmaps
staypinebrookpointe.com,https://staypinebrookpointe.com,staypinebrookpointe.com,bim10p05_website.email@slopejet.net,,Margate FL,landscaping company,gmaps
paradisegardenstwo.com,https://paradisegardenstwo.com,paradisegardenstwo.com,paradiseg2@bellsouth.net,,Margate FL,landscaping company,gmaps
palmshorespressurecleaning.com,https://palmshorespressurecleaning.com,palmshorespressurecleaning.com,info@palmshorespressurecleaning.com,,Margate FL,landscaping company,gmaps
topgunsprinklerandlawn.com,https://topgunsprinklerandlawn.com,topgunsprinklerandlawn.com,topgunsprinklerandlawnmaint@gmail.com,,Margate FL,landscaping company,gmaps
thelawnbrothersfl.com,https://thelawnbrothersfl.com,thelawnbrothersfl.com,thelawnbrothers692@gmail.com,,Margate FL,landscaping company,gmaps
jlc-building.com,https://jlc-building.com,jlc-building.com,mail@info.jlc-building.com,,Margate FL,landscaping company,gmaps
writtenlegacyturf.com,https://writtenlegacyturf.com,writtenlegacyturf.com,writtenlegacycorp@gmail.com,,Medley FL,landscaping company,gmaps
novahardscapes.com,https://novahardscapes.com,novahardscapes.com,diego@novahardscapes.com,,Medley FL,landscaping company,gmaps
buymulchdirect.com,https://buymulchdirect.com,buymulchdirect.com,info@buymulchdirect.com,,Medley FL,landscaping company,gmaps
floridawoodrecycling.com,https://floridawoodrecycling.com,floridawoodrecycling.com,info@floridawoodrecycling.com,,Medley FL,landscaping company,gmaps
coralstoneusa.com,https://coralstoneusa.com,coralstoneusa.com,sales@coralstoneusa.com,,Medley FL,landscaping company,gmaps
beachpebbles.com,https://beachpebbles.com,beachpebbles.com,sales@beachpebbles.com,,Miami FL,landscaping company,gmaps
floraofmiami.com,https://floraofmiami.com,floraofmiami.com,info@floraofmiami.com,,Miami FL,landscaping company,gmaps
plantdaddymiami.com,https://plantdaddymiami.com,plantdaddymiami.com,team@latofonts.com,,Miami FL,landscaping company,gmaps
adslawnserviceinc.com,https://adslawnserviceinc.com,adslawnserviceinc.com,info@adslawnserviceinc.com,,Miami FL,landscaping company,gmaps
hulseconstructiongroup.com,https://hulseconstructiongroup.com,hulseconstructiongroup.com,k.s.h.constructiongroup@gmail.com,,Miami FL,landscaping company,gmaps
mbgarden.org,https://mbgarden.org,mbgarden.org,growwithus@mbgarden.org,,Miami Beach FL,landscaping company,gmaps
treeserviceinmiamiflorida.com,https://treeserviceinmiamiflorida.com,treeserviceinmiamiflorida.com,contact@treeserviceinmiamiflorida.com,,Miami Beach FL,landscaping company,gmaps
blueskymiami.com,https://blueskymiami.com,blueskymiami.com,support@blueskymiami.com,,Miami Beach FL,landscaping company,gmaps
thefadegroup.com,https://thefadegroup.com,thefadegroup.com,rperez@thefadegroup.com,,Miami Beach FL,landscaping company,gmaps
mendex-fl.com,https://mendex-fl.com,mendex-fl.com,landmanagement@mendex-fl.com,,Miami Beach FL,landscaping company,gmaps
windowcleaningmiami.com,https://windowcleaningmiami.com,windowcleaningmiami.com,kleanwindowsmiami@gmail.com,,Miami Beach FL,landscaping company,gmaps
stonegardenbyo.com,https://stonegardenbyo.com,stonegardenbyo.com,info@stonegardenbyo.com,,Miami Gardens FL,landscaping company,gmaps
martinstreesolution.com,https://martinstreesolution.com,martinstreesolution.com,martinstreesolution@gmail.com,,Miami Gardens FL,landscaping company,gmaps
midtowngardencenter.com,https://midtowngardencenter.com,midtowngardencenter.com,midtowngardenceter@outlook.com,,Miami Gardens FL,landscaping company,gmaps
circleenterprize.com,https://circleenterprize.com,circleenterprize.com,circleenterprizellc@gmail.com,,Miami Gardens FL,landscaping company,gmaps
advancedhydrogardens.com,https://advancedhydrogardens.com,advancedhydrogardens.com,support@advancedhydrogardens.com,,Miami Gardens FL,landscaping company,gmaps
miamilakes.com,https://miamilakes.com,miamilakes.com,info@grahamcos.com,,Miami Lakes FL,landscaping company,gmaps
artisticstampconcrete.com,https://artisticstampconcrete.com,artisticstampconcrete.com,sales@contactasc.com,,Miami Lakes FL,landscaping company,gmaps
grsmanagement.com,https://grsmanagement.com,grsmanagement.com,customer@grsmanagement.com,,Miami Lakes FL,landscaping company,gmaps
allweatherpatio.com,https://allweatherpatio.com,allweatherpatio.com,sales@allweatherpatio.com,,Miami Lakes FL,landscaping company,gmaps
lioher.com,https://lioher.com,lioher.com,insidesaleseast@lioher.com,,Miami Lakes FL,landscaping company,gmaps
suncitystumpremoval.com,https://suncitystumpremoval.com,suncitystumpremoval.com,suncitystumpremoval411@gmail.com,,Miami Lakes FL,landscaping company,gmaps
strangeadvancedmarketing.com,https://strangeadvancedmarketing.com,strangeadvancedmarketing.com,sam@strangeadvancedmarketing.com,,Miami Lakes FL,landscaping company,gmaps
celebrationpointmca.com,https://celebrationpointmca.com,celebrationpointmca.com,info@celebrationpointmca.com,,Miami Lakes FL,landscaping company,gmaps
asphaltrepairmiami.com,https://asphaltrepairmiami.com,asphaltrepairmiami.com,service@linkeo.net,,Miami Lakes FL,landscaping company,gmaps
dtiarchitect.com,https://dtiarchitect.com,dtiarchitect.com,info@dtiarchitect.com,,Miami Lakes FL,landscaping company,gmaps
jirehtreecare.com,https://jirehtreecare.com,jirehtreecare.com,john@companyname.com,,Miami Lakes FL,landscaping company,gmaps
prestigewindoor.com,https://prestigewindoor.com,prestigewindoor.com,in**@*************or.com,,Miami Lakes FL,landscaping company,gmaps
naturalresourcesfl.com,https://naturalresourcesfl.com,naturalresourcesfl.com,nrpcfl@gmail.com,,Miami Shores FL,landscaping company,gmaps
abs-landscaping.com,https://abs-landscaping.com,abs-landscaping.com,davidlazar@abstreesandplants.com,,Miami Shores FL,landscaping company,gmaps
curtissmansion.com,https://curtissmansion.com,curtissmansion.com,productions@curtissmansion.org,,Miami Springs FL,landscaping company,gmaps
kidsplanetpreschools.com,https://kidsplanetpreschools.com,kidsplanetpreschools.com,info@kidsplanetpreschools.com,,Miami Springs FL,landscaping company,gmaps
springstowncenter.com,https://springstowncenter.com,springstowncenter.com,alescowebsite@gmail.com,,Miami Springs FL,landscaping company,gmaps
apartmentsinmiramar.com,https://apartmentsinmiramar.com,apartmentsinmiramar.com,miramarpark.webcommunitywebsite.lpcrentcafecrm@aptleasing.info,,Miramar FL,landscaping company,gmaps
crescentgarden.com,https://crescentgarden.com,crescentgarden.com,contactus@crescentgarden.com,,North Bay Village FL,landscaping company,gmaps
expertsremodeling.com,https://expertsremodeling.com,expertsremodeling.com,info@expertsremodeling.com,,North Bay Village FL,landscaping company,gmaps
washburnbroslandscapingllc.jobbersites.com,https://washburnbroslandscapingllc.jobbersites.com,washburnbroslandscapingllc.jobbersites.com,washburnbroslandscaping95@gmail.com,,North Lauderdale FL,landscaping company,gmaps
beavertreescape.com,https://beavertreescape.com,beavertreescape.com,team@latofonts.com,,North Miami FL,landscaping company,gmaps
tomasconcretemiami.com,https://tomasconcretemiami.com,tomasconcretemiami.com,tomasconcretemiami@gmail.com,,North Miami FL,landscaping company,gmaps
designbynaturelandscaping.com,https://designbynaturelandscaping.com,designbynaturelandscaping.com,designbynature1@hotmail.com,,North Miami Beach FL,landscaping company,gmaps
bobslawnmowerservice.com,https://bobslawnmowerservice.com,bobslawnmowerservice.com,swhitegas@aol.com,,North Miami Beach FL,landscaping company,gmaps
artisticpavers.com,https://artisticpavers.com,artisticpavers.com,info@artisticpavers.com,,North Miami Beach FL,landscaping company,gmaps
firstfloridalandcare.com,https://firstfloridalandcare.com,firstfloridalandcare.com,info@firstfloridalandcare.com,,Oakland Park FL,landscaping company,gmaps
ikescarterpools.com,https://ikescarterpools.com,ikescarterpools.com,//sales@ikescarterpools.com,,Oakland Park FL,landscaping company,gmaps
reliablepatio.com,https://reliablepatio.com,reliablepatio.com,reliablepatio@gmail.com,,Oakland Park FL,landscaping company,gmaps
discoverufi.org,https://discoverufi.org,discoverufi.org,jon@ufi.us.org,,Oakland Park FL,landscaping company,gmaps
cadence-living.com,https://cadence-living.com,cadence-living.com,rebecca@cadence-living.com,,Oakland Park FL,landscaping company,gmaps
erasmos-lawn-landscaping-service.ueniweb.com,https://erasmos-lawn-landscaping-service.ueniweb.com,erasmos-lawn-landscaping-service.ueniweb.com,danielandrade835@gmail.com,,Oakland Park FL,landscaping company,gmaps
cliffspools.com,https://cliffspools.com,cliffspools.com,info@cliffspools.com,,Oakland Park FL,landscaping company,gmaps
manpowerftl.com,https://manpowerftl.com,manpowerftl.com,info@manpowerdemolition.ca,,Oakland Park FL,landscaping company,gmaps
fed-eng.com,https://fed-eng.com,fed-eng.com,info@fed-eng.com,,Oakland Park FL,landscaping company,gmaps
superstone.com,https://superstone.com,superstone.com,orders@superstone.com,,Opa-locka FL,landscaping company,gmaps
arrow-asphalt.com,https://arrow-asphalt.com,arrow-asphalt.com,example@mysite.com,,Opa-locka FL,landscaping company,gmaps
totalchippersolution.com,https://totalchippersolution.com,totalchippersolution.com,totalchippersolutions@gmail.com,,Opa-locka FL,landscaping company,gmaps
scottlewisgardening.com,https://scottlewisgardening.com,scottlewisgardening.com,info@scottlewisgardening.com,,Palm Beach FL,landscaping company,gmaps
gardendesignpros.net,https://gardendesignpros.net,gardendesignpros.net,gardendesignpros@gmail.com,,Palm Beach FL,landscaping company,gmaps
palmbeachoutdoorcontracting.com,https://palmbeachoutdoorcontracting.com,palmbeachoutdoorcontracting.com,palmbeachoutdoorcontracting@gmail.com,,Palm Beach FL,landscaping company,gmaps
greenearthlandscapingfl.com,https://greenearthlandscapingfl.com,greenearthlandscapingfl.com,greenearthlal@gmail.com,,Palm Beach FL,landscaping company,gmaps
bjslandandtrees.com,https://bjslandandtrees.com,bjslandandtrees.com,team@bjslandandtrees.com,,Palm Beach FL,landscaping company,gmaps
americanlandscapedesign.com,https://americanlandscapedesign.com,americanlandscapedesign.com,americanlandscapedesigns@gmail.com,,Palm Beach FL,landscaping company,gmaps
vividgreenlandscape.com,https://vividgreenlandscape.com,vividgreenlandscape.com,vividgreendanny@gmail.com,,Palm Beach FL,landscaping company,gmaps
designerlandscapesfl.com,https://designerlandscapesfl.com,designerlandscapesfl.com,designerlandscapes@comcast.net,,Palm Beach FL,landscaping company,gmaps
scherbrotherslandscaping.com,https://scherbrotherslandscaping.com,scherbrotherslandscaping.com,scherbros774@gmail.com,,Palm Beach FL,landscaping company,gmaps
gardenind.com,https://gardenind.com,gardenind.com,sales@gardenind.com,,Palm Beach FL,landscaping company,gmaps
hometurflc.com,https://hometurflc.com,hometurflc.com,jr@adolfolandscaping.com,,Palm Beach FL,landscaping company,gmaps
palmbeachpreservation.org,https://palmbeachpreservation.org,palmbeachpreservation.org,info@palmbeachpreservation.org,,Palm Beach FL,landscaping company,gmaps
greenwallscapes.com,https://greenwallscapes.com,greenwallscapes.com,info@greenwallscapes.com,,Palm Beach FL,landscaping company,gmaps
snlandplan.com,https://snlandplan.com,snlandplan.com,info@snlandplan.com,,Palm Beach FL,landscaping company,gmaps
l-e-landscaping-inc.ueniweb.com,https://l-e-landscaping-inc.ueniweb.com,l-e-landscaping-inc.ueniweb.com,lizardorrr@gmail.com,,Palm Beach FL,landscaping company,gmaps
luxuryillumination.net,https://luxuryillumination.net,luxuryillumination.net,info@luxuryillumination.net,,Palm Beach FL,landscaping company,gmaps
tohireacar.com,https://tohireacar.com,tohireacar.com,support@tohireacar.com,,Palm Beach FL,landscaping company,gmaps
gardenclubpalmbeach.com,https://gardenclubpalmbeach.com,gardenclubpalmbeach.com,office@gardenclubpalmbeach.com,,Palm Beach FL,landscaping company,gmaps
botanicallc.com,https://botanicallc.com,botanicallc.com,info@botanicallc.com,,Palm Beach FL,landscaping company,gmaps
treasurecoastlandscapelighting.com,https://treasurecoastlandscapelighting.com,treasurecoastlandscapelighting.com,treasurecoastll@aol.com,,Palm Beach Gardens FL,landscaping company,gmaps
peaklawns.com,https://peaklawns.com,peaklawns.com,info@peaklawns.com,,Palm Beach Gardens FL,landscaping company,gmaps
meyersturfandnursery.com,https://meyersturfandnursery.com,meyersturfandnursery.com,marketing@meyersturfandnursery.com,,Palm Beach Gardens FL,landscaping company,gmaps
elegantlandscape.com,https://elegantlandscape.com,elegantlandscape.com,ricardo.peraza@juniperlandscaping.com,,Palm Beach Gardens FL,landscaping company,gmaps
puppaversinc.com,https://puppaversinc.com,puppaversinc.com,sue@puppaversinc.com,,Palm Beach Gardens FL,landscaping company,gmaps
pbcontractingservices.com,https://pbcontractingservices.com,pbcontractingservices.com,kalyn@palmbeachcontractingservices.com,,Palm Beach Gardens FL,landscaping company,gmaps
brightwaylandscapelighting.com,https://brightwaylandscapelighting.com,brightwaylandscapelighting.com,michael@brightwaylandscapelighting.com,,Palm Beach Gardens FL,landscaping company,gmaps
meaghersnursery.com,https://meaghersnursery.com,meaghersnursery.com,jingsam@bellsouth.net,,Palm Beach Gardens FL,landscaping company,gmaps
jmortonla.com,https://jmortonla.com,jmortonla.com,office@jmortonla.com,,Palm Beach Gardens FL,landscaping company,gmaps
jbmendozalands.netlify.app,https://jbmendozalands.netlify.app,jbmendozalands.netlify.app,jbmendozas83@yahoo.com,,Palm Beach Gardens FL,landscaping company,gmaps
aonestopgardenshop.com,https://aonestopgardenshop.com,aonestopgardenshop.com,info@1stopgarden.com,,Palm Beach Gardens FL,landscaping company,gmaps
martintotallawn.com,https://martintotallawn.com,martintotallawn.com,ray@martintotallawn.com,,Palm Beach Gardens FL,landscaping company,gmaps
insitestudio.com,https://insitestudio.com,insitestudio.com,info@insitestudio.com,,Palm Beach Gardens FL,landscaping company,gmaps
brlandscapedesign.com,https://brlandscapedesign.com,brlandscapedesign.com,br.landscapingfl@gmail.com,,Palm Springs FL,landscaping company,gmaps
dclandcarellc.godaddysites.com,https://dclandcarellc.godaddysites.com,dclandcarellc.godaddysites.com,sudtipos@sudtipos.com,,Palm Springs FL,landscaping company,gmaps
elitelandcaresolutions.com,https://elitelandcaresolutions.com,elitelandcaresolutions.com,service@elitelandcare.com,,Palm Springs FL,landscaping company,gmaps
thesandandgravelshop.com,https://thesandandgravelshop.com,thesandandgravelshop.com,info@sandandgravelshop.com,,Palmetto Bay FL,landscaping company,gmaps
stevestree.com,https://stevestree.com,stevestree.com,mainoffice@stevestree.com,,Palmetto Bay FL,landscaping company,gmaps
blingle.com,https://blingle.com,blingle.com,help@blingle.com,,Palmetto Bay FL,landscaping company,gmaps
fosterplants.com,https://fosterplants.com,fosterplants.com,info@fosterplants.com,,Palmetto Bay FL,landscaping company,gmaps
santastreefarms.com,https://santastreefarms.com,santastreefarms.com,santastreefarms20@gmail.com,,Palmetto Bay FL,landscaping company,gmaps
tarpinelandscapinginc.my.canva.site,https://tarpinelandscapinginc.my.canva.site,tarpinelandscapinginc.my.canva.site,tarpinelandscaping0713@gmail.com,,Palmetto Bay FL,landscaping company,gmaps
rgexcavation.com,https://rgexcavation.com,rgexcavation.com,eben@eyebytes.com,,Palmetto Bay FL,landscaping company,gmaps
landscapebydesignofpalmetto.com,https://landscapebydesignofpalmetto.com,landscapebydesignofpalmetto.com,info@landscapebydesignofpalmetto.com,,Palmetto Bay FL,landscaping company,gmaps
gratefultreeandhedge.com,https://gratefultreeandhedge.com,gratefultreeandhedge.com,gratefultreeandhedge@gmail.com,,Parkland FL,landscaping company,gmaps
greenlandfalls.com,https://greenlandfalls.com,greenlandfalls.com,manager@greenlandfalls.com,,Parkland FL,landscaping company,gmaps
landscapedesignofboca.com,https://landscapedesignofboca.com,landscapedesignofboca.com,mymail@mailservice.com,,Parkland FL,landscaping company,gmaps
cascataatmiralago.com,https://cascataatmiralago.com,cascataatmiralago.com,cascatamanager@miamimanagement.com,,Parkland FL,landscaping company,gmaps
americangrounds.us,https://americangrounds.us,americangrounds.us,contact@americangrounds.us,,Parkland FL,landscaping company,gmaps
sandgroup.org,https://sandgroup.org,sandgroup.org,contact@sandgroup.org,,Parkland FL,landscaping company,gmaps
aimpestcontrolfl.com,https://aimpestcontrolfl.com,aimpestcontrolfl.com,aimpestcontrolfl@gmail.com,,Parkland FL,landscaping company,gmaps
anchor-rockbm.com,https://anchor-rockbm.com,anchor-rockbm.com,admin@anchor-rockbm.com,,Pembroke Park FL,landscaping company,gmaps
worldviewlandscape.com,https://worldviewlandscape.com,worldviewlandscape.com,jonpinhorn.typedesign@gmail.com,,Pembroke Park FL,landscaping company,gmaps
xtremegardens.com,https://xtremegardens.com,xtremegardens.com,lee@xtremegardens.com,,Pembroke Park FL,landscaping company,gmaps
lopeztreelandscape.com,https://lopeztreelandscape.com,lopeztreelandscape.com,info@lopeztreeservice.com,,Pembroke Park FL,landscaping company,gmaps
encollc.com,https://encollc.com,encollc.com,imicolta@encollc.com,,Pembroke Park FL,landscaping company,gmaps
elanlawn.com,https://elanlawn.com,elanlawn.com,office@elanlawn.com,,Pembroke Park FL,landscaping company,gmaps
grassmastersexteriors.com,https://grassmastersexteriors.com,grassmastersexteriors.com,info@grassmastersexteriors.com,,Pinecrest FL,landscaping company,gmaps
pursuitofdestinyproduction.com,https://pursuitofdestinyproduction.com,pursuitofdestinyproduction.com,info@pursuitofdestinyproduction.com,,Pinecrest FL,landscaping company,gmaps
hirnisflorist.net,https://hirnisflorist.net,hirnisflorist.net,hirnisinfo@gmail.com,,Pinecrest FL,landscaping company,gmaps
gdtlawnservicescorp.com,https://gdtlawnservicescorp.com,gdtlawnservicescorp.com,deliaflores3008@gmail.com,,Pinecrest FL,landscaping company,gmaps
pinecrest9236.com,https://pinecrest9236.com,pinecrest9236.com,usuario@dominio.com,,Pinecrest FL,landscaping company,gmaps
paradisegrillsdirect.com,https://paradisegrillsdirect.com,paradisegrillsdirect.com,sales@paradisegrills.com,,Pinecrest FL,landscaping company,gmaps
famouspastures.com,https://famouspastures.com,famouspastures.com,paulsnyder@famouspastures.com,,Plantation FL,landscaping company,gmaps
harborgroupmanagement.com,https://harborgroupmanagement.com,harborgroupmanagement.com,bettina@hounder.co,,Plantation FL,landscaping company,gmaps
terracesapts.com,https://terracesapts.com,terracesapts.com,theterraces-w@m.knck.io,,Plantation FL,landscaping company,gmaps
durafield.com,https://durafield.com,durafield.com,orlando@durafield.com,,Pompano Beach FL,landscaping company,gmaps
cuttingedgefl.com,https://cuttingedgefl.com,cuttingedgefl.com,info@cuttingedgefl.com,,Pompano Beach FL,landscaping company,gmaps
brind.us,https://brind.us,brind.us,sales@brind.us,,Pompano Beach FL,landscaping company,gmaps
foliage-express.myshopify.com,https://foliage-express.myshopify.com,foliage-express.myshopify.com,foliageexpress@gmail.com,,Pompano Beach FL,landscaping company,gmaps
palmtreedr.com,https://palmtreedr.com,palmtreedr.com,palmtreedr@palmtreedr.com,,Pompano Beach FL,landscaping company,gmaps
phoenix-landscape.com,https://phoenix-landscape.com,phoenix-landscape.com,support@be-interactive.us,,Riviera Beach FL,landscaping company,gmaps
malachistreeservice.com,https://malachistreeservice.com,malachistreeservice.com,astigma@astigmatic.com,,Riviera Beach FL,landscaping company,gmaps
bonsai-landscaping.ueniweb.com,https://bonsai-landscaping.ueniweb.com,bonsai-landscaping.ueniweb.com,rawrichie@hotmail.com,,Riviera Beach FL,landscaping company,gmaps
unitedlandscapeservice.com,https://unitedlandscapeservice.com,unitedlandscapeservice.com,info@unitedlandscapeservice.com,,Riviera Beach FL,landscaping company,gmaps
tranquilwaterscapes.com,https://tranquilwaterscapes.com,tranquilwaterscapes.com,info@tranquilwaterscapes.com,,Riviera Beach FL,landscaping company,gmaps
koismart.com,https://koismart.com,koismart.com,info@koismart.com,,Riviera Beach FL,landscaping company,gmaps
thelandscaperstore.com,https://thelandscaperstore.com,thelandscaperstore.com,david@thelandscaperstore.com,,Royal Palm Beach FL,landscaping company,gmaps
hs2g.net,https://hs2g.net,hs2g.net,pete@hs2g.net,,Sea Ranch Lakes FL,landscaping company,gmaps
dlsturfcourts.com,https://dlsturfcourts.com,dlsturfcourts.com,dls@dlsturfcourts.com,,Sea Ranch Lakes FL,landscaping company,gmaps
paversofpalmbeach.com,https://paversofpalmbeach.com,paversofpalmbeach.com,office@perfectpavers.com,,Sea Ranch Lakes FL,landscaping company,gmaps
matthewgiampietro.com,https://matthewgiampietro.com,matthewgiampietro.com,mgwaterfalls@gmail.com,,Sea Ranch Lakes FL,landscaping company,gmaps
thecleanguyspaversealing.com,https://thecleanguyspaversealing.com,thecleanguyspaversealing.com,mikecrim123@gmail.com,,Sea Ranch Lakes FL,landscaping company,gmaps
proyardlandscaping.com,https://proyardlandscaping.com,proyardlandscaping.com,proyardandlandscaping@gmail.com,,Sea Ranch Lakes FL,landscaping company,gmaps
benturf.com,https://benturf.com,benturf.com,info@benturflandscaping.com,,Sea Ranch Lakes FL,landscaping company,gmaps
kellyrestorations.com,https://kellyrestorations.com,kellyrestorations.com,shane@kellyrestorations.com,,Sea Ranch Lakes FL,landscaping company,gmaps
pacificlawnsprinklers.com,https://pacificlawnsprinklers.com,pacificlawnsprinklers.com,support@pacificlawnsprinklers.com,,Sea Ranch Lakes FL,landscaping company,gmaps
nelsonslawnmaintenancellc.com,https://nelsonslawnmaintenancellc.com,nelsonslawnmaintenancellc.com,nelsonslawnmaintenancellc@gmail.com,,Sea Ranch Lakes FL,landscaping company,gmaps
mynightscape.com,https://mynightscape.com,mynightscape.com,evan@mynightscape.com,,Sea Ranch Lakes FL,landscaping company,gmaps
tthelawncare.com,https://tthelawncare.com,tthelawncare.com,tthelawncare@gmail.com,,Sea Ranch Lakes FL,landscaping company,gmaps
miamiplants.com,https://miamiplants.com,miamiplants.com,shazwarkhan.5@gmail.com,,South Miami FL,landscaping company,gmaps
slmturf.com,https://slmturf.com,slmturf.com,admin@syntheticlawnsmiami.com,,South Miami FL,landscaping company,gmaps
greenlabelproducts.com,https://greenlabelproducts.com,greenlabelproducts.com,info@greenlabelproducts.com,,South Miami FL,landscaping company,gmaps
naturalficial.com,https://naturalficial.com,naturalficial.com,info@naturalficial.com,,South Miami FL,landscaping company,gmaps
modernaturefl.com,https://modernaturefl.com,modernaturefl.com,modernaturefl@gmail.com,,Southwest Ranches FL,landscaping company,gmaps
perfectchoicenursery.com,https://perfectchoicenursery.com,perfectchoicenursery.com,perfectchoicelc@bellsouth.net,,Southwest Ranches FL,landscaping company,gmaps
yardepot.com,https://yardepot.com,yardepot.com,info@yardepot.com,,Southwest Ranches FL,landscaping company,gmaps
parrishgardens.com,https://parrishgardens.com,parrishgardens.com,info@parrishgardens.com,,Southwest Ranches FL,landscaping company,gmaps
sccnursery.com,https://sccnursery.com,sccnursery.com,sccnurseryfl@gmail.com,,Southwest Ranches FL,landscaping company,gmaps
attilasod.com,https://attilasod.com,attilasod.com,attilasod@gmail.com,,Southwest Ranches FL,landscaping company,gmaps
sunshinebromeliads.com,https://sunshinebromeliads.com,sunshinebromeliads.com,info@sunshinebromeliads.com,,Southwest Ranches FL,landscaping company,gmaps
realgreen23.com,https://realgreen23.com,realgreen23.com,realgreen23@gmail.com,,Southwest Ranches FL,landscaping company,gmaps
proturfgreens.com,https://proturfgreens.com,proturfgreens.com,info@proturfgreens.com,,Southwest Ranches FL,landscaping company,gmaps
cielofarmsnursery.com,https://cielofarmsnursery.com,cielofarmsnursery.com,info@cielofarmsnursery.com.,,Southwest Ranches FL,landscaping company,gmaps
miamiverticalgarden.com,https://miamiverticalgarden.com,miamiverticalgarden.com,info@miamiverticalgarden.com,,Southwest Ranches FL,landscaping company,gmaps
tropicaltouchgardencenter.com,https://tropicaltouchgardencenter.com,tropicaltouchgardencenter.com,receptionist@tropicaltouchgarden.com,,Southwest Ranches FL,landscaping company,gmaps
asianorchidsource.com,https://asianorchidsource.com,asianorchidsource.com,asianorchids333@aol.com,,Southwest Ranches FL,landscaping company,gmaps
asphaltusafivestars.com,https://asphaltusafivestars.com,asphaltusafivestars.com,asphaltusa13@gmail.com,,Sunny Isles Beach FL,landscaping company,gmaps
cousinslandscape.com,https://cousinslandscape.com,cousinslandscape.com,info@cousinsusalandscaping.com,,Sunrise FL,landscaping company,gmaps
acutabovelawnservicefl.com,https://acutabovelawnservicefl.com,acutabovelawnservicefl.com,%20acutabove10585@gmail.com,,Sunrise FL,landscaping company,gmaps
fssprinklers.com,https://fssprinklers.com,fssprinklers.com,fs@fssprinklers.com,,Sunrise FL,landscaping company,gmaps
selfmadelawnservice.com,https://selfmadelawnservice.com,selfmadelawnservice.com,selfmade2022@outlook.com,,Sunrise FL,landscaping company,gmaps
paradisehortadvisors.com,https://paradisehortadvisors.com,paradisehortadvisors.com,john.cross@paradisehortadvisors.com,,Sunrise FL,landscaping company,gmaps
plantstandfactory.com,https://plantstandfactory.com,plantstandfactory.com,info@bactra.com,,Sunrise FL,landscaping company,gmaps
rosepaving.com,https://rosepaving.com,rosepaving.com,info@rosepaving.com,,Sunrise FL,landscaping company,gmaps
americastreefl.com,https://americastreefl.com,americastreefl.com,powercat777749@gmail.com,,Sunrise FL,landscaping company,gmaps
lawnservicesunrise.com,https://lawnservicesunrise.com,lawnservicesunrise.com,thegrassguysllc@gmail.com,,Sunrise FL,landscaping company,gmaps
mrhandyfixall.godaddysites.com,https://mrhandyfixall.godaddysites.com,mrhandyfixall.godaddysites.com,info@indiantypefoundry.com,,Surfside FL,landscaping company,gmaps
garciaserviceslandscaping.com,https://garciaserviceslandscaping.com,garciaserviceslandscaping.com,info@garciaserviceslandscaping.com,,Surfside FL,landscaping company,gmaps
3o5gardens.com,https://3o5gardens.com,3o5gardens.com,info@3o5gardens.com,,Sweetwater FL,landscaping company,gmaps
tjlandscapemasonry.com,https://tjlandscapemasonry.com,tjlandscapemasonry.com,info@tjlandscapemasonry.com,,Sweetwater FL,landscaping company,gmaps
beyondlawnservices.com,https://beyondlawnservices.com,beyondlawnservices.com,info@beyondlawnservices.com,,Sweetwater FL,landscaping company,gmaps
imperiallandscapingcorp.com,https://imperiallandscapingcorp.com,imperiallandscapingcorp.com,info@imperiallandscaping.com,,Sweetwater FL,landscaping company,gmaps
rosmelpools.com,https://rosmelpools.com,rosmelpools.com,sales1@rosmelpools.com,,Sweetwater FL,landscaping company,gmaps
artificialgreenery.com,https://artificialgreenery.com,artificialgreenery.com,info@rymar.ca,,Sweetwater FL,landscaping company,gmaps
gardensamerica.com,https://gardensamerica.com,gardensamerica.com,salesga@gardensamerica.com,,Sweetwater FL,landscaping company,gmaps
chaerconstruction.com,https://chaerconstruction.com,chaerconstruction.com,info@chaerconstruction.com,,Sweetwater FL,landscaping company,gmaps
southernasphaltengineering.com,https://southernasphaltengineering.com,southernasphaltengineering.com,info@southernasphaltengineering.com,,Sweetwater FL,landscaping company,gmaps
henko-at.com,https://henko-at.com,henko-at.com,info@henko-at.nl,,Sweetwater FL,landscaping company,gmaps
fllandscaping.net,https://fllandscaping.net,fllandscaping.net,info@lushlandscapingsaltlakecity.com,,Sweetwater FL,landscaping company,gmaps
landscaping-jlg.square.site,https://landscaping-jlg.square.site,landscaping-jlg.square.site,joseluisguerrero4463@gmail.com,,Sweetwater FL,landscaping company,gmaps
crossroadspaving.net,https://crossroadspaving.net,crossroadspaving.net,impallari@gmail.com,,Tamarac FL,landscaping company,gmaps
ogc-construction.com,https://ogc-construction.com,ogc-construction.com,info@ogc-construction.com,,Tamarac FL,landscaping company,gmaps
spectratamarac.com,https://spectratamarac.com,spectratamarac.com,community-mb6xy@aptprospect.com,,Tamarac FL,landscaping company,gmaps
elegantedging.com,https://elegantedging.com,elegantedging.com,rickselegantedges@gmail.com,,Tamarac FL,landscaping company,gmaps
turfresh.com,https://turfresh.com,turfresh.com,info@turfresh.com,,Tamiami FL,landscaping company,gmaps
ontoptreeservice.com,https://ontoptreeservice.com,ontoptreeservice.com,fredys@ontoptreeservice.com\,,Tamiami FL,landscaping company,gmaps
rrgardencentermiami.com,https://rrgardencentermiami.com,rrgardencentermiami.com,rrgardencentermiami@gmail.com,,Tamiami FL,landscaping company,gmaps
kingturfmiami.com,https://kingturfmiami.com,kingturfmiami.com,info@kingturf.miami,,Tamiami FL,landscaping company,gmaps
actionsod.com,https://actionsod.com,actionsod.com,actionsod@actionsod.com,,Tamiami FL,landscaping company,gmaps
tropicallawnmower.com,https://tropicallawnmower.com,tropicallawnmower.com,tropicallawnmowersales@gmail.com,,Tamiami FL,landscaping company,gmaps
uniquepatiospools.com,https://uniquepatiospools.com,uniquepatiospools.com,info@uniquepatiospools.com,,Tamiami FL,landscaping company,gmaps
erodriguezlandscapinginc.com,https://erodriguezlandscapinginc.com,erodriguezlandscapinginc.com,erodriguez@erodriguezlandscapinginc.com,,Tamiami FL,landscaping company,gmaps
outdoorprodesign.com,https://outdoorprodesign.com,outdoorprodesign.com,outdoorprolandwaterdesign@gmail.com,,The Hammocks FL,landscaping company,gmaps
easygrass.net,https://easygrass.net,easygrass.net,info@easygrass.net,,The Hammocks FL,landscaping company,gmaps
bayamitoandsons.com,https://bayamitoandsons.com,bayamitoandsons.com,bayamitoandsons@gmail.com,,The Hammocks FL,landscaping company,gmaps
firstclassturf.com,https://firstclassturf.com,firstclassturf.com,firstclassturf@gmail.com,,The Hammocks FL,landscaping company,gmaps
letsgetturf.com,https://letsgetturf.com,letsgetturf.com,info@letsgetturf.com,,The Hammocks FL,landscaping company,gmaps
naturetrim.com,https://naturetrim.com,naturetrim.com,hello@caferrolandscaping.com,,The Hammocks FL,landscaping company,gmaps
allsmoothlawn.com,https://allsmoothlawn.com,allsmoothlawn.com,info@allsmoothlawn.com,,The Hammocks FL,landscaping company,gmaps
romarth.com,https://romarth.com,romarth.com,john@company.com,,The Hammocks FL,landscaping company,gmaps
heritagelandscapesupplygroup.com,https://heritagelandscapesupplygroup.com,heritagelandscapesupplygroup.com,info@heritagelsg.com,,Virginia Gardens FL,landscaping company,gmaps
jarocholandscaping.com,https://jarocholandscaping.com,jarocholandscaping.com,info@jarocholandscaping.com,,Wellington FL,landscaping company,gmaps
barefootbradleys.com,https://barefootbradleys.com,barefootbradleys.com,barefootbradleys@gmail.com,,Wellington FL,landscaping company,gmaps
1stopgarden.com,https://1stopgarden.com,1stopgarden.com,info@1stopgarden.com,,Wellington FL,landscaping company,gmaps
haiglandscape.com,https://haiglandscape.com,haiglandscape.com,info@haiglandscape.com,,Wellington FL,landscaping company,gmaps
rhipressurewashing.com,https://rhipressurewashing.com,rhipressurewashing.com,ryanshomeimprovementfl@gmail.com,,Wellington FL,landscaping company,gmaps
gardenersproservice.com,https://gardenersproservice.com,gardenersproservice.com,team@latofonts.com,,Wellington FL,landscaping company,gmaps
eternalturfartificialgrass.com,https://eternalturfartificialgrass.com,eternalturfartificialgrass.com,info@eternalturfartificialgrass.com,,Wellington FL,landscaping company,gmaps
coastaltreetrimming.com,https://coastaltreetrimming.com,coastaltreetrimming.com,jon@coastaltreetrimming.com,,Wellington FL,landscaping company,gmaps
turfladyoutdoorsolutions.com,https://turfladyoutdoorsolutions.com,turfladyoutdoorsolutions.com,turfladyteam@gmail.com,,Wellington FL,landscaping company,gmaps
seven7landscaping.com,https://seven7landscaping.com,seven7landscaping.com,seven@7landscaping.com,,Wellington FL,landscaping company,gmaps
everpalmlandscapes.com,https://everpalmlandscapes.com,everpalmlandscapes.com,everpalmlandscapes@gmail.com,,Wellington FL,landscaping company,gmaps
landscapelightingspecialists.biz,https://landscapelightingspecialists.biz,landscapelightingspecialists.biz,info@landscapelightingspecialists.biz,,Wellington FL,landscaping company,gmaps
acalandscapeandmaintenance.com,https://acalandscapeandmaintenance.com,acalandscapeandmaintenance.com,sunnie@acalandscape.net,,Wellington FL,landscaping company,gmaps
conciergebloom.com,https://conciergebloom.com,conciergebloom.com,info@conciergebloom.com,,Wellington FL,landscaping company,gmaps
verdantlandscapingservice.com,https://verdantlandscapingservice.com,verdantlandscapingservice.com,teamverdantlandscaping@gmail.com,,Wellington FL,landscaping company,gmaps
palmbeachturf.com,https://palmbeachturf.com,palmbeachturf.com,sales@palmbeachturf.com,,Wellington FL,landscaping company,gmaps
exoticpavers.com,https://exoticpavers.com,exoticpavers.com,exoticpavers@gmail.com,,Wellington FL,landscaping company,gmaps
rosesredbarn.com,https://rosesredbarn.com,rosesredbarn.com,rosesredbarn@comcast.net,,Wellington FL,landscaping company,gmaps
pressurebros.net,https://pressurebros.net,pressurebros.net,info@pressurebros.net,,Wellington FL,landscaping company,gmaps
duffystreeandlandscape.com,https://duffystreeandlandscape.com,duffystreeandlandscape.com,duffyslandscape@comcast.net,,Wellington FL,landscaping company,gmaps
luxinteriorspalmbeach.com,https://luxinteriorspalmbeach.com,luxinteriorspalmbeach.com,anitaluxinteriors@gmail.com,,Wellington FL,landscaping company,gmaps
miamiartificiallawns.com,https://miamiartificiallawns.com,miamiartificiallawns.com,info@miamiartificiallawns.com,,West Miami FL,landscaping company,gmaps
mrsfiddle.com,https://mrsfiddle.com,mrsfiddle.com,plants@mrsfiddle.com,,West Miami FL,landscaping company,gmaps
monstergrass.com,https://monstergrass.com,monstergrass.com,sales@monstergrass.com,,Westchester FL,landscaping company,gmaps
porttowers.com,https://porttowers.com,porttowers.com,porttowers@gmail.com\,,Weston FL,landscaping company,gmaps
gcirrigationsprinklers.com,https://gcirrigationsprinklers.com,gcirrigationsprinklers.com,info@gcirrigationsprinklers.com,,Weston FL,landscaping company,gmaps
allmightyfencing.com,https://allmightyfencing.com,allmightyfencing.com,infoallmighty@gmail.com,,Weston FL,landscaping company,gmaps
gardencreations.com,https://gardencreations.com,gardencreations.com,office@gardencreations.com,,Weston FL,landscaping company,gmaps
creativenorthinc.com,https://creativenorthinc.com,creativenorthinc.com,info@creativenorthinc.com,,Weston FL,landscaping company,gmaps
islandcitytraders.com,https://islandcitytraders.com,islandcitytraders.com,info@islandcitytraders.com,,Wilton Manors FL,landscaping company,gmaps
mccarthypestcontrol.com,https://mccarthypestcontrol.com,mccarthypestcontrol.com,eben@eyebytes.com,,Wilton Manors FL,landscaping company,gmaps
dd-landscaping.com,https://dd-landscaping.com,dd-landscaping.com,info@website.com,,Wilton Manors FL,landscaping company,gmaps
natureguardusa.com,https://natureguardusa.com,natureguardusa.com,info@natureguardusa.com,,Aventura FL,pest control,gmaps
aaa-assassinpestcontrol.com,https://aaa-assassinpestcontrol.com,aaa-assassinpestcontrol.com,rickyd8805@gmail.com,,Aventura FL,pest control,gmaps
mondragonpest.com,https://mondragonpest.com,mondragonpest.com,1526dragon@gmail.com,,Aventura FL,pest control,gmaps
zapspest.com,https://zapspest.com,zapspest.com,service@zapspest.com,,Aventura FL,pest control,gmaps
megabeepestcontrol.com,https://megabeepestcontrol.com,megabeepestcontrol.com,admin@megabeepestcontrol.com,,Aventura FL,pest control,gmaps
activepests.com,https://activepests.com,activepests.com,activepestcontrol1957@gmail.com,,Aventura FL,pest control,gmaps
locations.trulynolen.com,https://locations.trulynolen.com,locations.trulynolen.com,info@trulynolen.com,,Aventura FL,pest control,gmaps
apachepestcontrol.com,https://apachepestcontrol.com,apachepestcontrol.com,info@apachepestcontrol.com,,Aventura FL,pest control,gmaps
tpcmiami.com,https://tpcmiami.com,tpcmiami.com,info@tpcmiami.com,,Aventura FL,pest control,gmaps
captaintermite.com,https://captaintermite.com,captaintermite.com,info@captaintermite.com,,Aventura FL,pest control,gmaps
mypestpro.com,https://mypestpro.com,mypestpro.com,info@mypestpro.com,,Aventura FL,pest control,gmaps
pureairhvac.site,https://pureairhvac.site,pureairhvac.site,help@pureairhvac.site,,Aventura FL,pest control,gmaps
burgerpest.com,https://burgerpest.com,burgerpest.com,info@bpelimination.com,,Aventura FL,pest control,gmaps
alflexexterminators.com,https://alflexexterminators.com,alflexexterminators.com,info@al-flex.com,,Aventura FL,pest control,gmaps
waterdamagerestoration-tx.com,https://waterdamagerestoration-tx.com,waterdamagerestoration-tx.com,prosplum@mail.com,,Aventura FL,pest control,gmaps
dadeanimalremoval.com,https://dadeanimalremoval.com,dadeanimalremoval.com,team@latofonts.com,,Aventura FL,pest control,gmaps
mavericktermiteandpestservices.com,https://mavericktermiteandpestservices.com,mavericktermiteandpestservices.com,info@mavericktermiteandpestservices.com,,Aventura FL,pest control,gmaps
animalrangers.com,https://animalrangers.com,animalrangers.com,info@animalrangers.com,,Aventura FL,pest control,gmaps
covermaxpestcontrolexpert.com,https://covermaxpestcontrolexpert.com,covermaxpestcontrolexpert.com,covermaxpc@gmail.com,,Aventura FL,pest control,gmaps
williethebeeman.com,https://williethebeeman.com,williethebeeman.com,roger@williethebeeman.buzz,,Aventura FL,pest control,gmaps
crittercontrol.com,https://crittercontrol.com,crittercontrol.com,info@crittercontrol.com,,Aventura FL,pest control,gmaps
mjecological.com,https://mjecological.com,mjecological.com,info@mjecological.com,,Aventura FL,pest control,gmaps
redlineiguana.com,https://redlineiguana.com,redlineiguana.com,redlineiguana@gmail.com,,Aventura FL,pest control,gmaps
beesnaturalremoval.com,https://beesnaturalremoval.com,beesnaturalremoval.com,bbnbees@gmail.com,,Aventura FL,pest control,gmaps
insulationmasters.com,https://insulationmasters.com,insulationmasters.com,info@insulationmasters.com,,Aventura FL,pest control,gmaps
americaneaglepestcontrolinc.com,https://americaneaglepestcontrolinc.com,americaneaglepestcontrolinc.com,pestcontrolamiricaneagle@gmail.com,,Aventura FL,pest control,gmaps
costapest.com,https://costapest.com,costapest.com,costapestservices@gmail.com,,Aventura FL,pest control,gmaps
stellaradjusting.com,https://stellaradjusting.com,stellaradjusting.com,info@stellaradjusting.com,,Aventura FL,pest control,gmaps
titanpropertyinspections.com,https://titanpropertyinspections.com,titanpropertyinspections.com,support@titan-inspections.com,,Aventura FL,pest control,gmaps
bugsburger.net,https://bugsburger.net,bugsburger.net,andy@bugsburger.com,,Bal Harbour FL,pest control,gmaps
termpest.com,https://termpest.com,termpest.com,termpestinc@gmail.com,,Bal Harbour FL,pest control,gmaps
ipestcontrolinc.com,https://ipestcontrolinc.com,ipestcontrolinc.com,info@ipestcontrolinc.com,,Bal Harbour FL,pest control,gmaps
bpelimination.com,https://bpelimination.com,bpelimination.com,info@bpelimination.com,,Bal Harbour FL,pest control,gmaps
toppestkillersofmiami.com,https://toppestkillersofmiami.com,toppestkillersofmiami.com,support@toppestkillersofmiami.com,,Bal Harbour FL,pest control,gmaps
atekpestcontrol.com,https://atekpestcontrol.com,atekpestcontrol.com,micah@micahrich.com,,Bal Harbour FL,pest control,gmaps
miami-no1-pest-control.ueniweb.com,https://miami-no1-pest-control.ueniweb.com,miami-no1-pest-control.ueniweb.com,+claudebot@anthropic.com,,Bal Harbour FL,pest control,gmaps
jl-pest-control.ueniweb.com,https://jl-pest-control.ueniweb.com,jl-pest-control.ueniweb.com,newgamer691@gmail.com,,Bal Harbour FL,pest control,gmaps
miamidadecountypestcontrol.com,https://miamidadecountypestcontrol.com,miamidadecountypestcontrol.com,info@miamidadecountypestcontrol.com,,Bal Harbour FL,pest control,gmaps
goldenpestmanagement.com,https://goldenpestmanagement.com,goldenpestmanagement.com,support@webador.com,,Bal Harbour FL,pest control,gmaps
mastercarepestcontrol.com,https://mastercarepestcontrol.com,mastercarepestcontrol.com,matt@pixelspread.com,,Bal Harbour FL,pest control,gmaps
naturepest.com,https://naturepest.com,naturepest.com,info@naturepest.com,,Bal Harbour FL,pest control,gmaps
elitereptileremoval.com,https://elitereptileremoval.com,elitereptileremoval.com,elitereptileremoval@gmail.com,,Bal Harbour FL,pest control,gmaps
gordonpest.com,https://gordonpest.com,gordonpest.com,gordonpestservices@yahoo.com,,Bal Harbour FL,pest control,gmaps
eeandg.com,https://eeandg.com,eeandg.com,mwebsite@eeandg.com,,Bal Harbour FL,pest control,gmaps
caughtemtermites.com,https://caughtemtermites.com,caughtemtermites.com,abner@docdigitalsem.com,,Bay Harbor Islands FL,pest control,gmaps
ork-miami-pest-exterminator.ueniweb.com,https://ork-miami-pest-exterminator.ueniweb.com,ork-miami-pest-exterminator.ueniweb.com,holderkeenand39692@gmail.com,,Bay Harbor Islands FL,pest control,gmaps
pineislandpestcontrol.net,https://pineislandpestcontrol.net,pineislandpestcontrol.net,pipcbugs@gmail.com,,Bay Harbor Islands FL,pest control,gmaps
atlanticpestandlawn.com,https://atlanticpestandlawn.com,atlanticpestandlawn.com,atlanticpestpros@aol.com,,Bay Harbor Islands FL,pest control,gmaps
taskforceiguana.com,https://taskforceiguana.com,taskforceiguana.com,taskforceiguana@yahoo.com,,Bay Harbor Islands FL,pest control,gmaps
binghampestcontrol.com,https://binghampestcontrol.com,binghampestcontrol.com,info@binghampestcontrol.com,,Bay Harbor Islands FL,pest control,gmaps
keybiscaynepestcontrol.site,https://keybiscaynepestcontrol.site,keybiscaynepestcontrol.site,info@keybiscaynepestcontrol.site,,Biscayne Park FL,pest control,gmaps
bestfloridapestcontrol.com,https://bestfloridapestcontrol.com,bestfloridapestcontrol.com,info@bestfloridapestcontrol.com,,Biscayne Park FL,pest control,gmaps
callnorthwest.com,https://callnorthwest.com,callnorthwest.com,customercare@callnorthwest.com,,Biscayne Park FL,pest control,gmaps
fumigationmiami.com,https://fumigationmiami.com,fumigationmiami.com,info@eder-land.com\,,Biscayne Park FL,pest control,gmaps
wildlifepc.com,https://wildlifepc.com,wildlifepc.com,wildlifepestcon@gmail.com,,Biscayne Park FL,pest control,gmaps
safehavenpestdefense.com,https://safehavenpestdefense.com,safehavenpestdefense.com,info@safehavenpestdefense.com,,Biscayne Park FL,pest control,gmaps
venuspestcontrol.com,https://venuspestcontrol.com,venuspestcontrol.com,info@vpestfree.com,,Biscayne Park FL,pest control,gmaps
streeterpestcontrol.com,https://streeterpestcontrol.com,streeterpestcontrol.com,streeterpestcontrol@gmail.com,,Biscayne Park FL,pest control,gmaps
bestchoicepestservices.com,https://bestchoicepestservices.com,bestchoicepestservices.com,bestchoicepestservices@gmail.com,,Boca Raton FL,pest control,gmaps
prodigypest.com,https://prodigypest.com,prodigypest.com,support@prodigypest.com,,Boca Raton FL,pest control,gmaps
pestcontrolinbocaraton.com,https://pestcontrolinbocaraton.com,pestcontrolinbocaraton.com,info@pestcontrolinbocaraton.com,,Boca Raton FL,pest control,gmaps
optimumpests.com,https://optimumpests.com,optimumpests.com,optimumpests@gmail.com,,Boca Raton FL,pest control,gmaps
elitepestcontrolsolutions.site,https://elitepestcontrolsolutions.site,elitepestcontrolsolutions.site,info@elitepestcontrolsolutions.site,,Boca Raton FL,pest control,gmaps
getbuggify.com,https://getbuggify.com,getbuggify.com,getbuggify@gmail.com,,Boca Raton FL,pest control,gmaps
bocaratonexterminatorsfl.com,https://bocaratonexterminatorsfl.com,bocaratonexterminatorsfl.com,info@bocaratonexterminatorsfl.com,,Boca Raton FL,pest control,gmaps
woodtermite.com,https://woodtermite.com,woodtermite.com,stoptermites@woodtermite.com,,Boca Raton FL,pest control,gmaps
rapidpestcontrolbocaratonfl.com,https://rapidpestcontrolbocaratonfl.com,rapidpestcontrolbocaratonfl.com,info@rapidpestcontrolbocaratonfl.com,,Boca Raton FL,pest control,gmaps
prudentepestcontrol.com,https://prudentepestcontrol.com,prudentepestcontrol.com,prudentepestcontrol@gmail.com,,Boca Raton FL,pest control,gmaps
xterminatorincpestcontrol.com,https://xterminatorincpestcontrol.com,xterminatorincpestcontrol.com,micah@micahrich.com,,Boca Raton FL,pest control,gmaps
pestcontrolipm.com,https://pestcontrolipm.com,pestcontrolipm.com,info@pestcontrolipm.com,,Boca Raton FL,pest control,gmaps
extramilepestcontrols.com,https://extramilepestcontrols.com,extramilepestcontrols.com,info@extramilepestcontrolandlawnsolution.com,,Boca Raton FL,pest control,gmaps
wildliferemovalservicesofflorida.com,https://wildliferemovalservicesofflorida.com,wildliferemovalservicesofflorida.com,wlrsseo@gmail.com,,Boca Raton FL,pest control,gmaps
levyenviro.com,https://levyenviro.com,levyenviro.com,info@levyenviro.com,,Boca Raton FL,pest control,gmaps
hillsboropest.com,https://hillsboropest.com,hillsboropest.com,hillsboropestcontrolinc@gmail.com,,Boca Raton FL,pest control,gmaps
swatitpest.com,https://swatitpest.com,swatitpest.com,info@swatitpest.com,,Boca Raton FL,pest control,gmaps
homeandgardenpest.com,https://homeandgardenpest.com,homeandgardenpest.com,homeandgardenpest@msn.com,,Boca Raton FL,pest control,gmaps
commandpestcontrol.com,https://commandpestcontrol.com,commandpestcontrol.com,info@commandpestcontrol.com,,Boca Raton FL,pest control,gmaps
3gpest.com,https://3gpest.com,3gpest.com,3gpestsolutions@gmail.com,,Boca Raton FL,pest control,gmaps
pestdepot.com,https://pestdepot.com,pestdepot.com,contact@pestdepot.com,,Boca Raton FL,pest control,gmaps
iguanabegone.com,https://iguanabegone.com,iguanabegone.com,contact@iguanabegone.com,,Boca Raton FL,pest control,gmaps
safeplanetpest.com,https://safeplanetpest.com,safeplanetpest.com,solutions@safeplanetpest.com,,Boca Raton FL,pest control,gmaps
tropicalrestoration.com,https://tropicalrestoration.com,tropicalrestoration.com,renee@tropicalrestoration.com,,Boca Raton FL,pest control,gmaps
optimumflowlabs.com,https://optimumflowlabs.com,optimumflowlabs.com,info@optimumflowlabs.com,,Boca Raton FL,pest control,gmaps
iguanaguards.com,https://iguanaguards.com,iguanaguards.com,info@iguanaguards.com,,Boca Raton FL,pest control,gmaps
beehiverescue.com,https://beehiverescue.com,beehiverescue.com,removal@beehiverescue.com,,Boca Raton FL,pest control,gmaps
wisehousebugs.com,https://wisehousebugs.com,wisehousebugs.com,info@wisehousebugs.com,,Boca Raton FL,pest control,gmaps
alcopestcontrol.com,https://alcopestcontrol.com,alcopestcontrol.com,alcopestcontrol@gmail.com,,Boca Raton FL,pest control,gmaps
jnrrestoration.com,https://jnrrestoration.com,jnrrestoration.com,jandrrestoration@yahoo.com,,Boca Raton FL,pest control,gmaps
infiniteroofingservices.com,https://infiniteroofingservices.com,infiniteroofingservices.com,info@infiniteroofing.co,,Aventura FL,roofing contractor,gmaps
latitudegc.net,https://latitudegc.net,latitudegc.net,jorge@latitudegc.com,,Bay Harbor Islands FL,roofing contractor,gmaps
dantheshingleman.com,https://dantheshingleman.com,dantheshingleman.com,dantheshingleman@hotmail.com,,Boca Raton FL,roofing contractor,gmaps
accessgeneralcontractor.com,https://accessgeneralcontractor.com,accessgeneralcontractor.com,info@accessgc.com,,Coral Springs FL,roofing contractor,gmaps
handycoralsprings.com,https://handycoralsprings.com,handycoralsprings.com,handycoralsprings@gmail.com,,Coral Springs FL,roofing contractor,gmaps
21constructiongroup.com,https://21constructiongroup.com,21constructiongroup.com,gdiaz@21constructiongroup.org,,Country Club FL,roofing contractor,gmaps
masterproraingutters.com,https://masterproraingutters.com,masterproraingutters.com,masterproraingutters@gmail.com,,Cutler Bay FL,roofing contractor,gmaps
theroofstore.net,https://theroofstore.net,theroofstore.net,ammakira5@gmail.com,,Davie FL,roofing contractor,gmaps
dragonshieldroofing.com,https://dragonshieldroofing.com,dragonshieldroofing.com,dragonshieldroofing@outlook.com,,Deerfield Beach FL,roofing contractor,gmaps
innovatorroofing.com,https://innovatorroofing.com,innovatorroofing.com,werooffl@gmail.com,,Deerfield Beach FL,roofing contractor,gmaps
vl-roofing.com,https://vl-roofing.com,vl-roofing.com,vlroofingfl@gmail.com,,Delray Beach FL,roofing contractor,gmaps
tacticalroofconsulting.com,https://tacticalroofconsulting.com,tacticalroofconsulting.com,nick@tacticalroofconsulting.com,,Delray Beach FL,roofing contractor,gmaps
topmetalsupplier.com,https://topmetalsupplier.com,topmetalsupplier.com,info@topmetalsupplier.com,,Doral FL,roofing contractor,gmaps
renovaroofandhome.com,https://renovaroofandhome.com,renovaroofandhome.com,info@renovaroofandhome.com,,Doral FL,roofing contractor,gmaps
fdmetals.com,https://fdmetals.com,fdmetals.com,daylin@fdmetals.com,,Hialeah FL,roofing contractor,gmaps
easyroofingpros.com,https://easyroofingpros.com,easyroofingpros.com,info@easyroofingpros.com,,Hialeah Gardens FL,roofing contractor,gmaps
callgreenhome.com,https://callgreenhome.com,callgreenhome.com,office@callgreenhome.com,,Hollywood FL,roofing contractor,gmaps
keandb.com,https://keandb.com,keandb.com,info@keandb.com,,Hollywood FL,roofing contractor,gmaps
kleanwaypressurecleaning.com,https://kleanwaypressurecleaning.com,kleanwaypressurecleaning.com,kleanwaymiami@gmail.com,,Homestead FL,roofing contractor,gmaps
goliathdrywall.com,https://goliathdrywall.com,goliathdrywall.com,info@goliathdrywall.com,,Homestead FL,roofing contractor,gmaps
mcidocks.com,https://mcidocks.com,mcidocks.com,mcidock@aol.com,,Lake Park FL,roofing contractor,gmaps
ras-roofing.com,https://ras-roofing.com,ras-roofing.com,info@indiantypefoundry.com,,Lake Park FL,roofing contractor,gmaps
atlantisroofs.com,https://atlantisroofs.com,atlantisroofs.com,info@atlantisroofs.com,,Lantana FL,roofing contractor,gmaps
praxisroofing.net,https://praxisroofing.net,praxisroofing.net,info@praxisindustries.net,,North Miami FL,roofing contractor,gmaps
choiceonehi.com,https://choiceonehi.com,choiceonehi.com,info@choiceonehi.com,,Opa-locka FL,roofing contractor,gmaps
neweraroofingcorp.com,https://neweraroofingcorp.com,neweraroofingcorp.com,neweraroofingcorp@gmail.com,,Opa-locka FL,roofing contractor,gmaps
foxhavenroof.com,https://foxhavenroof.com,foxhavenroof.com,info@foxhavenroof.com,,Palm Beach Gardens FL,roofing contractor,gmaps
ewmacdowellroofing.com,https://ewmacdowellroofing.com,ewmacdowellroofing.com,info@ewmacdowellroofing.com,,Palm Beach Gardens FL,roofing contractor,gmaps
bgbuildinggroup.com,https://bgbuildinggroup.com,bgbuildinggroup.com,bruce@bgbuildinggroup.com,,Palmetto Bay FL,roofing contractor,gmaps
orhomeinspection.com,https://orhomeinspection.com,orhomeinspection.com,ontimeinspections@hotmail.com,,Palmetto Bay FL,roofing contractor,gmaps
picosce.com,https://picosce.com,picosce.com,info@picosce.com,,Pembroke Park FL,roofing contractor,gmaps
speccorp.com,https://speccorp.com,speccorp.com,info@speccorp.com,,Pompano Beach FL,roofing contractor,gmaps
yourroofingexperts.com,https://yourroofingexperts.com,yourroofingexperts.com,luis@yourroofingexperts.com,,Sea Ranch Lakes FL,roofing contractor,gmaps
victoriainteriorsinc.com,https://victoriainteriorsinc.com,victoriainteriorsinc.com,victoriainteriors@yahoo.com,,Sunny Isles Beach FL,roofing contractor,gmaps
ybsunrisehandyman.com,https://ybsunrisehandyman.com,ybsunrisehandyman.com,info@ybsunrisehandyman.com,,Sunrise FL,roofing contractor,gmaps
laferoofing.com,https://laferoofing.com,laferoofing.com,sales@laferoofing.com,,Sweetwater FL,roofing contractor,gmaps
cinchhomeservices.com,https://cinchhomeservices.com,cinchhomeservices.com,info@cinchhs.com,,Boca Raton FL,plumber,gmaps
phasefl.com,https://phasefl.com,phasefl.com,angel@phasefl.com,,Boca Raton FL,plumber,gmaps
completepoolservice247.com,https://completepoolservice247.com,completepoolservice247.com,admin@completepoolservice247.com,,Coconut Creek FL,plumber,gmaps
tropicalbarsandtikis.com,https://tropicalbarsandtikis.com,tropicalbarsandtikis.com,dean@tropicalbarsandtikis.com,,Cooper City FL,plumber,gmaps
prestigegasservices.com,https://prestigegasservices.com,prestigegasservices.com,lazaro@prestigegasservices.com,,Coral Terrace FL,plumber,gmaps
daniabeachductsmaintenance.com,https://daniabeachductsmaintenance.com,daniabeachductsmaintenance.com,info@daniabeachductsmaintenance.com,,Dania Beach FL,plumber,gmaps
caglesales.com,https://caglesales.com,caglesales.com,will@cjposten.com,,Doral FL,plumber,gmaps
speed-plumbing.com,https://speed-plumbing.com,speed-plumbing.com,speedplumbingservices@gmail.com,,El Portal FL,plumber,gmaps
marbplumbing.com,https://marbplumbing.com,marbplumbing.com,info@marbplumbing.com,,Florida City FL,plumber,gmaps
theplumbingco.net,https://theplumbingco.net,theplumbingco.net,service@theplumbingco.net,,Florida City FL,plumber,gmaps
ampyacht.com,https://ampyacht.com,ampyacht.com,americanmarineplumbing@gmail.com,,Fort Lauderdale FL,plumber,gmaps
wsmplumbing.com,https://wsmplumbing.com,wsmplumbing.com,wsmplumbing@hotmail.com,,Greenacres FL,plumber,gmaps
riolagosconstructions.com,https://riolagosconstructions.com,riolagosconstructions.com,riolagosconstruction@gmail.com,,Hillsboro Beach FL,plumber,gmaps
themaintenanceexpertssouthflorida.com,https://themaintenanceexpertssouthflorida.com,themaintenanceexpertssouthflorida.com,contact@maintenancexp.com,,Hillsboro Beach FL,plumber,gmaps
jetplumbingcontractors.com,https://jetplumbingcontractors.com,jetplumbingcontractors.com,service@jetplumbing.biz,,Jupiter FL,plumber,gmaps
charlieswainplumbing.com,https://charlieswainplumbing.com,charlieswainplumbing.com,dispatch@charlieswainplumbing.com,,Lake Park FL,plumber,gmaps
southcoast-fl.com,https://southcoast-fl.com,southcoast-fl.com,kmendel@southcoast-fl.com,,Lantana FL,plumber,gmaps
agconstructiongroup.us,https://agconstructiongroup.us,agconstructiongroup.us,info@agconstructiongroup.us,,Miami Lakes FL,plumber,gmaps
lcmultiservice.com,https://lcmultiservice.com,lcmultiservice.com,cnavarrete@lcmultiservice.com,,North Bay Village FL,plumber,gmaps
miamicabinetrefacing.com,https://miamicabinetrefacing.com,miamicabinetrefacing.com,sales@miamicabinetrefacing.com,,Aventura FL,cabinet maker,gmaps
cozycabinets.com,https://cozycabinets.com,cozycabinets.com,support@cozycabinets.com,,Aventura FL,cabinet maker,gmaps
nationscustomcabinets.com,https://nationscustomcabinets.com,nationscustomcabinets.com,service@nationscustomcabinets.com,,Aventura FL,cabinet maker,gmaps
hrxglass.com,https://hrxglass.com,hrxglass.com,info@hrxglass.com,,Aventura FL,cabinet maker,gmaps
closetpartspro.com,https://closetpartspro.com,closetpartspro.com,ccuttosizellc@gmail.com,,Aventura FL,cabinet maker,gmaps
avanticlosets.com,https://avanticlosets.com,avanticlosets.com,sales@avanticlosets.com,,Aventura FL,cabinet maker,gmaps
miacucina.com,https://miacucina.com,miacucina.com,info@miacucina.com,,Aventura FL,cabinet maker,gmaps
hrxglasscabinetdoors.com,https://hrxglasscabinetdoors.com,hrxglasscabinetdoors.com,info@hrxglass.com,,Aventura FL,cabinet maker,gmaps
velartdesign.com,https://velartdesign.com,velartdesign.com,info.velartinc@gmail.com,,Aventura FL,cabinet maker,gmaps
qualitycabinets.net,https://qualitycabinets.net,qualitycabinets.net,qcbdavid@hotmail.com,,Aventura FL,cabinet maker,gmaps
edesignfl.com,https://edesignfl.com,edesignfl.com,edesingfl@gmail.com,,Aventura FL,cabinet maker,gmaps
venetacucine.us,https://venetacucine.us,venetacucine.us,info@venetacucine.us,,Aventura FL,cabinet maker,gmaps
a1custommica.com,https://a1custommica.com,a1custommica.com,a1custommica@yahoo.com,,Aventura FL,cabinet maker,gmaps
mcdesignmiami.com,https://mcdesignmiami.com,mcdesignmiami.com,mcdesignmiami@gmail.com,,Aventura FL,cabinet maker,gmaps
primexcabinetry.com,https://primexcabinetry.com,primexcabinetry.com,info@primexcabinetry.com,,Aventura FL,cabinet maker,gmaps
italkraft.com,https://italkraft.com,italkraft.com,info@italkraft.com,,Aventura FL,cabinet maker,gmaps
cabinetsbyvisions.com,https://cabinetsbyvisions.com,cabinetsbyvisions.com,info@cabinetsbyvisions.com,,Aventura FL,cabinet maker,gmaps
topscabinets.net,https://topscabinets.net,topscabinets.net,topscabinethallandale@gmail.com,,Aventura FL,cabinet maker,gmaps
hbimperialwoodworks.com,https://hbimperialwoodworks.com,hbimperialwoodworks.com,info@hbimperialwoodworks.com,,Aventura FL,cabinet maker,gmaps
poshcraft.net,https://poshcraft.net,poshcraft.net,info@poshcraft.net,,Aventura FL,cabinet maker,gmaps
enbogacraft.com,https://enbogacraft.com,enbogacraft.com,info@enbogacraft.com,,Aventura FL,cabinet maker,gmaps
madisonmillwork.net,https://madisonmillwork.net,madisonmillwork.net,lisa@madisonmillwork.net,,Aventura FL,cabinet maker,gmaps
nckmiami.com,https://nckmiami.com,nckmiami.com,info@nckmiami.com,,Aventura FL,cabinet maker,gmaps
alvasclosets.com,https://alvasclosets.com,alvasclosets.com,alvaclosets@gmail.com,,Aventura FL,cabinet maker,gmaps
miaclosets.com,https://miaclosets.com,miaclosets.com,vlad@miaclosets.com,,Aventura FL,cabinet maker,gmaps
trusstconstruction.com,https://trusstconstruction.com,trusstconstruction.com,info@trusstconstruction.com,,Aventura FL,cabinet maker,gmaps
extremewoodworks.com,https://extremewoodworks.com,extremewoodworks.com,martha@extremewoodworks.com,,Aventura FL,cabinet maker,gmaps
elvemobilya.com,https://elvemobilya.com,elvemobilya.com,info@elvemobilya.com.tr,,Aventura FL,cabinet maker,gmaps
grmillwork.com,https://grmillwork.com,grmillwork.com,info@grmillwork.com,,Aventura FL,cabinet maker,gmaps
18projectsm.com,https://18projectsm.com,18projectsm.com,18projectsm@gmail.com,,Aventura FL,cabinet maker,gmaps
thekitchenremodelingco.com,https://thekitchenremodelingco.com,thekitchenremodelingco.com,kitchenremodelingco@gmail.com,,Aventura FL,cabinet maker,gmaps
europeancabinets.com,https://europeancabinets.com,europeancabinets.com,info@europeancabinets.com,,Aventura FL,cabinet maker,gmaps
carpentryhaus.com,https://carpentryhaus.com,carpentryhaus.com,carpentryhausfl@gmail.com,,Aventura FL,cabinet maker,gmaps
closetcenterinc.com,https://closetcenterinc.com,closetcenterinc.com,menasofn@gmail.com,,Aventura FL,cabinet maker,gmaps
hrxclosetdoors.com,https://hrxclosetdoors.com,hrxclosetdoors.com,info@hrxglass.com,,Aventura FL,cabinet maker,gmaps
bathtrendsusa.com,https://bathtrendsusa.com,bathtrendsusa.com,info@bathtrendsusa.com,,Aventura FL,cabinet maker,gmaps
wall2wallinc.com,https://wall2wallinc.com,wall2wallinc.com,wall2wallsunnyisles@gmail.com,,Aventura FL,cabinet maker,gmaps
miamiflooranddesign.com,https://miamiflooranddesign.com,miamiflooranddesign.com,info@miamiflooranddesign.com,,Aventura FL,cabinet maker,gmaps
royalbluegroupremodeling.com,https://royalbluegroupremodeling.com,royalbluegroupremodeling.com,royalbluecor@gmail.com,,Aventura FL,cabinet maker,gmaps
furnitureassemblyexpert.com,https://furnitureassemblyexpert.com,furnitureassemblyexpert.com,houseservicesfl@gmail.com,,Bal Harbour FL,cabinet maker,gmaps
miamidesigncabinets.com,https://miamidesigncabinets.com,miamidesigncabinets.com,miamidesigncabinet@yahoo.com,,Bal Harbour FL,cabinet maker,gmaps
artybuild.com,https://artybuild.com,artybuild.com,office@artybuild.com,,Bal Harbour FL,cabinet maker,gmaps
closetsandrooms.com,https://closetsandrooms.com,closetsandrooms.com,closetsandrooms@gmail.com,,Bal Harbour FL,cabinet maker,gmaps
materiacollection.com,https://materiacollection.com,materiacollection.com,info@materiacollection.com,,Bal Harbour FL,cabinet maker,gmaps
sunshinedesigncabinets.com,https://sunshinedesigncabinets.com,sunshinedesigncabinets.com,info@sunshinedesigncabinets.com,,Bal Harbour FL,cabinet maker,gmaps
kabcokitchens.com,https://kabcokitchens.com,kabcokitchens.com,info@kabcokitchens.com,,Bal Harbour FL,cabinet maker,gmaps
closetxperts.com,https://closetxperts.com,closetxperts.com,info@closetxperts.com,,Bal Harbour FL,cabinet maker,gmaps
customcabinetmarble.com,https://customcabinetmarble.com,customcabinetmarble.com,customcabinetmarble@yahoo.com,,Bal Harbour FL,cabinet maker,gmaps
ateliersomos.com,https://ateliersomos.com,ateliersomos.com,info@somosequipamiento.com,,Bal Harbour FL,cabinet maker,gmaps
arcondesignllc.com,https://arcondesignllc.com,arcondesignllc.com,arcondirector@proton.me,,Bal Harbour FL,cabinet maker,gmaps
sarviandg.com,https://sarviandg.com,sarviandg.com,osh@sarviandg.com,,Bal Harbour FL,cabinet maker,gmaps
pastortwoodworking.com,https://pastortwoodworking.com,pastortwoodworking.com,teron@pastortdesigns.com,,Bal Harbour FL,cabinet maker,gmaps
designerrugcenter.com,https://designerrugcenter.com,designerrugcenter.com,sales@designerrugcenter.com,,Bal Harbour FL,cabinet maker,gmaps
veyebsdesign.com,https://veyebsdesign.com,veyebsdesign.com,info@veyebsdesign.com,,Bal Harbour FL,cabinet maker,gmaps
christofle.com,https://christofle.com,christofle.com,dataprivacy_americas@christofle.com,,Bal Harbour FL,cabinet maker,gmaps
idealcasa.us,https://idealcasa.us,idealcasa.us,virgilio@idealcasa.us,,Bal Harbour FL,cabinet maker,gmaps
endlesslylush.com,https://endlesslylush.com,endlesslylush.com,claudia@endlesslylush.com,,Bal Harbour FL,cabinet maker,gmaps
framelessshowerdoorglass.com,https://framelessshowerdoorglass.com,framelessshowerdoorglass.com,framelessshowerdoorglass@gmail.com,,Bal Harbour FL,cabinet maker,gmaps
pcsminc.com,https://pcsminc.com,pcsminc.com,pcsminc@gmail.com,,Bal Harbour FL,cabinet maker,gmaps
handyatlanta.com,https://handyatlanta.com,handyatlanta.com,help@handyatlanta.com,,Bal Harbour FL,cabinet maker,gmaps
procraftcabinetryflorida.com,https://procraftcabinetryflorida.com,procraftcabinetryflorida.com,sales@procraftmiami.com,,Bal Harbour FL,cabinet maker,gmaps
modloft.com,https://modloft.com,modloft.com,sales@modloft.com,,Bal Harbour FL,cabinet maker,gmaps
chiqhomedesign.com,https://chiqhomedesign.com,chiqhomedesign.com,sales@chiqhomedesign.com,,Bay Harbor Islands FL,cabinet maker,gmaps
arminaluxe.com,https://arminaluxe.com,arminaluxe.com,contact@arminaluxe.com,,Bay Harbor Islands FL,cabinet maker,gmaps
sibellecabinets.com,https://sibellecabinets.com,sibellecabinets.com,info@sibellecabinets.com,,Bay Harbor Islands FL,cabinet maker,gmaps
caandamcabinetpainting.com,https://caandamcabinetpainting.com,caandamcabinetpainting.com,caampainting@gmail.com,,Bay Harbor Islands FL,cabinet maker,gmaps
palmharborkitchens.com,https://palmharborkitchens.com,palmharborkitchens.com,info@palmharborkitchens.com,,Bay Harbor Islands FL,cabinet maker,gmaps
ambiwoodwork.com,https://ambiwoodwork.com,ambiwoodwork.com,ambiwoodwork@gmail.com,,Bay Harbor Islands FL,cabinet maker,gmaps
nessbuild.com,https://nessbuild.com,nessbuild.com,nessbuildfl@gmail.com,,Bay Harbor Islands FL,cabinet maker,gmaps
lucianokitchensandclosets.com,https://lucianokitchensandclosets.com,lucianokitchensandclosets.com,info@lucianokitchensandclosets.com,,Bay Harbor Islands FL,cabinet maker,gmaps
ymedinaremodeling.com,https://ymedinaremodeling.com,ymedinaremodeling.com,info@ymedinaremodeling.com,,Bay Harbor Islands FL,cabinet maker,gmaps
sugarcreekcustomcabinets.com,https://sugarcreekcustomcabinets.com,sugarcreekcustomcabinets.com,info@schlabachwooddesign.com,,Bay Harbor Islands FL,cabinet maker,gmaps
thecabinetharbor.com,https://thecabinetharbor.com,thecabinetharbor.com,info@thecabinetharbor.com,,Bay Harbor Islands FL,cabinet maker,gmaps
kirkscustomcabinetry.com,https://kirkscustomcabinetry.com,kirkscustomcabinetry.com,kirkscustomcabinetry@gmail.com,,Bay Harbor Islands FL,cabinet maker,gmaps
spazioofurniture.com,https://spazioofurniture.com,spazioofurniture.com,spazioofurniture@hotmail.com,,Bay Harbor Islands FL,cabinet maker,gmaps
jpccarpentry.com,https://jpccarpentry.com,jpccarpentry.com,jpcustomcarpentryllc@yahoo.com,,Biscayne Park FL,cabinet maker,gmaps
locations.californiaclosets.com,https://locations.californiaclosets.com,locations.californiaclosets.com,customer-service@calclosets.com,,Biscayne Park FL,cabinet maker,gmaps
universalkitchencenter.com,https://universalkitchencenter.com,universalkitchencenter.com,info@universalkitchencenter.com,,Biscayne Park FL,cabinet maker,gmaps
luxykitchens.com,https://luxykitchens.com,luxykitchens.com,info@luxykitchens.com,,Biscayne Park FL,cabinet maker,gmaps
that1painter.com,https://that1painter.com,that1painter.com,info@that1painter.com,,Biscayne Park FL,cabinet maker,gmaps
cellart.us,https://cellart.us,cellart.us,info@cellart.us,,Biscayne Park FL,cabinet maker,gmaps
pkbcabinetry.com,https://pkbcabinetry.com,pkbcabinetry.com,miami@pandakitchen.com,,Biscayne Park FL,cabinet maker,gmaps
granitetransformations.com,https://granitetransformations.com,granitetransformations.com,rsgmarketing@trend-group.com,,Biscayne Park FL,cabinet maker,gmaps
cabicraft.com,https://cabicraft.com,cabicraft.com,office@cabicraft.com,,Boca Raton FL,cabinet maker,gmaps
cabinetmastersofsouthflorida.com,https://cabinetmastersofsouthflorida.com,cabinetmastersofsouthflorida.com,cabinetmasters11@aol.com,,Boca Raton FL,cabinet maker,gmaps
alliancewoodworking.com,https://alliancewoodworking.com,alliancewoodworking.com,info@alliancewoodworking.com,,Boca Raton FL,cabinet maker,gmaps
floridaluxurycabinets.com,https://floridaluxurycabinets.com,floridaluxurycabinets.com,info@floridaluxurycabinets.com,,Boca Raton FL,cabinet maker,gmaps
jlclosets.com,https://jlclosets.com,jlclosets.com,info@jlclosets.com,,Boca Raton FL,cabinet maker,gmaps
manikfurniture.com,https://manikfurniture.com,manikfurniture.com,sales@manikfurniture.com,,Boca Raton FL,cabinet maker,gmaps
canamcabinet.com,https://canamcabinet.com,canamcabinet.com,info@canamcabinet.com,,Boca Raton FL,cabinet maker,gmaps
thekitchencabinetshop.com,https://thekitchencabinetshop.com,thekitchencabinetshop.com,nick@thekitchencabinetshop.com,,Boca Raton FL,cabinet maker,gmaps
floridaclosets.net,https://floridaclosets.net,floridaclosets.net,info@floridaclosets.net,,Boca Raton FL,cabinet maker,gmaps
kitchencabinetkings.com,https://kitchencabinetkings.com,kitchencabinetkings.com,support@kitchencabinetkings.com,,Boca Raton FL,cabinet maker,gmaps
cabinetiq.com,https://cabinetiq.com,cabinetiq.com,info@cabinetiq.com,,Boca Raton FL,cabinet maker,gmaps
vanbert.com,https://vanbert.com,vanbert.com,sales@vanbert.com,,Boca Raton FL,cabinet maker,gmaps
masterclosetkitchen.com,https://masterclosetkitchen.com,masterclosetkitchen.com,info@masterclosetkitchen.com,,Boca Raton FL,cabinet maker,gmaps
zimmermankd.com,https://zimmermankd.com,zimmermankd.com,help@zimmermankd.com,,Boca Raton FL,cabinet maker,gmaps
rmmcabinets.com,https://rmmcabinets.com,rmmcabinets.com,rmmcabinets@gmail.com,,Boca Raton FL,cabinet maker,gmaps
eurocraftcabinets.com,https://eurocraftcabinets.com,eurocraftcabinets.com,info@eurocraftcabinets.com,,Boca Raton FL,cabinet maker,gmaps
bocakitchens.com,https://bocakitchens.com,bocakitchens.com,info@bocakitchens.com,,Boca Raton FL,cabinet maker,gmaps
tqcabinetry.com,https://tqcabinetry.com,tqcabinetry.com,admin@tqcabinetry.com,,Boca Raton FL,cabinet maker,gmaps
themillworkatelier.com,https://themillworkatelier.com,themillworkatelier.com,info@themillworkatelier.com,,Boca Raton FL,cabinet maker,gmaps
viewpointcabinetry.com,https://viewpointcabinetry.com,viewpointcabinetry.com,victoria@viewpointcabinetry.com,,Boca Raton FL,cabinet maker,gmaps
spectrumkitchens.com,https://spectrumkitchens.com,spectrumkitchens.com,info@spectrumkitchens.com,,Boca Raton FL,cabinet maker,gmaps
rfwoodanddesign.com,https://rfwoodanddesign.com,rfwoodanddesign.com,amkryukov@gmail.com,,Boca Raton FL,cabinet maker,gmaps
builtinbydesign.com,https://builtinbydesign.com,builtinbydesign.com,info@builtinbydesign.com,,Boca Raton FL,cabinet maker,gmaps
cabinetsmargatefl.com,https://cabinetsmargatefl.com,cabinetsmargatefl.com,nporecha03@gmail.com,,Boca Raton FL,cabinet maker,gmaps
signaturecustomclosets.com,https://signaturecustomclosets.com,signaturecustomclosets.com,signaturecustomclosetsfl@gmail.com,,Boca Raton FL,cabinet maker,gmaps
kitchencabinetslakeworth.com,https://kitchencabinetslakeworth.com,kitchencabinetslakeworth.com,wholekitchen@comcast.net,,Boca Raton FL,cabinet maker,gmaps
firstchoicefinishing.com,https://firstchoicefinishing.com,firstchoicefinishing.com,omar@firstchoicefinishing.com,,Boca Raton FL,cabinet maker,gmaps
sewoodcrafters.com,https://sewoodcrafters.com,sewoodcrafters.com,info@sewoodcrafters.com,,Boca Raton FL,cabinet maker,gmaps
halfpricecabinets.com,https://halfpricecabinets.com,halfpricecabinets.com,halfpricecabinetsfl@gmail.com,,Boca Raton FL,cabinet maker,gmaps
swissmillwork.com,https://swissmillwork.com,swissmillwork.com,info@swissmillwork.com,,Boca Raton FL,cabinet maker,gmaps
nordicgrp.com,https://nordicgrp.com,nordicgrp.com,info@nordicgrp.com,,Boca Raton FL,cabinet maker,gmaps
devinedesignskitchens.com,https://devinedesignskitchens.com,devinedesignskitchens.com,info@ddk1.com,,Boca Raton FL,cabinet maker,gmaps
setkitchens.com,https://setkitchens.com,setkitchens.com,info@setkitchens.com,,Boca Raton FL,cabinet maker,gmaps
southfloridadoorsclosets.com,https://southfloridadoorsclosets.com,southfloridadoorsclosets.com,inquiry@southfloridadoorsclosets.com,,Boca Raton FL,cabinet maker,gmaps
ejbhomeimprovement.com,https://ejbhomeimprovement.com,ejbhomeimprovement.com,elliot6015@gmail.com,,Boca Raton FL,cabinet maker,gmaps
lolacabinets.com,https://lolacabinets.com,lolacabinets.com,locadecordesign@gmail.com,,Boca Raton FL,cabinet maker,gmaps
woodseven.net,https://woodseven.net,woodseven.net,woodsevenllc@gmail.com,,Boca Raton FL,cabinet maker,gmaps
oceanwestdesignboca.com,https://oceanwestdesignboca.com,oceanwestdesignboca.com,kenneth@oceanwestdesignboca.com,,Boca Raton FL,cabinet maker,gmaps
luxurywoodworkingdesign.com,https://luxurywoodworkingdesign.com,luxurywoodworkingdesign.com,luxurywoodworkingdesigns@gmail.com,,Boca Raton FL,cabinet maker,gmaps
hswoodwork.net,https://hswoodwork.net,hswoodwork.net,sales@hswoodwork.net,,Boca Raton FL,cabinet maker,gmaps
homekitchencabinets.com,https://homekitchencabinets.com,homekitchencabinets.com,info@homekitchencabinets.com,,Boca Raton FL,cabinet maker,gmaps
cabinetsandparts.com,https://cabinetsandparts.com,cabinetsandparts.com,sales@cabinetsandparts.com,,Boynton Beach FL,cabinet maker,gmaps
elementskbf.com,https://elementskbf.com,elementskbf.com,info@elementskbf.com,,Boynton Beach FL,cabinet maker,gmaps
mahoganykitchens.com,https://mahoganykitchens.com,mahoganykitchens.com,info@mahoganykitchens.com,,Boynton Beach FL,cabinet maker,gmaps
innovohomedesign.com,https://innovohomedesign.com,innovohomedesign.com,info@innovohomedesign.com,,Boynton Beach FL,cabinet maker,gmaps
primecabinetsncounters.com,https://primecabinetsncounters.com,primecabinetsncounters.com,primekitchen2022@gmail.com,,Boynton Beach FL,cabinet maker,gmaps
fivecabinetry.com,https://fivecabinetry.com,fivecabinetry.com,info@fivecabinetry.com,,Boynton Beach FL,cabinet maker,gmaps
topscabinet.net,https://topscabinet.net,topscabinet.net,info@topscabinet.net,,Boynton Beach FL,cabinet maker,gmaps
fontanawoodworking.com,https://fontanawoodworking.com,fontanawoodworking.com,fontanawoodworks@aol.com,,Boynton Beach FL,cabinet maker,gmaps
closetandgaragedesigns.com,https://closetandgaragedesigns.com,closetandgaragedesigns.com,tasaieva@aol.com,,Boynton Beach FL,cabinet maker,gmaps
inspiredclosets.com,https://inspiredclosets.com,inspiredclosets.com,showroom@inspiredclosetschicago.com,,Boynton Beach FL,cabinet maker,gmaps
schoolofwoodcarving.com,https://schoolofwoodcarving.com,schoolofwoodcarving.com,contact@schoolofwoodcarving.com,,Boynton Beach FL,cabinet maker,gmaps
salvatorehomedesign.com,https://salvatorehomedesign.com,salvatorehomedesign.com,kithomedesign1@gmail.com,,Boynton Beach FL,cabinet maker,gmaps
benchmarkpainting.com,https://benchmarkpainting.com,benchmarkpainting.com,john@doe.com,,Boynton Beach FL,cabinet maker,gmaps
mavkk.com,https://mavkk.com,mavkk.com,office@mavkk.com,,Boynton Beach FL,cabinet maker,gmaps
doctorcabinets.com,https://doctorcabinets.com,doctorcabinets.com,david_junca@hotmail.com,,Boynton Beach FL,cabinet maker,gmaps
fourniercdinc.com,https://fourniercdinc.com,fourniercdinc.com,order@fourniercdinc.com,,Boynton Beach FL,cabinet maker,gmaps
heritagewoodworkllc.com,https://heritagewoodworkllc.com,heritagewoodworkllc.com,info@ndiscovered.com,,Boynton Beach FL,cabinet maker,gmaps
styledclosets.com,https://styledclosets.com,styledclosets.com,styledclosetsfl@gmail.com,,Boynton Beach FL,cabinet maker,gmaps
pro-millwork.com,https://pro-millwork.com,pro-millwork.com,contact@yourwebsite.com,,Boynton Beach FL,cabinet maker,gmaps
samedayclosets.com,https://samedayclosets.com,samedayclosets.com,samedayclosets@gmail.com,,Boynton Beach FL,cabinet maker,gmaps
ckcabinets.com,https://ckcabinets.com,ckcabinets.com,contact@ckcabinets.com,,Boynton Beach FL,cabinet maker,gmaps
monstersalesusa.com,https://monstersalesusa.com,monstersalesusa.com,info@monstersalesusa.com,,Boynton Beach FL,cabinet maker,gmaps
designsbyleoinc.com,https://designsbyleoinc.com,designsbyleoinc.com,contact@designsbyleoinc.com,,Boynton Beach FL,cabinet maker,gmaps
clearviewcabinetry.com,https://clearviewcabinetry.com,clearviewcabinetry.com,roy@clearviewcabinetry.com,,Boynton Beach FL,cabinet maker,gmaps
countertopspalmbeach.com,https://countertopspalmbeach.com,countertopspalmbeach.com,info@countertopspalmbeach.com,,Boynton Beach FL,cabinet maker,gmaps
kinon.com,https://kinon.com,kinon.com,support@kinon.com,,Boynton Beach FL,cabinet maker,gmaps
skstonesusa.com,https://skstonesusa.com,skstonesusa.com,info@skstonesusa.com,,Boynton Beach FL,cabinet maker,gmaps
wolfinthewoods.com,https://wolfinthewoods.com,wolfinthewoods.com,assistant@wolfinthewoods.com,,Boynton Beach FL,cabinet maker,gmaps
pbdesigninstallation.com,https://pbdesigninstallation.com,pbdesigninstallation.com,info@pbdesigninstallation.com,,Boynton Beach FL,cabinet maker,gmaps
uscabinetdepot.com,https://uscabinetdepot.com,uscabinetdepot.com,info@uscabinetdepot.com,,Coconut Creek FL,cabinet maker,gmaps
kccdesigns.com,https://kccdesigns.com,kccdesigns.com,info@kccdesigns.com,,Coconut Creek FL,cabinet maker,gmaps
ephraimclosetsandmore.com,https://ephraimclosetsandmore.com,ephraimclosetsandmore.com,sales@ephraimclosetsandmore.com,,Coconut Creek FL,cabinet maker,gmaps
kitchenbathstudiosinc.com,https://kitchenbathstudiosinc.com,kitchenbathstudiosinc.com,kbs@kitchenbathstudiosinc.com,,Coconut Creek FL,cabinet maker,gmaps
wooden-city.com,https://wooden-city.com,wooden-city.com,woodencitydesigns@gmail.com,,Coconut Creek FL,cabinet maker,gmaps
kitchensbyjoseph.net,https://kitchensbyjoseph.net,kitchensbyjoseph.net,joegloria58@gmail.com,,Coconut Creek FL,cabinet maker,gmaps
customcabinetsiidesign.com,https://customcabinetsiidesign.com,customcabinetsiidesign.com,avillalobos@ccabinetd.com,,Coconut Creek FL,cabinet maker,gmaps
customcabinetry9.com,https://customcabinetry9.com,customcabinetry9.com,customcabinetry9@aol.com,,Coconut Creek FL,cabinet maker,gmaps
pulidoscab.com,https://pulidoscab.com,pulidoscab.com,pulidoscab@gmail.com,,Coconut Creek FL,cabinet maker,gmaps
deluxepainting.us,https://deluxepainting.us,deluxepainting.us,info@deluxepainting.com,,Coconut Creek FL,cabinet maker,gmaps
parisfurnishings.net,https://parisfurnishings.net,parisfurnishings.net,info@parisfurnishings.net,,Coconut Creek FL,cabinet maker,gmaps
dovedrawers.com,https://dovedrawers.com,dovedrawers.com,sales@dovedrawers.com,,Coconut Creek FL,cabinet maker,gmaps
setkitchenscoral.com,https://setkitchenscoral.com,setkitchenscoral.com,info@setkitchenscoral.com,,Coconut Creek FL,cabinet maker,gmaps
theclosetdoctor.com,https://theclosetdoctor.com,theclosetdoctor.com,info@theclosetdoctor.com,,Coconut Creek FL,cabinet maker,gmaps
awcdesigns.com,https://awcdesigns.com,awcdesigns.com,marcos@awcdesigns.com,,Coconut Creek FL,cabinet maker,gmaps
xpresswoodworks.com,https://xpresswoodworks.com,xpresswoodworks.com,xpresswoodworks@gmail.com,,Coconut Creek FL,cabinet maker,gmaps
whiteshaker.com,https://whiteshaker.com,whiteshaker.com,keithgrout@gmail.com,,Coconut Creek FL,cabinet maker,gmaps
majestickitchensandbaths.com,https://majestickitchensandbaths.com,majestickitchensandbaths.com,marialema.mkb@gmail.com,,Coconut Creek FL,cabinet maker,gmaps
woodhausdesign.com,https://woodhausdesign.com,woodhausdesign.com,info@woodhausdesign.com,,Coconut Creek FL,cabinet maker,gmaps
closetmanufacturer.com,https://closetmanufacturer.com,closetmanufacturer.com,closetmanufacturer@gmail.com,,Coconut Creek FL,cabinet maker,gmaps
floridaqualitybuilders.us,https://floridaqualitybuilders.us,floridaqualitybuilders.us,info@floridaqualitybuilders.us,,Coconut Creek FL,cabinet maker,gmaps
jandkcabinets.com,https://jandkcabinets.com,jandkcabinets.com,sales@calicabinetswholesale.com,,Coconut Creek FL,cabinet maker,gmaps
jarlincabinets.com,https://jarlincabinets.com,jarlincabinets.com,info@jarlincabinets.com,,Coconut Creek FL,cabinet maker,gmaps
sunshinekitchenbath.com,https://sunshinekitchenbath.com,sunshinekitchenbath.com,sunshinekitchenbath@gmail.com,,Coconut Creek FL,cabinet maker,gmaps
justkustomcreations.com,https://justkustomcreations.com,justkustomcreations.com,contact@justkustomcreations.com,,Coconut Creek FL,cabinet maker,gmaps
proworksdistributors.com,https://proworksdistributors.com,proworksdistributors.com,info@proworksdistributors.com,,Coconut Creek FL,cabinet maker,gmaps
thewatersedgegroup.com,https://thewatersedgegroup.com,thewatersedgegroup.com,office.wegroup@gmail.com,,Coconut Grove FL,cabinet maker,gmaps
veraformstudio.com,https://veraformstudio.com,veraformstudio.com,hello@veraformstudio.com,,Coconut Grove FL,cabinet maker,gmaps
acaciacabinets.net,https://acaciacabinets.net,acaciacabinets.net,info@acaciacabinets.net,,Coconut Grove FL,cabinet maker,gmaps
bk-b.com,https://bk-b.com,bk-b.com,design@bk-b.com,,Coconut Grove FL,cabinet maker,gmaps
pedinimiami.com,https://pedinimiami.com,pedinimiami.com,info@pedinimiami.com,,Coconut Grove FL,cabinet maker,gmaps
fl1kitchencabinets.com,https://fl1kitchencabinets.com,fl1kitchencabinets.com,info@fl1kitchencabinets.com,,Coconut Grove FL,cabinet maker,gmaps
eleetcabinetry.com,https://eleetcabinetry.com,eleetcabinetry.com,tyler@eleetcabinetry.com,,Coconut Grove FL,cabinet maker,gmaps
designit.studio,https://designit.studio,designit.studio,rh@designit.studio,,Coconut Grove FL,cabinet maker,gmaps
customcabinetsforlife.godaddysites.com,https://customcabinetsforlife.godaddysites.com,customcabinetsforlife.godaddysites.com,hello@rfuenzalida.com,,Coconut Grove FL,cabinet maker,gmaps
harwoodcarpentry.pro,https://harwoodcarpentry.pro,harwoodcarpentry.pro,info@hwoodcarpentry.com,,Coconut Grove FL,cabinet maker,gmaps
jandjcabinets.com,https://jandjcabinets.com,jandjcabinets.com,jandjcabinet@aol.com,,Coconut Grove FL,cabinet maker,gmaps
zoom-room.com,https://zoom-room.com,zoom-room.com,inquiries@zoom-room.com,,Coconut Grove FL,cabinet maker,gmaps
maurosinteriors.com,https://maurosinteriors.com,maurosinteriors.com,maurosinteriors@gmail.com,,Coconut Grove FL,cabinet maker,gmaps
vogueparquet.com,https://vogueparquet.com,vogueparquet.com,info@vogueparquet.com,,Coconut Grove FL,cabinet maker,gmaps
surlatable.com,https://surlatable.com,surlatable.com,customerservice@surlatable.com,,Coconut Grove FL,cabinet maker,gmaps
bestpricemovingquotes.com,https://bestpricemovingquotes.com,bestpricemovingquotes.com,bestpricemovingquotes@gmail.com,,Coconut Grove FL,cabinet maker,gmaps
kitchensonclearance.com,https://kitchensonclearance.com,kitchensonclearance.com,sales@kitchensonclearance.com,,Coconut Grove FL,cabinet maker,gmaps
newstylekitchencabinets.com,https://newstylekitchencabinets.com,newstylekitchencabinets.com,newstylekitchencabinets@gmail.com,,Coconut Grove FL,cabinet maker,gmaps
artecucine.net,https://artecucine.net,artecucine.net,info@arte-cucine.com,,Coconut Grove FL,cabinet maker,gmaps
myalphacd.com,https://myalphacd.com,myalphacd.com,alphacd@outlook.com,,Coral Gables FL,cabinet maker,gmaps
floridianfurniture.com,https://floridianfurniture.com,floridianfurniture.com,benny@floridianfurniture.com,,Coral Gables FL,cabinet maker,gmaps
kitcheniberica.com,https://kitcheniberica.com,kitcheniberica.com,mad@kitcheniberica.com,,Coral Gables FL,cabinet maker,gmaps
castalia-collections.com,https://castalia-collections.com,castalia-collections.com,emerson@castalia-collections.com,,Coral Gables FL,cabinet maker,gmaps
modo-furniture.com,https://modo-furniture.com,modo-furniture.com,info@modo-furniture.com,,Coral Gables FL,cabinet maker,gmaps
victoriasarmoire.net,https://victoriasarmoire.net,victoriasarmoire.net,sales@victoriasarmoire.net,,Coral Gables FL,cabinet maker,gmaps
jwbcabinets.com,https://jwbcabinets.com,jwbcabinets.com,contact@jwbcabinets.com,,Coral Gables FL,cabinet maker,gmaps
mastercraftwoodandhardware.com,https://mastercraftwoodandhardware.com,mastercraftwoodandhardware.com,design@mwh100.com,,Coral Gables FL,cabinet maker,gmaps
tailorhomedesign.com,https://tailorhomedesign.com,tailorhomedesign.com,lembonino@gmail.com,,Coral Gables FL,cabinet maker,gmaps
luminaire.com,https://luminaire.com,luminaire.com,online.support@luminaire.com,,Coral Gables FL,cabinet maker,gmaps
centuryhomebuilders.com,https://centuryhomebuilders.com,centuryhomebuilders.com,century@chbsfl.com,,Coral Gables FL,cabinet maker,gmaps
4ydesigns.com,https://4ydesigns.com,4ydesigns.com,studio@4ydesigns.com,,Coral Gables FL,cabinet maker,gmaps
leandromorastudio.com,https://leandromorastudio.com,leandromorastudio.com,info@leandromorastudio.com,,Coral Gables FL,cabinet maker,gmaps
kitchendsm.com,https://kitchendsm.com,kitchendsm.com,info@kitchendsm.com,,Coral Springs FL,cabinet maker,gmaps
closetdecorandmore.com,https://closetdecorandmore.com,closetdecorandmore.com,dave@closetdecorandmore.com,,Coral Springs FL,cabinet maker,gmaps
cuinadesign.com,https://cuinadesign.com,cuinadesign.com,info@cuinadesign.com,,Coral Springs FL,cabinet maker,gmaps
latorrekitchenandbath.com,https://latorrekitchenandbath.com,latorrekitchenandbath.com,sales@latorrekitchenandbath.com,,Coral Springs FL,cabinet maker,gmaps
sofloclosets.com,https://sofloclosets.com,sofloclosets.com,info@sofloclosets.com,,Coral Springs FL,cabinet maker,gmaps
adkcabinetry.com,https://adkcabinetry.com,adkcabinetry.com,info@adkcabinetry.com,,Coral Springs FL,cabinet maker,gmaps
escobarenterprise.com,https://escobarenterprise.com,escobarenterprise.com,justo@escobarenterprise.com,,Coral Springs FL,cabinet maker,gmaps
onehomeandecor.com,https://onehomeandecor.com,onehomeandecor.com,onehomespaces@gmail.com,,Coral Springs FL,cabinet maker,gmaps
pbdsouthflorida.com,https://pbdsouthflorida.com,pbdsouthflorida.com,pbdsouthflorida@gmail.com,,Coral Springs FL,cabinet maker,gmaps
jhammerhomedesigns.com,https://jhammerhomedesigns.com,jhammerhomedesigns.com,jfarias@jhammerhomeanddesigns.com,,Coral Springs FL,cabinet maker,gmaps
cabinetsbymarylin.com,https://cabinetsbymarylin.com,cabinetsbymarylin.com,cabinetsbymarylin@gmail.com,,Coral Springs FL,cabinet maker,gmaps
bellissimocolors.com,https://bellissimocolors.com,bellissimocolors.com,info@bellissimocolors.com,,Coral Springs FL,cabinet maker,gmaps
vfbuildersrenovation.com,https://vfbuildersrenovation.com,vfbuildersrenovation.com,info@vfbuildersrenovation.com,,Coral Springs FL,cabinet maker,gmaps
customcabinetrydirect.com,https://customcabinetrydirect.com,customcabinetrydirect.com,sales@customcabinetrydirect.com,,Coral Springs FL,cabinet maker,gmaps
salomoncompany.com,https://salomoncompany.com,salomoncompany.com,salomonrefinishingcorp@gmail.com,,Coral Terrace FL,cabinet maker,gmaps
sleekdesign.us,https://sleekdesign.us,sleekdesign.us,studio@sleekdesign.us,,Coral Terrace FL,cabinet maker,gmaps
woodworkzmiami.com,https://woodworkzmiami.com,woodworkzmiami.com,info@woodworkzmiami.com,,Coral Terrace FL,cabinet maker,gmaps
concretocompany.com,https://concretocompany.com,concretocompany.com,rosa@concretocompany.com,,Coral Terrace FL,cabinet maker,gmaps
benitezcarpentryservices.com,https://benitezcarpentryservices.com,benitezcarpentryservices.com,benitezcarpentryservices@gmail.com,,Coral Terrace FL,cabinet maker,gmaps
holzhomedesignmiami.com,https://holzhomedesignmiami.com,holzhomedesignmiami.com,info@holzmiami.com,,Coral Terrace FL,cabinet maker,gmaps
kitchenanddecor.com,https://kitchenanddecor.com,kitchenanddecor.com,monica@kitchenanddecor.com,,Coral Terrace FL,cabinet maker,gmaps
artofdrawers.com,https://artofdrawers.com,artofdrawers.com,info@artofdrawers.com,,Coral Terrace FL,cabinet maker,gmaps
nazarenocarpenter.com,https://nazarenocarpenter.com,nazarenocarpenter.com,info@nazarenocarpenter.com,,Country Club FL,cabinet maker,gmaps
gmirandacustom.com,https://gmirandacustom.com,gmirandacustom.com,sethpeace.g.miranda@gmail.com,,Country Club FL,cabinet maker,gmaps
royalcabinetry.com,https://royalcabinetry.com,royalcabinetry.com,estimating@royalcabinetry.com,,Country Club FL,cabinet maker,gmaps
robertcarpentry.com,https://robertcarpentry.com,robertcarpentry.com,yadira@robertcarpentry.com,,Country Club FL,cabinet maker,gmaps
theclosetlab.us,https://theclosetlab.us,theclosetlab.us,info@theclosetlab.us,,Country Club FL,cabinet maker,gmaps
carloskitchenandvanities.com,https://carloskitchenandvanities.com,carloskitchenandvanities.com,admin@carloskitchenandvanities.com,,Country Club FL,cabinet maker,gmaps
fatto-su-misura.com,https://fatto-su-misura.com,fatto-su-misura.com,info@fatto-su-misura.com,,Country Club FL,cabinet maker,gmaps
customwoodworkandcabinetry.net,https://customwoodworkandcabinetry.net,customwoodworkandcabinetry.net,customwoodworkc@gmail.com,,Country Club FL,cabinet maker,gmaps
mydandc.com,https://mydandc.com,mydandc.com,info@mydandc.com,,Country Club FL,cabinet maker,gmaps
legacycabinets.net,https://legacycabinets.net,legacycabinets.net,legacycabinets@upm.miami,,Country Club FL,cabinet maker,gmaps
closet-makers.com,https://closet-makers.com,closet-makers.com,info@closet-makers.com,,Country Club FL,cabinet maker,gmaps
waddesigns.us,https://waddesigns.us,waddesigns.us,wad.designers@gmail.com,,Country Club FL,cabinet maker,gmaps
technocabinets305.com,https://technocabinets305.com,technocabinets305.com,technocabinets@gmail.com,,Country Club FL,cabinet maker,gmaps
unitedcabinetsmiami.com,https://unitedcabinetsmiami.com,unitedcabinetsmiami.com,info@unitedcabinetsmiami.com,,Country Club FL,cabinet maker,gmaps
mrthermodoors.com,https://mrthermodoors.com,mrthermodoors.com,info@mobilicabinetdoors.com,,Country Club FL,cabinet maker,gmaps
prokitchensandcabinetry.com,https://prokitchensandcabinetry.com,prokitchensandcabinetry.com,kbalamode@gmail.com,,Country Club FL,cabinet maker,gmaps
stoneintl.net,https://stoneintl.net,stoneintl.net,info@stoneintl.net,,Cutler Bay FL,cabinet maker,gmaps
exclusive-closet.com,https://exclusive-closet.com,exclusive-closet.com,info@exclusive-closet.com,,Cutler Bay FL,cabinet maker,gmaps
designwoodstyleinc.com,https://designwoodstyleinc.com,designwoodstyleinc.com,info@designwoodstyleinc.com,,Cutler Bay FL,cabinet maker,gmaps
aaamericancarpentry.com,https://aaamericancarpentry.com,aaamericancarpentry.com,aamerican@carpentry1.net,,Cutler Bay FL,cabinet maker,gmaps
laescarpenteria.com,https://laescarpenteria.com,laescarpenteria.com,info@yoursite.com,,Cutler Bay FL,cabinet maker,gmaps
greenpalmconstruction.com,https://greenpalmconstruction.com,greenpalmconstruction.com,info@greenpalmconstruction.com,,Cutler Bay FL,cabinet maker,gmaps
decomiamillc.com,https://decomiamillc.com,decomiamillc.com,decodesigngroupllc@gmail.com,,Cutler Bay FL,cabinet maker,gmaps
luxurysupplies.net,https://luxurysupplies.net,luxurysupplies.net,luxurysupplies33@gmail.com,,Cutler Bay FL,cabinet maker,gmaps
armo-design.com,https://armo-design.com,armo-design.com,info@armo-design.com,,Cutler Bay FL,cabinet maker,gmaps
mahancabinets.com,https://mahancabinets.com,mahancabinets.com,steve@mahancabinets.com,,Cutler Bay FL,cabinet maker,gmaps
thekitchenandcloset.com,https://thekitchenandcloset.com,thekitchenandcloset.com,contactus@thekitchenandcloset.com,,Cutler Bay FL,cabinet maker,gmaps
belettecabinets.com,https://belettecabinets.com,belettecabinets.com,info@belettecabinets.com,,Cutler Bay FL,cabinet maker,gmaps
tablepadspro.com,https://tablepadspro.com,tablepadspro.com,hello@tablepadspro.com,,Cutler Bay FL,cabinet maker,gmaps
altusrenovations.com,https://altusrenovations.com,altusrenovations.com,john@smith.com,,Cutler Bay FL,cabinet maker,gmaps
boltliving.com,https://boltliving.com,boltliving.com,hello@boltliving.com,,Cutler Bay FL,cabinet maker,gmaps
lenkailic.com,https://lenkailic.com,lenkailic.com,lenkailicstudio@netorgft4811235.onmicrosoft.com,,Cutler Bay FL,cabinet maker,gmaps
becomar.us,https://becomar.us,becomar.us,contact@becomar.us,,Cutler Bay FL,cabinet maker,gmaps
zadymillworks.com,https://zadymillworks.com,zadymillworks.com,info@zadymillworks.com,,Dania Beach FL,cabinet maker,gmaps
neffliving.com,https://neffliving.com,neffliving.com,info@neffliving.com,,Dania Beach FL,cabinet maker,gmaps
bienal.com,https://bienal.com,bienal.com,info@bienal.com,,Dania Beach FL,cabinet maker,gmaps
wrapmykitchen.com,https://wrapmykitchen.com,wrapmykitchen.com,infoflorida@wrapmykitchen.com,,Dania Beach FL,cabinet maker,gmaps
nationalcabinetcompany.com,https://nationalcabinetcompany.com,nationalcabinetcompany.com,mekogan@nationalcabinetllc.com,,Dania Beach FL,cabinet maker,gmaps
palmettokitchenbath.com,https://palmettokitchenbath.com,palmettokitchenbath.com,jamaral@anthemsoftware.com,,Dania Beach FL,cabinet maker,gmaps
jandkcabinetry.com,https://jandkcabinetry.com,jandkcabinetry.com,sales@calicabinetswholesale.com,,Dania Beach FL,cabinet maker,gmaps
customcabinetdoorsandmore.com,https://customcabinetdoorsandmore.com,customcabinetdoorsandmore.com,wemakedoors@gmail.com,,Dania Beach FL,cabinet maker,gmaps
americabinets.com,https://americabinets.com,americabinets.com,sales@americabinets.com,,Dania Beach FL,cabinet maker,gmaps
factorydirectrenovations.com,https://factorydirectrenovations.com,factorydirectrenovations.com,info@factorydirectrefacing.com,,Dania Beach FL,cabinet maker,gmaps
refinedwoodwork.com,https://refinedwoodwork.com,refinedwoodwork.com,info@refinedwoodwork.com,,Dania Beach FL,cabinet maker,gmaps
miamibestdesigns.com,https://miamibestdesigns.com,miamibestdesigns.com,contact@miamibestdesigns.com,,Dania Beach FL,cabinet maker,gmaps
worldkitchencabinets.com,https://worldkitchencabinets.com,worldkitchencabinets.com,sales@worldkitchencabinets.com,,Dania Beach FL,cabinet maker,gmaps
casaandcrafts.com,https://casaandcrafts.com,casaandcrafts.com,office@casaandcraft.com,,Dania Beach FL,cabinet maker,gmaps
smartspaceremodel.com,https://smartspaceremodel.com,smartspaceremodel.com,info@smartspaceremodel.com,,Dania Beach FL,cabinet maker,gmaps
dreammaker-remodel.com,https://dreammaker-remodel.com,dreammaker-remodel.com,marketing@dreammakerbk.com,,Dania Beach FL,cabinet maker,gmaps
klassikasa.com,https://klassikasa.com,klassikasa.com,info@klassikasa.com,,Dania Beach FL,cabinet maker,gmaps
germankitchencenter.com,https://germankitchencenter.com,germankitchencenter.com,mayan@germankitchencenter.com,,Dania Beach FL,cabinet maker,gmaps
modern-kitchens.com,https://modern-kitchens.com,modern-kitchens.com,info@modern-kitchens.com,,Dania Beach FL,cabinet maker,gmaps
wellmeydesign.com,https://wellmeydesign.com,wellmeydesign.com,wellmeydesign@gmail.com,,Dania Beach FL,cabinet maker,gmaps
almafedesign.com,https://almafedesign.com,almafedesign.com,hello@gordonc.com,,Dania Beach FL,cabinet maker,gmaps
bcd-closets.com,https://bcd-closets.com,bcd-closets.com,kenny@bcd-closets.com,,Dania Beach FL,cabinet maker,gmaps
custommarinecarpentry.com,https://custommarinecarpentry.com,custommarinecarpentry.com,info@custommarinecarpentry.com,,Dania Beach FL,cabinet maker,gmaps
poggenpohl.com,https://poggenpohl.com,poggenpohl.com,info@poggenpohl.com,,Dania Beach FL,cabinet maker,gmaps
954cabinets.com,https://954cabinets.com,954cabinets.com,hello@rfuenzalida.com,,Davie FL,cabinet maker,gmaps
eurocraftcabinetryfl.com,https://eurocraftcabinetryfl.com,eurocraftcabinetryfl.com,info@eurocraftcabinetryfl.com,,Davie FL,cabinet maker,gmaps
miraclesinwood.com,https://miraclesinwood.com,miraclesinwood.com,miraclesinwood@comcast.net,,Davie FL,cabinet maker,gmaps
nuformkitchen.com,https://nuformkitchen.com,nuformkitchen.com,nuformkitchen@gmail.com,,Davie FL,cabinet maker,gmaps
sanomakitchens.com,https://sanomakitchens.com,sanomakitchens.com,info@sanomakitchens.com,,Davie FL,cabinet maker,gmaps
whitecabinet.com,https://whitecabinet.com,whitecabinet.com,info@whitecabinet.com,,Davie FL,cabinet maker,gmaps
miltonfinishcarpentry.com,https://miltonfinishcarpentry.com,miltonfinishcarpentry.com,miltonpomenta@gmail.com,,Davie FL,cabinet maker,gmaps
americanstoneandgranite.com,https://americanstoneandgranite.com,americanstoneandgranite.com,americanstoneandgranite@gmail.com,,Davie FL,cabinet maker,gmaps
kandpkitchens.com,https://kandpkitchens.com,kandpkitchens.com,elenypanda@gmail.com,,Davie FL,cabinet maker,gmaps
morantzcabinets.com,https://morantzcabinets.com,morantzcabinets.com,jeno@morantzcabinets.com,,Davie FL,cabinet maker,gmaps
kccfactory.com,https://kccfactory.com,kccfactory.com,info@kccfactory.com,,Davie FL,cabinet maker,gmaps
papascreationsfl.com,https://papascreationsfl.com,papascreationsfl.com,info@papascreationsfl.com,,Davie FL,cabinet maker,gmaps
bluinkinteriors.com,https://bluinkinteriors.com,bluinkinteriors.com,info@bluinkinteriors.com,,Davie FL,cabinet maker,gmaps
woodyoudavie.com,https://woodyoudavie.com,woodyoudavie.com,info@woodyoudavie.com,,Davie FL,cabinet maker,gmaps
vittoriumdesign.com,https://vittoriumdesign.com,vittoriumdesign.com,info@vittoriumdesign.com,,Davie FL,cabinet maker,gmaps
mad4cabinetry.com,https://mad4cabinetry.com,mad4cabinetry.com,support@mad4cabinetry.com,,Davie FL,cabinet maker,gmaps
bellure.us,https://bellure.us,bellure.us,contactus@bellure.us,,Deerfield Beach FL,cabinet maker,gmaps
highdesigncabinetry.com,https://highdesigncabinetry.com,highdesigncabinetry.com,highdesign.cc@gmail.com,,Deerfield Beach FL,cabinet maker,gmaps
hubwoodworks.com,https://hubwoodworks.com,hubwoodworks.com,info@hubwoodworks.com,,Deerfield Beach FL,cabinet maker,gmaps
browardcustomkitchens.com,https://browardcustomkitchens.com,browardcustomkitchens.com,info@browardcustomkitchens.com,,Deerfield Beach FL,cabinet maker,gmaps
closetswarehouse.com,https://closetswarehouse.com,closetswarehouse.com,office@closetswarehouse.com,,Deerfield Beach FL,cabinet maker,gmaps
listindustries.com,https://listindustries.com,listindustries.com,info@listindustries.com,,Deerfield Beach FL,cabinet maker,gmaps
doormark.com,https://doormark.com,doormark.com,customerservice@doormark.com,,Deerfield Beach FL,cabinet maker,gmaps
ellocustommillwork.com,https://ellocustommillwork.com,ellocustommillwork.com,info@ellocustommillwork.com,,Deerfield Beach FL,cabinet maker,gmaps
mymasterkitchen.com,https://mymasterkitchen.com,mymasterkitchen.com,info@mymasterkitchen.com,,Deerfield Beach FL,cabinet maker,gmaps
atlasclosetsandcabinets.com,https://atlasclosetsandcabinets.com,atlasclosetsandcabinets.com,domains@digitimber.com,,Deerfield Beach FL,cabinet maker,gmaps
woodworkservicefl.com,https://woodworkservicefl.com,woodworkservicefl.com,info@oscarswoodwork.com,,Deerfield Beach FL,cabinet maker,gmaps
bhomeconcept.com,https://bhomeconcept.com,bhomeconcept.com,silmara@bhomeconcept.com,,Deerfield Beach FL,cabinet maker,gmaps
jsgmillwork.com,https://jsgmillwork.com,jsgmillwork.com,contact@jsgmillwork.com,,Deerfield Beach FL,cabinet maker,gmaps
deloriectd.com,https://deloriectd.com,deloriectd.com,info@deloriectd.com,,Deerfield Beach FL,cabinet maker,gmaps
diamondblueenterprise.com,https://diamondblueenterprise.com,diamondblueenterprise.com,info@diamondblueenterprise.com,,Deerfield Beach FL,cabinet maker,gmaps
masterkitchendecor.com,https://masterkitchendecor.com,masterkitchendecor.com,contact@masterkitchendecor.com,,Deerfield Beach FL,cabinet maker,gmaps
proslat.com,https://proslat.com,proslat.com,technical@proslat.com,,Delray Beach FL,cabinet maker,gmaps
butterflykitchens.com,https://butterflykitchens.com,butterflykitchens.com,sales@butterflykitchens.com,,Delray Beach FL,cabinet maker,gmaps
tdhomesupply.com,https://tdhomesupply.com,tdhomesupply.com,contact@tdhomesupply.com,,Delray Beach FL,cabinet maker,gmaps
ameritecdesigns.com,https://ameritecdesigns.com,ameritecdesigns.com,ameritecdesign@gmail.com,,Delray Beach FL,cabinet maker,gmaps
goldcoast-handymanservices.com,https://goldcoast-handymanservices.com,goldcoast-handymanservices.com,tony@goldcoast-handymanservices.com,,Delray Beach FL,cabinet maker,gmaps
libertykitchendesign.com,https://libertykitchendesign.com,libertykitchendesign.com,ezgaragedoorsfl@gmail.com,,Delray Beach FL,cabinet maker,gmaps
diorzdesign.com,https://diorzdesign.com,diorzdesign.com,info@diorzdesign.com,,Delray Beach FL,cabinet maker,gmaps
mgmarbleandgranite.info,https://mgmarbleandgranite.info,mgmarbleandgranite.info,mgmarblegranite@aol.com,,Delray Beach FL,cabinet maker,gmaps
armadillotough.com,https://armadillotough.com,armadillotough.com,david@xsellsior.com,,Delray Beach FL,cabinet maker,gmaps
garageliving.com,https://garageliving.com,garageliving.com,general@garageliving.com,,Delray Beach FL,cabinet maker,gmaps
luxurywooddesigns.com,https://luxurywooddesigns.com,luxurywooddesigns.com,luxurywoodd@gmail.com,,Doral FL,cabinet maker,gmaps
paramountdepot.com,https://paramountdepot.com,paramountdepot.com,sales@paramountdepot.com,,Doral FL,cabinet maker,gmaps
galaxykitchendepot.com,https://galaxykitchendepot.com,galaxykitchendepot.com,galaxykitchendepottampa@gmail.com,,Doral FL,cabinet maker,gmaps
realcabinets.com,https://realcabinets.com,realcabinets.com,realcabinets@bellsouth.net,,Doral FL,cabinet maker,gmaps
cornerstonekbf.com,https://cornerstonekbf.com,cornerstonekbf.com,admin@cornerstonekbf.com,,Doral FL,cabinet maker,gmaps
decorinicabinetry.com,https://decorinicabinetry.com,decorinicabinetry.com,example@gmail.com,,Doral FL,cabinet maker,gmaps
daidokoro-inc.com,https://daidokoro-inc.com,daidokoro-inc.com,info@daidokoro-inc.com,,Doral FL,cabinet maker,gmaps
xrcabinets.com,https://xrcabinets.com,xrcabinets.com,info@kbimiami.com,,Doral FL,cabinet maker,gmaps
decoclosets.com,https://decoclosets.com,decoclosets.com,info@decoclosets.com,,Doral FL,cabinet maker,gmaps
kbimiami.com,https://kbimiami.com,kbimiami.com,info@kbimiami.com,,Doral FL,cabinet maker,gmaps
oceandesigngallery.com,https://oceandesigngallery.com,oceandesigngallery.com,info@oceandesigngallery.com,,Doral FL,cabinet maker,gmaps
fiorelicucine.com,https://fiorelicucine.com,fiorelicucine.com,info@fiorelicucine.com,,Doral FL,cabinet maker,gmaps
venetacucinedoral.com,https://venetacucinedoral.com,venetacucinedoral.com,daniela@venetacucinedoral.com,,Doral FL,cabinet maker,gmaps
miamioutdoormasters.com,https://miamioutdoormasters.com,miamioutdoormasters.com,miamioutdoormasters@gmail.com,,Doral FL,cabinet maker,gmaps
305closets.com,https://305closets.com,305closets.com,305closets@gmail.com,,Doral FL,cabinet maker,gmaps
artemisamarble.com,https://artemisamarble.com,artemisamarble.com,info@artemisamarble.com,,Doral FL,cabinet maker,gmaps
myartisticinteriors.com,https://myartisticinteriors.com,myartisticinteriors.com,sales@myartisticinteriors.com,,Doral FL,cabinet maker,gmaps
jdhomedesigncenter.com,https://jdhomedesigncenter.com,jdhomedesigncenter.com,jdhd.sec@gmail.com,,Doral FL,cabinet maker,gmaps
cutservices.com,https://cutservices.com,cutservices.com,works@cutservices.com,,Doral FL,cabinet maker,gmaps
biaggicucina.com,https://biaggicucina.com,biaggicucina.com,info@biaggicucina.com,,Doral FL,cabinet maker,gmaps
kitchendesignmiami.com,https://kitchendesignmiami.com,kitchendesignmiami.com,implususa@gmail.com,,Doral FL,cabinet maker,gmaps
eucucina.com,https://eucucina.com,eucucina.com,sales@eucucina.com,,Doral FL,cabinet maker,gmaps
feycohardware.com,https://feycohardware.com,feycohardware.com,info@feycohardware.com,,Doral FL,cabinet maker,gmaps
tuhomefurniture.com,https://tuhomefurniture.com,tuhomefurniture.com,customerservicetuhome@rta.com.co,,Doral FL,cabinet maker,gmaps
slstoredisplays.com,https://slstoredisplays.com,slstoredisplays.com,customerservice@slstoredisplays.com,,Doral FL,cabinet maker,gmaps
mysensihome.com,https://mysensihome.com,mysensihome.com,info@skona.com,,Doral FL,cabinet maker,gmaps
artistafloors.com,https://artistafloors.com,artistafloors.com,info@artistafloors.com,,Doral FL,cabinet maker,gmaps
ikunan.us,https://ikunan.us,ikunan.us,info@ikunanus.com,,Doral FL,cabinet maker,gmaps
artinwood-usa.com,https://artinwood-usa.com,artinwood-usa.com,artinwood21@yahoo.com,,Doral FL,cabinet maker,gmaps
frontlinecarpentryanddesign.com,https://frontlinecarpentryanddesign.com,frontlinecarpentryanddesign.com,info@frontlinecarpentryanddesign.com,,El Portal FL,cabinet maker,gmaps
melvinscabinetinstallationsinc.com,https://melvinscabinetinstallationsinc.com,melvinscabinetinstallationsinc.com,melvincabinetinstallations@hotmail.com,,El Portal FL,cabinet maker,gmaps
jesuscabinetsgranite.com,https://jesuscabinetsgranite.com,jesuscabinetsgranite.com,info@jesuscabinetsgranite.com,,El Portal FL,cabinet maker,gmaps
cabinetsandmillwork.com,https://cabinetsandmillwork.com,cabinetsandmillwork.com,leonard@cabinetsandmillwork.com,,El Portal FL,cabinet maker,gmaps
agcustomcabinets.com,https://agcustomcabinets.com,agcustomcabinets.com,armando@agcustomcabinets.com,,El Portal FL,cabinet maker,gmaps
jmcustomfl.com,https://jmcustomfl.com,jmcustomfl.com,jmcustomfl@gmail.com,,El Portal FL,cabinet maker,gmaps
rcabinetscompany.com,https://rcabinetscompany.com,rcabinetscompany.com,rcabinet.company@gmail.com,,Florida City FL,cabinet maker,gmaps
3dpdesignservices.square.site,https://3dpdesignservices.square.site,3dpdesignservices.square.site,dpdesignservices@gmail.com,,Florida City FL,cabinet maker,gmaps
kerfcollective.com,https://kerfcollective.com,kerfcollective.com,info@kerfcollective.com,,Florida City FL,cabinet maker,gmaps
buildoutco.com,https://buildoutco.com,buildoutco.com,sales@buildoutco.com,,Florida City FL,cabinet maker,gmaps
highpointcabinet.com,https://highpointcabinet.com,highpointcabinet.com,jp@highpointcabinet.com,,Florida City FL,cabinet maker,gmaps
maplehausnw.com,https://maplehausnw.com,maplehausnw.com,customerservicenw@maplehaususa.com,,Fontainebleau FL,cabinet maker,gmaps
roussiniusa.com,https://roussiniusa.com,roussiniusa.com,info@roussiniusa.com,,Fontainebleau FL,cabinet maker,gmaps
milino.us,https://milino.us,milino.us,milinopanels@gmail.com,,Fontainebleau FL,cabinet maker,gmaps
cabinetconnect.com,https://cabinetconnect.com,cabinetconnect.com,sales@cabinetconnect.com,,Fort Lauderdale FL,cabinet maker,gmaps
cabinetsanddesigninc.com,https://cabinetsanddesigninc.com,cabinetsanddesigninc.com,cabinetsncs@gmail.com,,Fort Lauderdale FL,cabinet maker,gmaps
brinzicabinetry.com,https://brinzicabinetry.com,brinzicabinetry.com,info@brinzicabinetry.com,,Fort Lauderdale FL,cabinet maker,gmaps
halfpricekitchen.com,https://halfpricekitchen.com,halfpricekitchen.com,kurtgrout@gmail.com,,Fort Lauderdale FL,cabinet maker,gmaps
vertexcabinets.com,https://vertexcabinets.com,vertexcabinets.com,prcab64@gmail.com,,Fort Lauderdale FL,cabinet maker,gmaps
themajesticmodern.com,https://themajesticmodern.com,themajesticmodern.com,contact@modernmajestic.net,,Fort Lauderdale FL,cabinet maker,gmaps
bonattowoodworks.com,https://bonattowoodworks.com,bonattowoodworks.com,info@bonattowoodworks.com,,Fort Lauderdale FL,cabinet maker,gmaps
signaturecabinets.us,https://signaturecabinets.us,signaturecabinets.us,info@signaturecabinets.us,,Fort Lauderdale FL,cabinet maker,gmaps
abclosets.com,https://abclosets.com,abclosets.com,info@abclosets.com,,Fort Lauderdale FL,cabinet maker,gmaps
miamivero.com,https://miamivero.com,miamivero.com,salesmiamivero@gmail.com,,Fort Lauderdale FL,cabinet maker,gmaps
thekitchenworks.com,https://thekitchenworks.com,thekitchenworks.com,info@thekitchenworks.com,,Fort Lauderdale FL,cabinet maker,gmaps
goldentouch-design.com,https://goldentouch-design.com,goldentouch-design.com,info@goldentouch-design.com,,Fort Lauderdale FL,cabinet maker,gmaps
tailoredcloset.com,https://tailoredcloset.com,tailoredcloset.com,reporting@gohfc.com,,Fort Lauderdale FL,cabinet maker,gmaps
truecustommade.com,https://truecustommade.com,truecustommade.com,isaac@truecustommade.com,,Fort Lauderdale FL,cabinet maker,gmaps
elcustomwoodcreations.com,https://elcustomwoodcreations.com,elcustomwoodcreations.com,info@elcustomwoodcreations.com,,Fort Lauderdale FL,cabinet maker,gmaps
primedesign.build,https://primedesign.build,primedesign.build,info@primedesign.build,,Fort Lauderdale FL,cabinet maker,gmaps
customclosetsforless.net,https://customclosetsforless.net,customclosetsforless.net,info@customclosetforless.net,,Fort Lauderdale FL,cabinet maker,gmaps
meltinidesigns.com,https://meltinidesigns.com,meltinidesigns.com,sales@meltinidesigns.com,,Fort Lauderdale FL,cabinet maker,gmaps
go.crwooddesign.com,https://go.crwooddesign.com,go.crwooddesign.com,contact@crwooddesign.com,,Fort Lauderdale FL,cabinet maker,gmaps
lccabinetry.com,https://lccabinetry.com,lccabinetry.com,info@lccabinetry.com,,Fort Lauderdale FL,cabinet maker,gmaps
inbstudio.com,https://inbstudio.com,inbstudio.com,luke@inbstudio.com,,Fort Lauderdale FL,cabinet maker,gmaps
allmoderncabinetry.com,https://allmoderncabinetry.com,allmoderncabinetry.com,info@allmoderncabinetry.com,,Golden Beach FL,cabinet maker,gmaps
woodelegancefl.net,https://woodelegancefl.net,woodelegancefl.net,woodelegance@yahoo.com,,Golden Beach FL,cabinet maker,gmaps
islandcustomcabinetry.com,https://islandcustomcabinetry.com,islandcustomcabinetry.com,hello@islandcustomcabinetry.com,,Golden Beach FL,cabinet maker,gmaps
ggcabinetsanddesign.com,https://ggcabinetsanddesign.com,ggcabinetsanddesign.com,ggcustomcabinet@gmail.com,,Golden Beach FL,cabinet maker,gmaps
lccustomcabinets.com,https://lccustomcabinets.com,lccustomcabinets.com,cabdesign1@me.com,,Golden Beach FL,cabinet maker,gmaps
grandcabinetco.com,https://grandcabinetco.com,grandcabinetco.com,services@grandcabinetco.com,,Golden Beach FL,cabinet maker,gmaps
uniquetouchcabinetry.com,https://uniquetouchcabinetry.com,uniquetouchcabinetry.com,stephanie@themachiavellianhippies.com,,Golden Beach FL,cabinet maker,gmaps
bestvaluekitchenrefacing.com,https://bestvaluekitchenrefacing.com,bestvaluekitchenrefacing.com,bestvaluekitchenrefacing@gmail.com,,Greenacres FL,cabinet maker,gmaps
kitchenkonnections.net,https://kitchenkonnections.net,kitchenkonnections.net,contact@kitchenkonnections.net,,Greenacres FL,cabinet maker,gmaps
rrcustomcasework.com,https://rrcustomcasework.com,rrcustomcasework.com,reidsoutreachcorp@gmail.com,,Greenacres FL,cabinet maker,gmaps
worthkitchens.com,https://worthkitchens.com,worthkitchens.com,sales@worthkitchens.com,,Greenacres FL,cabinet maker,gmaps
expresskitchenbath.com,https://expresskitchenbath.com,expresskitchenbath.com,contact@expresskitchenbath.com,,Greenacres FL,cabinet maker,gmaps
universalkitchenfl.com,https://universalkitchenfl.com,universalkitchenfl.com,info@universalkitchenfl.com,,Greenacres FL,cabinet maker,gmaps
thedrawerdude.com,https://thedrawerdude.com,thedrawerdude.com,connorshaus@gmail.com,,Greenacres FL,cabinet maker,gmaps
topnotchmcpro.com,https://topnotchmcpro.com,topnotchmcpro.com,reno@topnotchmcpro.com,,Greenacres FL,cabinet maker,gmaps
empirerds.com,https://empirerds.com,empirerds.com,rfixitremodeling@gmail.com,,Greenacres FL,cabinet maker,gmaps
coopercustomcabinetry.com,https://coopercustomcabinetry.com,coopercustomcabinetry.com,cindy@coopercustomcabinetry.com,,Greenacres FL,cabinet maker,gmaps
ufd1.com,https://ufd1.com,ufd1.com,joe@ufd1.com,,Greenacres FL,cabinet maker,gmaps
topnotch.build,https://topnotch.build,topnotch.build,info@topnotch.build,,Greenacres FL,cabinet maker,gmaps
jamespferrigno.com,https://jamespferrigno.com,jamespferrigno.com,woodsmithpalmbeach@aol.com,,Greenacres FL,cabinet maker,gmaps
custominteriorproducts.com,https://custominteriorproducts.com,custominteriorproducts.com,info@custominteriorproducts.com,,Greenacres FL,cabinet maker,gmaps
southernfinecabinetry.com,https://southernfinecabinetry.com,southernfinecabinetry.com,chris@southernfinecabinetry.com,,Greenacres FL,cabinet maker,gmaps
signaturekitchenbaths.com,https://signaturekitchenbaths.com,signaturekitchenbaths.com,signaturekitchen1@gmail.com,,Greenacres FL,cabinet maker,gmaps
ecmflorida.com,https://ecmflorida.com,ecmflorida.com,creative@ecmflorida.com,,Greenacres FL,cabinet maker,gmaps
cgscraftedhomes.com,https://cgscraftedhomes.com,cgscraftedhomes.com,info@cgscraftedhomes.com,,Greenacres FL,cabinet maker,gmaps
habitatgreaterpbc.org,https://habitatgreaterpbc.org,habitatgreaterpbc.org,info@realet.com,,Greenacres FL,cabinet maker,gmaps
outoftheboxservices.net,https://outoftheboxservices.net,outoftheboxservices.net,info@outoftheboxservices.net,,Greenacres FL,cabinet maker,gmaps
topskitchen.com,https://topskitchen.com,topskitchen.com,info@topskitchen.com,,Greenacres FL,cabinet maker,gmaps
housecallllc.com,https://housecallllc.com,housecallllc.com,mseaman310@gmail.com,,Greenacres FL,cabinet maker,gmaps
mmpconstructionandmanagementllc.com,https://mmpconstructionandmanagementllc.com,mmpconstructionandmanagementllc.com,contact@mmpconstructionllc.com,,Greenacres FL,cabinet maker,gmaps
maxgranite.com,https://maxgranite.com,maxgranite.com,contact@maxgranite.com,,Greenacres FL,cabinet maker,gmaps
apexfinishstudio.com,https://apexfinishstudio.com,apexfinishstudio.com,connect@apexfinishstudio.coom,,Greenacres FL,cabinet maker,gmaps
woodmeisterinc.com,https://woodmeisterinc.com,woodmeisterinc.com,woodmeisterinc@gmail.com,,Greenacres FL,cabinet maker,gmaps
shiningstonefl.com,https://shiningstonefl.com,shiningstonefl.com,admin@shiningstonefl.com,,Hallandale Beach FL,cabinet maker,gmaps
hollywoodwoodwork.com,https://hollywoodwoodwork.com,hollywoodwoodwork.com,info@hollywoodwoodwork.com,,Hallandale Beach FL,cabinet maker,gmaps
kingofquartzfl.com,https://kingofquartzfl.com,kingofquartzfl.com,info@kingofquartzfl.com,,Hallandale Beach FL,cabinet maker,gmaps
fghomedecor.miami,https://fghomedecor.miami,fghomedecor.miami,andreso@elevaresolutions.it.com,,Hallandale Beach FL,cabinet maker,gmaps
vladicucina.com,https://vladicucina.com,vladicucina.com,info@vladicucina.com,,Hallandale Beach FL,cabinet maker,gmaps
bathplusdesign.com,https://bathplusdesign.com,bathplusdesign.com,info@bathplusdesign.com,,Hallandale Beach FL,cabinet maker,gmaps
imeca.com,https://imeca.com,imeca.com,touch@garacestore.com,,Hallandale Beach FL,cabinet maker,gmaps
flasebas.com,https://flasebas.com,flasebas.com,info@flasebas.com,,Hallandale Beach FL,cabinet maker,gmaps
miamipalletracksupply.com,https://miamipalletracksupply.com,miamipalletracksupply.com,miamipalletracksupply@gmail.com,,Hallandale Beach FL,cabinet maker,gmaps
euro.house,https://euro.house,euro.house,info@euro.house,,Hallandale Beach FL,cabinet maker,gmaps
eccabinets.net,https://eccabinets.net,eccabinets.net,info@ndiscovered.com,,Hialeah FL,cabinet maker,gmaps
ideawoodcorp.com,https://ideawoodcorp.com,ideawoodcorp.com,info@ideawoodcorp.com,,Hialeah FL,cabinet maker,gmaps
riderkitchencabinets.com,https://riderkitchencabinets.com,riderkitchencabinets.com,riderkitchencabinets@gmail.com,,Hialeah FL,cabinet maker,gmaps
stoneprodesign.com,https://stoneprodesign.com,stoneprodesign.com,info@stoneprodesign.com,,Hialeah FL,cabinet maker,gmaps
synergycustomfixtures.com,https://synergycustomfixtures.com,synergycustomfixtures.com,info@synergycf.com,,Hialeah FL,cabinet maker,gmaps
doctorcloset.net,https://doctorcloset.net,doctorcloset.net,info@qualitycloset.com,,Hialeah FL,cabinet maker,gmaps
shgeneralcarpentry.com,https://shgeneralcarpentry.com,shgeneralcarpentry.com,info@shgeneralcarpentry.com,,Hialeah FL,cabinet maker,gmaps
feclosetsandkitchen.com,https://feclosetsandkitchen.com,feclosetsandkitchen.com,fe_ck@yahoo.com,,Hialeah FL,cabinet maker,gmaps
dynamicds.net,https://dynamicds.net,dynamicds.net,cesar@dynamicds.net,,Hialeah FL,cabinet maker,gmaps
kitchenrefacingsite.com,https://kitchenrefacingsite.com,kitchenrefacingsite.com,info@kitchenrefacingsite.com,,Hialeah FL,cabinet maker,gmaps
santropecnc.com,https://santropecnc.com,santropecnc.com,admin@santropecnc.com,,Hialeah FL,cabinet maker,gmaps
worldwooddoors.com,https://worldwooddoors.com,worldwooddoors.com,worldwooddoors@yahoo.com,,Hialeah FL,cabinet maker,gmaps
builtbrite.com,https://builtbrite.com,builtbrite.com,info@builtbrite.com,,Hialeah FL,cabinet maker,gmaps
laminatesandthings.com,https://laminatesandthings.com,laminatesandthings.com,info@laminatesandthings.com,,Hialeah FL,cabinet maker,gmaps
lveinteriors.com,https://lveinteriors.com,lveinteriors.com,info@lveinteriors.com,,Hialeah FL,cabinet maker,gmaps
bacallaodesigncenter.com,https://bacallaodesigncenter.com,bacallaodesigncenter.com,office@bacallaodesigncenter.com,,Hialeah FL,cabinet maker,gmaps
lamoskitchencabinets.com,https://lamoskitchencabinets.com,lamoskitchencabinets.com,nane325@hotmail.com,,Hialeah Gardens FL,cabinet maker,gmaps
kusacabinetsservices.com,https://kusacabinetsservices.com,kusacabinetsservices.com,kusacabinets25@gmail.com,,Hialeah Gardens FL,cabinet maker,gmaps
santanakitchenandcloset.com,https://santanakitchenandcloset.com,santanakitchenandcloset.com,santanafinishcarpentry@gmail.com,,Hialeah Gardens FL,cabinet maker,gmaps
designerscabinets.com,https://designerscabinets.com,designerscabinets.com,info@designerscabinets.com,,Hialeah Gardens FL,cabinet maker,gmaps
dunini.com,https://dunini.com,dunini.com,info@dunini.com,,Hialeah Gardens FL,cabinet maker,gmaps
qualitycloset.net,https://qualitycloset.net,qualitycloset.net,info@qualitycloset.com,,Hialeah Gardens FL,cabinet maker,gmaps
thewhiteshaker.com,https://thewhiteshaker.com,thewhiteshaker.com,sales@thewhiteshaker.com,,Hillsboro Beach FL,cabinet maker,gmaps
bocafeaturewalls.com,https://bocafeaturewalls.com,bocafeaturewalls.com,bocafeaturewalls@gmail.com,,Hillsboro Beach FL,cabinet maker,gmaps
baruchi-kitchens.com,https://baruchi-kitchens.com,baruchi-kitchens.com,enquiries@baruchi-kitchens.com,,Hillsboro Beach FL,cabinet maker,gmaps
organizersunlimited.com,https://organizersunlimited.com,organizersunlimited.com,544-1446info@organizersunlimited.com,,Hollywood FL,cabinet maker,gmaps
floridahandymanservice.com,https://floridahandymanservice.com,floridahandymanservice.com,dikanshin@gmail.com,,Hollywood FL,cabinet maker,gmaps
levelupbuildersfl.com,https://levelupbuildersfl.com,levelupbuildersfl.com,info@levelupbuildersfl.com,,Hollywood FL,cabinet maker,gmaps
choicekitchencabinets.com,https://choicekitchencabinets.com,choicekitchencabinets.com,choicecabinets1@gmail.com,,Hollywood FL,cabinet maker,gmaps
sawoodworkdesign.com,https://sawoodworkdesign.com,sawoodworkdesign.com,info@sawoodworkdesign.com,,Hollywood FL,cabinet maker,gmaps
suofeiyausa.com,https://suofeiyausa.com,suofeiyausa.com,info@suofeiyausa.com,,Hollywood FL,cabinet maker,gmaps
abclumberflorida.com,https://abclumberflorida.com,abclumberflorida.com,usuario@dominio.com,,Hollywood FL,cabinet maker,gmaps
paragonbuildersgroup.com,https://paragonbuildersgroup.com,paragonbuildersgroup.com,info@paragonbh.com,,Hollywood FL,cabinet maker,gmaps
allinremodelingfl.com,https://allinremodelingfl.com,allinremodelingfl.com,info@allinremodelingfl.com,,Hollywood FL,cabinet maker,gmaps
mdandmcabinetry.godaddysites.com,https://mdandmcabinetry.godaddysites.com,mdandmcabinetry.godaddysites.com,mouricemarriott@gmail.com,,Hollywood FL,cabinet maker,gmaps
gmillwork.net,https://gmillwork.net,gmillwork.net,you@company.com,,Homestead FL,cabinet maker,gmaps
wildflowerhomerenovation.homes,https://wildflowerhomerenovation.homes,wildflowerhomerenovation.homes,info@wildflowerhomerenovation.com,,Homestead FL,cabinet maker,gmaps
spinnakerhome.com,https://spinnakerhome.com,spinnakerhome.com,ryan@spinnakerhome.com,,Homestead FL,cabinet maker,gmaps
porch.com,https://porch.com,porch.com,partner@porch.com,,Homestead FL,cabinet maker,gmaps
palmbeachcabinet.com,https://palmbeachcabinet.com,palmbeachcabinet.com,info@palmbeachcabinet.com,,Jupiter FL,cabinet maker,gmaps
jupitermillworksinc.com,https://jupitermillworksinc.com,jupitermillworksinc.com,david@jupitermillwork.com,,Jupiter FL,cabinet maker,gmaps
familykitchencabinetry.com,https://familykitchencabinetry.com,familykitchencabinetry.com,familykitchencabinetry@gmail.com,,Jupiter FL,cabinet maker,gmaps
dosolutions.org,https://dosolutions.org,dosolutions.org,contactus@doso.co,,Jupiter FL,cabinet maker,gmaps
extcabinets.com,https://extcabinets.com,extcabinets.com,info@extcabinets.com,,Jupiter FL,cabinet maker,gmaps
jupiterinletcabinetry.com,https://jupiterinletcabinetry.com,jupiterinletcabinetry.com,dawn@jupiterinletcabinetry.com,,Jupiter FL,cabinet maker,gmaps
waterviewkitchens.com,https://waterviewkitchens.com,waterviewkitchens.com,patty@waterviewkitchens.com,,Jupiter FL,cabinet maker,gmaps
customcabinetrypb.com,https://customcabinetrypb.com,customcabinetrypb.com,contact@sansoxygen.com,,Jupiter FL,cabinet maker,gmaps
bellacasakitchenbath.com,https://bellacasakitchenbath.com,bellacasakitchenbath.com,fab@bellacasakitchenbath.com,,Jupiter FL,cabinet maker,gmaps
kitchenandbathshop.com,https://kitchenandbathshop.com,kitchenandbathshop.com,info@bykbs.com,,Jupiter FL,cabinet maker,gmaps
sanctumcabinets.com,https://sanctumcabinets.com,sanctumcabinets.com,sanctumcabinets@outlook.com,,Jupiter FL,cabinet maker,gmaps
noblessa-usa.com,https://noblessa-usa.com,noblessa-usa.com,info@noblessa-usa.com,,Jupiter FL,cabinet maker,gmaps
jupiterkitchens.com,https://jupiterkitchens.com,jupiterkitchens.com,sales@jupiterkitchens.com,,Jupiter FL,cabinet maker,gmaps
heartwoodmint.com,https://heartwoodmint.com,heartwoodmint.com,info@heartwoodmint.com,,Jupiter FL,cabinet maker,gmaps
deslaurier.com,https://deslaurier.com,deslaurier.com,info@deslaurier.ca,,Jupiter FL,cabinet maker,gmaps
trinitycabinetryanddesign.com,https://trinitycabinetryanddesign.com,trinitycabinetryanddesign.com,robinstallsforyou2@gmail.com,,Jupiter FL,cabinet maker,gmaps
schrappers.com,https://schrappers.com,schrappers.com,info@schrappers.com,,Jupiter FL,cabinet maker,gmaps
metroswood.com,https://metroswood.com,metroswood.com,info@metroswood.com,,Jupiter FL,cabinet maker,gmaps
tmcabinetry.com,https://tmcabinetry.com,tmcabinetry.com,sales@tmcabinetry.com,,Jupiter FL,cabinet maker,gmaps
customdoorshop.com,https://customdoorshop.com,customdoorshop.com,info@customdoorshop.com,,Jupiter FL,cabinet maker,gmaps
kitchenconceptsandmore.com,https://kitchenconceptsandmore.com,kitchenconceptsandmore.com,info@ndiscovered.com,,Jupiter FL,cabinet maker,gmaps
jrstonedesign.net,https://jrstonedesign.net,jrstonedesign.net,andre@jrstonedesign.net,,Jupiter FL,cabinet maker,gmaps
palmhousedesign.com,https://palmhousedesign.com,palmhousedesign.com,info@palmhousedesign.com,,Jupiter FL,cabinet maker,gmaps
letendrewoodworks.com,https://letendrewoodworks.com,letendrewoodworks.com,dennis@letendrewoodworks.com,,Jupiter FL,cabinet maker,gmaps
ldfinishcustomclosets.com,https://ldfinishcustomclosets.com,ldfinishcustomclosets.com,info@ldfinishcorp.com,,Kendall FL,cabinet maker,gmaps
refreshcabinetrefinishing.com,https://refreshcabinetrefinishing.com,refreshcabinetrefinishing.com,refreshcabinetpainting@outlook.com,,Kendall FL,cabinet maker,gmaps
sawnova.com,https://sawnova.com,sawnova.com,sales@sawnova.com,,Kendall FL,cabinet maker,gmaps
realbgllc.square.site,https://realbgllc.square.site,realbgllc.square.site,realguillengb@gmail.com,,Kendall FL,cabinet maker,gmaps
lmspaceanddesign.com,https://lmspaceanddesign.com,lmspaceanddesign.com,info@lmspaceanddesign.com,,Kendall FL,cabinet maker,gmaps
woodzlife.com,https://woodzlife.com,woodzlife.com,woodzlifeinc@yahoo.com,,Kendall FL,cabinet maker,gmaps
enmanuelkitchencabinets.com,https://enmanuelkitchencabinets.com,enmanuelkitchencabinets.com,silvadorka@aol.com,,Kendall FL,cabinet maker,gmaps
thedesignery.com,https://thedesignery.com,thedesignery.com,example@gmail.com,,Kendall FL,cabinet maker,gmaps
customwoodfurnishing.com,https://customwoodfurnishing.com,customwoodfurnishing.com,sales@cwsshop.com,,Kendall FL,cabinet maker,gmaps
iwooddecor.com,https://iwooddecor.com,iwooddecor.com,info@iwooddecor.com,,Kendall FL,cabinet maker,gmaps
miamidesigncenter.com,https://miamidesigncenter.com,miamidesigncenter.com,u003esales@miamidesigncenter.com,,Kendall FL,cabinet maker,gmaps
mnkcarpentry.com,https://mnkcarpentry.com,mnkcarpentry.com,hello@mnkcarpentry.com,,Kendall FL,cabinet maker,gmaps
mobelwood.net,https://mobelwood.net,mobelwood.net,wsspalmbeach@gmail.com,,Lake Park FL,cabinet maker,gmaps
gccabinetexpress.com,https://gccabinetexpress.com,gccabinetexpress.com,office@gccabinetexpress.com,,Lake Park FL,cabinet maker,gmaps
hqcabinets.com,https://hqcabinets.com,hqcabinets.com,info@hqcabinets.com,,Lake Park FL,cabinet maker,gmaps
leedscustomdesign.com,https://leedscustomdesign.com,leedscustomdesign.com,info@leedscustomdesign.com,,Lake Park FL,cabinet maker,gmaps
usakitchen.com,https://usakitchen.com,usakitchen.com,info@usakitchen.com,,Lake Park FL,cabinet maker,gmaps
decoci.com,https://decoci.com,decoci.com,decociking@gmail.com,,Lake Park FL,cabinet maker,gmaps
scspro.biz,https://scspro.biz,scspro.biz,yeniel@scspro.biz,,Lake Worth Beach FL,cabinet maker,gmaps
high-end-cabinets.com,https://high-end-cabinets.com,high-end-cabinets.com,studio@highendcabinets.com,,Lake Worth Beach FL,cabinet maker,gmaps
cabinetsalescenter.com,https://cabinetsalescenter.com,cabinetsalescenter.com,cabinetsalescenter@gmail.com,,Lake Worth Beach FL,cabinet maker,gmaps
jupitercabinetrefacing.com,https://jupitercabinetrefacing.com,jupitercabinetrefacing.com,tom@jupitercabinetrefacing.com,,Lake Worth Beach FL,cabinet maker,gmaps
grandviewkitchens.com,https://grandviewkitchens.com,grandviewkitchens.com,grandviewkitchens@yahoo.com,,Lake Worth Beach FL,cabinet maker,gmaps
sams-closets.com,https://sams-closets.com,sams-closets.com,orders@sams-closets.com,,Lauderdale Lakes FL,cabinet maker,gmaps
dennisboatworks.com,https://dennisboatworks.com,dennisboatworks.com,sales@dennisboatworks.com,,Lauderdale Lakes FL,cabinet maker,gmaps
prestigiousfurnishing.com,https://prestigiousfurnishing.com,prestigiousfurnishing.com,prestigiousfurnishing@gmail.com,,Lauderdale Lakes FL,cabinet maker,gmaps
arskitchenandbath.com,https://arskitchenandbath.com,arskitchenandbath.com,arsfrancisco@hotmail.com,,Lauderdale Lakes FL,cabinet maker,gmaps
aboutkitchenandbath.com,https://aboutkitchenandbath.com,aboutkitchenandbath.com,info@akbpros.com,,Lauderhill FL,cabinet maker,gmaps
kitchens.distinctkb.com,https://kitchens.distinctkb.com,kitchens.distinctkb.com,contact@distinctkb.com,,Lauderhill FL,cabinet maker,gmaps
superiorwoodworkinc.com,https://superiorwoodworkinc.com,superiorwoodworkinc.com,supwood@gmail.com,,Lauderhill FL,cabinet maker,gmaps
cabinetstopshop.com,https://cabinetstopshop.com,cabinetstopshop.com,joey@cabinetstopshop.com,,Lauderhill FL,cabinet maker,gmaps
liquidationcenterflorida.com,https://liquidationcenterflorida.com,liquidationcenterflorida.com,liquidationcenterfl@gmail.com,,Lauderhill FL,cabinet maker,gmaps
tacarpentryllc.com,https://tacarpentryllc.com,tacarpentryllc.com,tacarpentryllc@gmail.com,,Lauderhill FL,cabinet maker,gmaps
dandjfurnitures.com,https://dandjfurnitures.com,dandjfurnitures.com,info@dandjfurnitures.com,,Lauderhill FL,cabinet maker,gmaps
drafting-design-millwork.ueniweb.com,https://drafting-design-millwork.ueniweb.com,drafting-design-millwork.ueniweb.com,draftingdesignmillwork@gmail.com,,Lauderhill FL,cabinet maker,gmaps
goldenstarwoodwork.com,https://goldenstarwoodwork.com,goldenstarwoodwork.com,gsw@goldenstarwoodwork.com,,Lighthouse Point FL,cabinet maker,gmaps
bambachinteriors.com,https://bambachinteriors.com,bambachinteriors.com,bambachinteriors@gmail.com,,Lighthouse Point FL,cabinet maker,gmaps
hhkitchenandbath.com,https://hhkitchenandbath.com,hhkitchenandbath.com,harborheightspg@gmail.com,,Lighthouse Point FL,cabinet maker,gmaps
carpentrysquad.com,https://carpentrysquad.com,carpentrysquad.com,info@carpentrysquad.com,,Lighthouse Point FL,cabinet maker,gmaps
laboiseriewoodrepair.com,https://laboiseriewoodrepair.com,laboiseriewoodrepair.com,la_boiserie@yahoo.com,,Margate FL,cabinet maker,gmaps
sculpturedwoodworks.com,https://sculpturedwoodworks.com,sculpturedwoodworks.com,sculpturedwoodworks@yahoo.com,,Margate FL,cabinet maker,gmaps
serranorenovations.com,https://serranorenovations.com,serranorenovations.com,serranosreno@gmail.com,,Margate FL,cabinet maker,gmaps
refinishingtouches.com,https://refinishingtouches.com,refinishingtouches.com,refinishingtouches@outlook.com,,Margate FL,cabinet maker,gmaps
galantis.us,https://galantis.us,galantis.us,galantis.sc@gmail.com,,Margate FL,cabinet maker,gmaps
yacarpentrydesigner.com,https://yacarpentrydesigner.com,yacarpentrydesigner.com,info@yacarpentrydesigner.com,,Medley FL,cabinet maker,gmaps
closetdetail.com,https://closetdetail.com,closetdetail.com,clostdetail@gmail.com,,Medley FL,cabinet maker,gmaps
allwoodcreation.com,https://allwoodcreation.com,allwoodcreation.com,info@allwoodcreation.com,,Medley FL,cabinet maker,gmaps
maplehaususa.com,https://maplehaususa.com,maplehaususa.com,customerservice@maplehaususa.com,,Miami FL,cabinet maker,gmaps
caprawooddesign.com,https://caprawooddesign.com,caprawooddesign.com,caprawooddesign@gmail.com,,Miami FL,cabinet maker,gmaps
countertopqueen.com,https://countertopqueen.com,countertopqueen.com,hello@countertopqueen.com,,Miami FL,cabinet maker,gmaps
solidfoundationcontractors.homes,https://solidfoundationcontractors.homes,solidfoundationcontractors.homes,info@solidfoundationcontractors.com,,Miami Beach FL,cabinet maker,gmaps
homejoydevelopment.com,https://homejoydevelopment.com,homejoydevelopment.com,info@homejoydevelopment.com,,Miami Beach FL,cabinet maker,gmaps
davilawoodwork.com,https://davilawoodwork.com,davilawoodwork.com,info@davilawoodwork.com,,Miami Gardens FL,cabinet maker,gmaps
carpentry.miami,https://carpentry.miami,carpentry.miami,info@woodendiamond.shop,,Miami Lakes FL,cabinet maker,gmaps
jdcarpentrydesigns.com,https://jdcarpentrydesigns.com,jdcarpentrydesigns.com,jdcarpentrydesigns@gmail.com,,Miami Lakes FL,cabinet maker,gmaps
advanceddecordesignfl.com,https://advanceddecordesignfl.com,advanceddecordesignfl.com,sales@advanceddecordesignfl.com,,Miami Lakes FL,cabinet maker,gmaps
felimarkitchens.com,https://felimarkitchens.com,felimarkitchens.com,felimarkitchens@carpentry-inc.com,,Miami Lakes FL,cabinet maker,gmaps
modulnova.com,https://modulnova.com,modulnova.com,web@modulnova.it,,Miami Shores FL,cabinet maker,gmaps
veronahome.com,https://veronahome.com,veronahome.com,info@veronahome.com,,Miami Shores FL,cabinet maker,gmaps
artinezcarpentry.com,https://artinezcarpentry.com,artinezcarpentry.com,contact@artinezcarpentry.com,,Miramar FL,cabinet maker,gmaps
latitudegeneralcontractors.homes,https://latitudegeneralcontractors.homes,latitudegeneralcontractors.homes,info@latitudegeneralcontractors.com,,Miramar FL,cabinet maker,gmaps
woodingremodeling.com,https://woodingremodeling.com,woodingremodeling.com,info@woodingremodeling.com,,North Lauderdale FL,cabinet maker,gmaps
arkimodel.com,https://arkimodel.com,arkimodel.com,info@arkimodel.com,,North Miami FL,cabinet maker,gmaps
marelmiami.com,https://marelmiami.com,marelmiami.com,sales@stellardigitalgroup.com,,North Miami FL,cabinet maker,gmaps
bvmiami.com,https://bvmiami.com,bvmiami.com,info@bvmiami.com,,North Miami FL,cabinet maker,gmaps
fonteboacarpentry.com,https://fonteboacarpentry.com,fonteboacarpentry.com,info@fonteboacarpentry.com,,North Miami FL,cabinet maker,gmaps
treinteriorsfl.com,https://treinteriorsfl.com,treinteriorsfl.com,info@treinteriorsfl.com,,Oakland Park FL,cabinet maker,gmaps
realhardwoodfloors.net,https://realhardwoodfloors.net,realhardwoodfloors.net,info@realhardwoodfloors.net,,Oakland Park FL,cabinet maker,gmaps
onedaydoorsandclosets.com,https://onedaydoorsandclosets.com,onedaydoorsandclosets.com,calendar@onedaybayarea.com,,Oakland Park FL,cabinet maker,gmaps
jvrcabinets.com,https://jvrcabinets.com,jvrcabinets.com,nina@jvrcabinets.com,,Oakland Park FL,cabinet maker,gmaps
mapdoors.com,https://mapdoors.com,mapdoors.com,mapdoors@bellsouth.net,,Oakland Park FL,cabinet maker,gmaps
bathroomworld.com,https://bathroomworld.com,bathroomworld.com,info@bathroomworld.com,,Oakland Park FL,cabinet maker,gmaps
avivacustom.com,https://avivacustom.com,avivacustom.com,micheles@avivacustom.com,,Oakland Park FL,cabinet maker,gmaps
bestmarinecarpentry.com,https://bestmarinecarpentry.com,bestmarinecarpentry.com,mail@bestmarinecarpentry.com,,Oakland Park FL,cabinet maker,gmaps
kabeenet.com,https://kabeenet.com,kabeenet.com,sales@kabeenet.com,,Oakland Park FL,cabinet maker,gmaps
desso-designs.com,https://desso-designs.com,desso-designs.com,clementine@desso-designs.com,,Oakland Park FL,cabinet maker,gmaps
eaglewoodmfg.com,https://eaglewoodmfg.com,eaglewoodmfg.com,eaglew@bellsouth.net,,Oakland Park FL,cabinet maker,gmaps
hackerfortlauderdale.com,https://hackerfortlauderdale.com,hackerfortlauderdale.com,info@hackerfortlauderdale.com,,Oakland Park FL,cabinet maker,gmaps
closetmaven.com,https://closetmaven.com,closetmaven.com,nobuddyfamous@gmail.com,,Oakland Park FL,cabinet maker,gmaps
majesticultimate.weebly.com,https://majesticultimate.weebly.com,majesticultimate.weebly.com,majesticultimate@yahoo.com,,Oakland Park FL,cabinet maker,gmaps
kraftedpros.com,https://kraftedpros.com,kraftedpros.com,kraftedpros@gmail.com,,Palm Beach FL,cabinet maker,gmaps
absolutetrim.com,https://absolutetrim.com,absolutetrim.com,absolutetrim@gmail.com,,Palm Beach FL,cabinet maker,gmaps
jmcustomwoodworking.com,https://jmcustomwoodworking.com,jmcustomwoodworking.com,info@jmcustomwoodworking.com,,Palm Beach FL,cabinet maker,gmaps
newenglandksd.com,https://newenglandksd.com,newenglandksd.com,nekitchenandstone@gmail.com,,Palm Beach FL,cabinet maker,gmaps
palmbeachwoodwork.com,https://palmbeachwoodwork.com,palmbeachwoodwork.com,info@palmbeachwoodwork.com,,Palm Beach FL,cabinet maker,gmaps
vkbkitchenandbath.com,https://vkbkitchenandbath.com,vkbkitchenandbath.com,houston@govkb.com,,Palm Beach Gardens FL,cabinet maker,gmaps
southflkitchenandbath.com,https://southflkitchenandbath.com,southflkitchenandbath.com,southflkitchenandbath@gmail.com,,Palm Beach Gardens FL,cabinet maker,gmaps
canarykitchenandbath.com,https://canarykitchenandbath.com,canarykitchenandbath.com,canaryservicesflorida@gmail.com,,Palm Beach Gardens FL,cabinet maker,gmaps
kitchensbylenore.com,https://kitchensbylenore.com,kitchensbylenore.com,info@kbl.biz,,Palm Beach Gardens FL,cabinet maker,gmaps
benyinstallationsinc.com,https://benyinstallationsinc.com,benyinstallationsinc.com,benyinstall@gmail.com,,Palm Beach Gardens FL,cabinet maker,gmaps
camahagroup.com,https://camahagroup.com,camahagroup.com,camahagroup@gmail.com,,Palm Beach Gardens FL,cabinet maker,gmaps
palsorkitchenandbath.com,https://palsorkitchenandbath.com,palsorkitchenandbath.com,palsorkitchenandbath@gmail.com,,Palm Beach Gardens FL,cabinet maker,gmaps
renovisionkb.com,https://renovisionkb.com,renovisionkb.com,info@renovisionkb.com,,Palm Beach Gardens FL,cabinet maker,gmaps
blackebano.com,https://blackebano.com,blackebano.com,support@blackebano.com,,Palm Springs FL,cabinet maker,gmaps
mgfinish.us,https://mgfinish.us,mgfinish.us,info@mgfinish.us,,Palmetto Bay FL,cabinet maker,gmaps
carpentrybykc.com,https://carpentrybykc.com,carpentrybykc.com,info@carpentrybykc.org,,Palmetto Bay FL,cabinet maker,gmaps
parklandkitchenandbath.com,https://parklandkitchenandbath.com,parklandkitchenandbath.com,design@parklandkitchenandbath.com,,Parkland FL,cabinet maker,gmaps
laarthome.com,https://laarthome.com,laarthome.com,laart@laarthome.com,,Parkland FL,cabinet maker,gmaps
herculesmovingfl.com,https://herculesmovingfl.com,herculesmovingfl.com,mj@5150design.net,,Parkland FL,cabinet maker,gmaps
twdfloorskitchens.com,https://twdfloorskitchens.com,twdfloorskitchens.com,info@topwooddesign.com,,Parkland FL,cabinet maker,gmaps
foreverclosets.com,https://foreverclosets.com,foreverclosets.com,liz@foreverclosets.com,,Parkland FL,cabinet maker,gmaps
piranha-construction.com,https://piranha-construction.com,piranha-construction.com,piranhaconstruction.llc@gmail.com,,Parkland FL,cabinet maker,gmaps
bandgdesign.com,https://bandgdesign.com,bandgdesign.com,info@bandgdesign.com,,Parkland FL,cabinet maker,gmaps
l7globalusa.com,https://l7globalusa.com,l7globalusa.com,infol7globalllc@gmail.com,,Parkland FL,cabinet maker,gmaps
ajpaintingpro.com,https://ajpaintingpro.com,ajpaintingpro.com,contact@ajpaintingpro.com,,Parkland FL,cabinet maker,gmaps
ggrenovation.com,https://ggrenovation.com,ggrenovation.com,sales@ggrenovation.com,,Parkland FL,cabinet maker,gmaps
saltintl.com,https://saltintl.com,saltintl.com,info@saltintl.com,,Pembroke Park FL,cabinet maker,gmaps
bidenzakitchenremodeling.com,https://bidenzakitchenremodeling.com,bidenzakitchenremodeling.com,sales@bidenzakitchenremodeling.com,,Pembroke Park FL,cabinet maker,gmaps
preferredcabinet.com,https://preferredcabinet.com,preferredcabinet.com,info.preferredcabinets@gmail.com,,Pembroke Pines FL,cabinet maker,gmaps
atozkitchenandbath.com,https://atozkitchenandbath.com,atozkitchenandbath.com,service@linkeo.net,,Pembroke Pines FL,cabinet maker,gmaps
vavenzi.com,https://vavenzi.com,vavenzi.com,info@vavenzi.com,,Pinecrest FL,cabinet maker,gmaps
cqwoodworking.com,https://cqwoodworking.com,cqwoodworking.com,info@cqwoodworking.com,,Plantation FL,cabinet maker,gmaps
jvwoodfloors.com,https://jvwoodfloors.com,jvwoodfloors.com,info@jvwoodfloors.com,,Plantation FL,cabinet maker,gmaps
dmskitchencabinets.com,https://dmskitchencabinets.com,dmskitchencabinets.com,dmscabinetsconstruction@gmail.com,,Pompano Beach FL,cabinet maker,gmaps
euroamericankitchen.com,https://euroamericankitchen.com,euroamericankitchen.com,info@euroamericankitchen.com,,Pompano Beach FL,cabinet maker,gmaps
kitchensandbathroomsofpompano.com,https://kitchensandbathroomsofpompano.com,kitchensandbathroomsofpompano.com,info@kitchenandvanities.com,,Pompano Beach FL,cabinet maker,gmaps
mebelcabinets.com,https://mebelcabinets.com,mebelcabinets.com,info@mebelcabinets.com,,Pompano Beach FL,cabinet maker,gmaps
executiveclosetfl.com,https://executiveclosetfl.com,executiveclosetfl.com,executiveclosetfl@gmail.com,,Pompano Beach FL,cabinet maker,gmaps
theclosetscompany.com,https://theclosetscompany.com,theclosetscompany.com,info@theclosetscompany.com,,Pompano Beach FL,cabinet maker,gmaps
kitchenaspirations.com,https://kitchenaspirations.com,kitchenaspirations.com,info@kitchenaspirations.com,,Pompano Beach FL,cabinet maker,gmaps
kitchenhomeimprovements.com,https://kitchenhomeimprovements.com,kitchenhomeimprovements.com,sales@khimprovements.com,,Pompano Beach FL,cabinet maker,gmaps
zerimarwoodwork.com,https://zerimarwoodwork.com,zerimarwoodwork.com,zerimarcorporation@gmail.com,,Pompano Beach FL,cabinet maker,gmaps
kitchencabinetsandcountertops.com,https://kitchencabinetsandcountertops.com,kitchencabinetsandcountertops.com,primekcc@gmail.com,,Pompano Beach FL,cabinet maker,gmaps
district95woodwork.com,https://district95woodwork.com,district95woodwork.com,info@district95woodwork.com,,Pompano Beach FL,cabinet maker,gmaps
amg-millwork.com,https://amg-millwork.com,amg-millwork.com,edgar@amgmillwork.net,,Riviera Beach FL,cabinet maker,gmaps
closetlifestyle.com,https://closetlifestyle.com,closetlifestyle.com,info@closetlifestyle.com,,Riviera Beach FL,cabinet maker,gmaps
cumberlandmilling.com,https://cumberlandmilling.com,cumberlandmilling.com,info@cumberlandmilling.com,,Riviera Beach FL,cabinet maker,gmaps
wooduenvision.com,https://wooduenvision.com,wooduenvision.com,wooduenvision@gmail.com,,Riviera Beach FL,cabinet maker,gmaps
adwwinc.com,https://adwwinc.com,adwwinc.com,community.adw@gmail.com,,Riviera Beach FL,cabinet maker,gmaps
curatedkitchenco.com,https://curatedkitchenco.com,curatedkitchenco.com,info@curatedkitchenco.com,,Riviera Beach FL,cabinet maker,gmaps
elihomeimprovements.com,https://elihomeimprovements.com,elihomeimprovements.com,david@elihomeimprovements.com,,Royal Palm Beach FL,cabinet maker,gmaps
alexanderwoodworking.com,https://alexanderwoodworking.com,alexanderwoodworking.com,info@alexanderwoodworking.com,,Royal Palm Beach FL,cabinet maker,gmaps
galeriastores.com,https://galeriastores.com,galeriastores.com,decorgb@aol.com,,Royal Palm Beach FL,cabinet maker,gmaps
themillworklab.com,https://themillworklab.com,themillworklab.com,jc@themillworklab.com,,South Miami FL,cabinet maker,gmaps
kitchendesignsandmore.com,https://kitchendesignsandmore.com,kitchendesignsandmore.com,info@kitchendesignsandmore.com,,Southwest Ranches FL,cabinet maker,gmaps
kqdesignsolutions.com,https://kqdesignsolutions.com,kqdesignsolutions.com,info@kqdesignsolutions.com,,Southwest Ranches FL,cabinet maker,gmaps
hauzenmiami.com,https://hauzenmiami.com,hauzenmiami.com,hauzenmiami@gmail.com,,Southwest Ranches FL,cabinet maker,gmaps
leonardoskitchens.com,https://leonardoskitchens.com,leonardoskitchens.com,design@leonardoskitchens.com,,Southwest Ranches FL,cabinet maker,gmaps
bkremodeling.net,https://bkremodeling.net,bkremodeling.net,info@bkremodeling.net,,Southwest Ranches FL,cabinet maker,gmaps
kittleshome.com,https://kittleshome.com,kittleshome.com,silvio@kittleshome.com,,Southwest Ranches FL,cabinet maker,gmaps
deluxuryclosets.com,https://deluxuryclosets.com,deluxuryclosets.com,info@deluxuryclosets.com,,Southwest Ranches FL,cabinet maker,gmaps
idelli.com,https://idelli.com,idelli.com,contact@idelli.com,,Sunny Isles Beach FL,cabinet maker,gmaps
closetsbeyond.com,https://closetsbeyond.com,closetsbeyond.com,contact@closetsbeyond.com,,Sunrise FL,cabinet maker,gmaps
cabinetsandcountertopshining.com,https://cabinetsandcountertopshining.com,cabinetsandcountertopshining.com,admin@cabinetsandcountertopshining.com,,Sunrise FL,cabinet maker,gmaps
ocwoodart.com,https://ocwoodart.com,ocwoodart.com,admin@ocwoodart.com,,Sunrise FL,cabinet maker,gmaps
signaturestoneinnovations.com,https://signaturestoneinnovations.com,signaturestoneinnovations.com,sstoneinnovation@gmail.com,,Sunrise FL,cabinet maker,gmaps
sunbeltmovers.com,https://sunbeltmovers.com,sunbeltmovers.com,lemonad@jovanny.ru,,Surfside FL,cabinet maker,gmaps
padesignstudios.com,https://padesignstudios.com,padesignstudios.com,info@padesignstudios.com,,Surfside FL,cabinet maker,gmaps
alexisparent.com,https://alexisparent.com,alexisparent.com,alexis@alexisparent.com,,Surfside FL,cabinet maker,gmaps
kitchen-universe.com,https://kitchen-universe.com,kitchen-universe.com,customerhelp@kitchen-universe.com,,Surfside FL,cabinet maker,gmaps
usinternationalmovers.com,https://usinternationalmovers.com,usinternationalmovers.com,sales@usinternationalmovers.com,,Surfside FL,cabinet maker,gmaps
rosainteriors.com,https://rosainteriors.com,rosainteriors.com,paola@rosainteriors.com,,Surfside FL,cabinet maker,gmaps
allmysons.com,https://allmysons.com,allmysons.com,amsprivacypolicy@allmysons.com,,Surfside FL,cabinet maker,gmaps
dgfurnishings.com,https://dgfurnishings.com,dgfurnishings.com,contact@dgfurnishings.com,,Surfside FL,cabinet maker,gmaps
packingserviceinc.com,https://packingserviceinc.com,packingserviceinc.com,info@packingserviceinc.com,,Surfside FL,cabinet maker,gmaps
primestones.com,https://primestones.com,primestones.com,info@primestones.com,,Sweetwater FL,cabinet maker,gmaps
pannellis.com,https://pannellis.com,pannellis.com,ppages@pannellis.com,,Sweetwater FL,cabinet maker,gmaps
lacuisineinternational.com,https://lacuisineinternational.com,lacuisineinternational.com,hrcorporate@lacuisineinternational.com,,Sweetwater FL,cabinet maker,gmaps
allwoodmasterfinisher.com,https://allwoodmasterfinisher.com,allwoodmasterfinisher.com,allwoodmasterfinisher@gmail.com,,Tamiami FL,cabinet maker,gmaps
exotickitchensandbaths.com,https://exotickitchensandbaths.com,exotickitchensandbaths.com,genesis@exordiumstartup.com,,Tamiami FL,cabinet maker,gmaps
ytgranitefinishandrepairs.com,https://ytgranitefinishandrepairs.com,ytgranitefinishandrepairs.com,h.@zt.tkh,,Tamiami FL,cabinet maker,gmaps
dminstall.com,https://dminstall.com,dminstall.com,info@dminstall.com,,Tamiami FL,cabinet maker,gmaps
hankilevitzandsons.com,https://hankilevitzandsons.com,hankilevitzandsons.com,help@hankilevitzandsons.com,,Tamiami FL,cabinet maker,gmaps
pohlcustomcabinets.com,https://pohlcustomcabinets.com,pohlcustomcabinets.com,dan@pohlcustomcabinets.com,,Tamiami FL,cabinet maker,gmaps
haulinassetsmoving.com,https://haulinassetsmoving.com,haulinassetsmoving.com,move@haulinassetsmoving.com,,Tamiami FL,cabinet maker,gmaps
colorsofdesign.com,https://colorsofdesign.com,colorsofdesign.com,interiors@colorsofdesign.com,,Tamiami FL,cabinet maker,gmaps
floridarefinishing.com,https://floridarefinishing.com,floridarefinishing.com,floridarefinishing@live.com,,Tamiami FL,cabinet maker,gmaps
viciedocarpentry.com,https://viciedocarpentry.com,viciedocarpentry.com,aviciedo@viciedoinc.com,,The Hammocks FL,cabinet maker,gmaps
1stop-interiors.com,https://1stop-interiors.com,1stop-interiors.com,interiorpros01@gmail.com,,The Hammocks FL,cabinet maker,gmaps
americarefinishingpros.com,https://americarefinishingpros.com,americarefinishingpros.com,arefinishingpros@gmail.com,,The Hammocks FL,cabinet maker,gmaps
gustodesigncollection.com,https://gustodesigncollection.com,gustodesigncollection.com,info@gustodesigncollection.com,,The Hammocks FL,cabinet maker,gmaps
dcfinishwoodcorp.com,https://dcfinishwoodcorp.com,dcfinishwoodcorp.com,anapbm@gmail.com,,Virginia Gardens FL,cabinet maker,gmaps
orangependesign.com,https://orangependesign.com,orangependesign.com,yeison@orangependesign.com,,Wellington FL,cabinet maker,gmaps
zenkitchenremodel.com,https://zenkitchenremodel.com,zenkitchenremodel.com,info@zenkitchenremodel.com,,Weston FL,cabinet maker,gmaps
avantifurniture.net,https://avantifurniture.net,avantifurniture.net,info@avantifurniture.net,,Weston FL,cabinet maker,gmaps
kitandfenservices.com,https://kitandfenservices.com,kitandfenservices.com,kitfenservices@gmail.com,,Weston FL,cabinet maker,gmaps
bncgc.com,https://bncgc.com,bncgc.com,jmoore@bncgc.com,,Weston FL,cabinet maker,gmaps
edymardesign.com,https://edymardesign.com,edymardesign.com,info@edymardesign.com,,Weston FL,cabinet maker,gmaps
m4maintenanceservices.com,https://m4maintenanceservices.com,m4maintenanceservices.com,mlopez@m4maintenanceservices.com,,Weston FL,cabinet maker,gmaps
jfoy.org,https://jfoy.org,jfoy.org,julian@jfoy.org,,Wilton Manors FL,cabinet maker,gmaps
worthrepeatingconsignments.com,https://worthrepeatingconsignments.com,worthrepeatingconsignments.com,worthrepeatingfineconsignments@gmail.com,,Wilton Manors FL,cabinet maker,gmaps
miamisignshop.com,https://miamisignshop.com,miamisignshop.com,miamisignshop@gmail.com,,Bay Harbor Islands FL,sign shop,gmaps
miamimarketingtools.godaddysites.com,https://miamimarketingtools.godaddysites.com,miamimarketingtools.godaddysites.com,amkryukov@gmail.com,,Bay Harbor Islands FL,sign shop,gmaps
luckystrikeent.com,https://luckystrikeent.com,luckystrikeent.com,guestservice@bowlerocorp.com,,Boca Raton FL,sign shop,gmaps
getsquire.com,https://getsquire.com,getsquire.com,privacy@getsquire.com,,Boca Raton FL,sign shop,gmaps
amf.com,https://amf.com,amf.com,guestservice@bowlerocorp.com,,Boynton Beach FL,sign shop,gmaps
testasigns.com,https://testasigns.com,testasigns.com,info@testasigns.com,,Cooper City FL,sign shop,gmaps
signcreationfl.com,https://signcreationfl.com,signcreationfl.com,sales@signcreationfl.com.com,,Cooper City FL,sign shop,gmaps
100percentsigns.com,https://100percentsigns.com,100percentsigns.com,sales@100percentsigns.com,,Cooper City FL,sign shop,gmaps
millersignsllc.com,https://millersignsllc.com,millersignsllc.com,quotes@millersignsllc.com,,Cooper City FL,sign shop,gmaps
namebadge.com,https://namebadge.com,namebadge.com,john@company.com,,Cooper City FL,sign shop,gmaps
smartsignsandwraps.com,https://smartsignsandwraps.com,smartsignsandwraps.com,sales@smartsignsandwraps.com,,Cooper City FL,sign shop,gmaps
miamisignandwraps.com,https://miamisignandwraps.com,miamisignandwraps.com,info@majorleaguesigns.com,,Cooper City FL,sign shop,gmaps
lowpriceprinting.net,https://lowpriceprinting.net,lowpriceprinting.net,adamf@lowpriceprinting.net,,Cooper City FL,sign shop,gmaps
miamisigns.com,https://miamisigns.com,miamisigns.com,info@miamisigns.com,,Cutler Bay FL,sign shop,gmaps
signsrusinc.com,https://signsrusinc.com,signsrusinc.com,info@signsrusinc.com,,Cutler Bay FL,sign shop,gmaps
adproamerican.com,https://adproamerican.com,adproamerican.com,contact@adproamerican.com,,Cutler Bay FL,sign shop,gmaps
instantsignsmiami.com,https://instantsignsmiami.com,instantsignsmiami.com,admin@instantsignsonline.com,,Cutler Bay FL,sign shop,gmaps
miamisigncompany.net,https://miamisigncompany.net,miamisigncompany.net,sales@vibrantsignstudio.com,,Cutler Bay FL,sign shop,gmaps
signmaking7st.com,https://signmaking7st.com,signmaking7st.com,sales@signmaking7st.com,,Cutler Bay FL,sign shop,gmaps
yachtsigns.com,https://yachtsigns.com,yachtsigns.com,info@yachtsigns.com,,Cutler Bay FL,sign shop,gmaps
gables-signs.com,https://gables-signs.com,gables-signs.com,greg@gables-signs.com,,Cutler Bay FL,sign shop,gmaps
ajfgraphics.com,https://ajfgraphics.com,ajfgraphics.com,info@ajfgraphics.com,,Greenacres FL,sign shop,gmaps
usamastersigns.com,https://usamastersigns.com,usamastersigns.com,usamastersigns@gmail.com,,Greenacres FL,sign shop,gmaps
minuteman.com,https://minuteman.com,minuteman.com,user@company.com,,Greenacres FL,sign shop,gmaps
signhop.com,https://signhop.com,signhop.com,javi@signhop.com,,Greenacres FL,sign shop,gmaps
repsfl.com,https://repsfl.com,repsfl.com,martin@repsfl.com,,Greenacres FL,sign shop,gmaps
underground-graphics.net,https://underground-graphics.net,underground-graphics.net,uggraphics1@gmail.com,,Greenacres FL,sign shop,gmaps
stellar-signs.com,https://stellar-signs.com,stellar-signs.com,sales@stellar-signs.com,,Greenacres FL,sign shop,gmaps
customsignstoday.us,https://customsignstoday.us,customsignstoday.us,admin@networkstrategics.com,,Greenacres FL,sign shop,gmaps
memoriesandcreations.com,https://memoriesandcreations.com,memoriesandcreations.com,memoriesandcreations@gmail.com,,Greenacres FL,sign shop,gmaps
monsigns.com,https://monsigns.com,monsigns.com,salesmontanasg@gmail.com,,Greenacres FL,sign shop,gmaps
easysignsinc.com,https://easysignsinc.com,easysignsinc.com,support@easysignsinc.com,,Greenacres FL,sign shop,gmaps
cbsignsinc.com,https://cbsignsinc.com,cbsignsinc.com,info@cbsignsinc.com,,Greenacres FL,sign shop,gmaps
southernblvdsigns.vip,https://southernblvdsigns.vip,southernblvdsigns.vip,southernblvdsigns@gmail.com,,Greenacres FL,sign shop,gmaps
signcompanywestpalmbeach.com,https://signcompanywestpalmbeach.com,signcompanywestpalmbeach.com,info@signcompanywestpalmbeach.com,,Greenacres FL,sign shop,gmaps
medicalhomecare.com,https://medicalhomecare.com,medicalhomecare.com,med@medicalhomecare.com,,Greenacres FL,sign shop,gmaps
ciscoprinting.com,https://ciscoprinting.com,ciscoprinting.com,info@ciscoprinting.com,,Lauderhill FL,sign shop,gmaps
megatronixled.com,https://megatronixled.com,megatronixled.com,info@megatronixled.com,,Lauderhill FL,sign shop,gmaps
signsnow.com,https://signsnow.com,signsnow.com,info@signsnow.com,,Lauderhill FL,sign shop,gmaps
browardsigns.com,https://browardsigns.com,browardsigns.com,info@browardsigns.com,,Lauderhill FL,sign shop,gmaps
scheduleyourexam.com,https://scheduleyourexam.com,scheduleyourexam.com,info@scheduleyourexam.com,,Palmetto Bay FL,sign shop,gmaps
globerdesign.com,https://globerdesign.com,globerdesign.com,invent@globerdesign.com,,Aventura FL,machine shop,gmaps
arcadezone.com,https://arcadezone.com,arcadezone.com,info@arcadezone.com,,Aventura FL,machine shop,gmaps
ancoprecision.com,https://ancoprecision.com,ancoprecision.com,quote@ancoprecision.com,,Aventura FL,machine shop,gmaps
musicmachineflorida.com,https://musicmachineflorida.com,musicmachineflorida.com,themusicmachinefl@gmail.com,,Aventura FL,machine shop,gmaps
motorservicegroup.com,https://motorservicegroup.com,motorservicegroup.com,info@motorservicegroup.com,,Aventura FL,machine shop,gmaps
worldtradecopiers.com,https://worldtradecopiers.com,worldtradecopiers.com,sales@worldtradecopiers.com,,Aventura FL,machine shop,gmaps
ironbodyfit.us,https://ironbodyfit.us,ironbodyfit.us,victor.daublain@agenceae.com,,Aventura FL,machine shop,gmaps
usasportsmedicine.com,https://usasportsmedicine.com,usasportsmedicine.com,info@usasportstherapy.com,,Aventura FL,machine shop,gmaps
expertlocksmithaventura.com,https://expertlocksmithaventura.com,expertlocksmithaventura.com,expertlocksmithventure@gmail.com,,Aventura FL,machine shop,gmaps
medsmartcenters.com,https://medsmartcenters.com,medsmartcenters.com,info@medsmartcenters.com,,Aventura FL,machine shop,gmaps
gghobbycard.com,https://gghobbycard.com,gghobbycard.com,gghobbycard@gmail.com,,Aventura FL,machine shop,gmaps
uniqueimaging.com,https://uniqueimaging.com,uniqueimaging.com,info@uniqueimaging.com,,Aventura FL,machine shop,gmaps
equinox.com,https://equinox.com,equinox.com,concierge@equinox.com,,Aventura FL,machine shop,gmaps
viomedspa.com,https://viomedspa.com,viomedspa.com,queencreek@viomedspa.com,,Aventura FL,machine shop,gmaps
mdpls.org,https://mdpls.org,mdpls.org,programs@mdpls.org,,Aventura FL,machine shop,gmaps
aventuraesthetics.square.site,https://aventuraesthetics.square.site,aventuraesthetics.square.site,aventuraesthetics@gmail.com,,Aventura FL,machine shop,gmaps
labaventura.com,https://labaventura.com,labaventura.com,thelab.aventura@gmail.com,,Aventura FL,machine shop,gmaps
seikous.com,https://seikous.com,seikous.com,contactus@seikous.com,,Aventura FL,machine shop,gmaps
aventuradentalarts.com,https://aventuradentalarts.com,aventuradentalarts.com,info@aventuradentalarts.com,,Aventura FL,machine shop,gmaps
dermatechinnovations.com,https://dermatechinnovations.com,dermatechinnovations.com,ilan932@gmail.com,,Bal Harbour FL,machine shop,gmaps
coffeeequipmentshop.miami,https://coffeeequipmentshop.miami,coffeeequipmentshop.miami,service@coffeeequipmentshop.miami,,Biscayne Park FL,machine shop,gmaps
theultimateocean.com,https://theultimateocean.com,theultimateocean.com,info@theultimateocean.com,,Biscayne Park FL,machine shop,gmaps
baprecision.com,https://baprecision.com,baprecision.com,gary@baprecision.com,,Boca Raton FL,machine shop,gmaps
omegaoneresearch.com,https://omegaoneresearch.com,omegaoneresearch.com,mail@omegaoneresearch.com,,Boca Raton FL,machine shop,gmaps
mhpmachineshop.com,https://mhpmachineshop.com,mhpmachineshop.com,mhpmachineshop@gmail.com,,Boca Raton FL,machine shop,gmaps
pinwerks.com,https://pinwerks.com,pinwerks.com,pinwerks@gmail.com,,Boca Raton FL,machine shop,gmaps
maksiwa.com,https://maksiwa.com,maksiwa.com,orders@maksiwa.com,,Boca Raton FL,machine shop,gmaps
fitnessequipmentheadquarters.com,https://fitnessequipmentheadquarters.com,fitnessequipmentheadquarters.com,sales@homefitnesshq.com,,Boca Raton FL,machine shop,gmaps
catpumps.com,https://catpumps.com,catpumps.com,sales@catpumps.com,,Boca Raton FL,machine shop,gmaps
subculturecoffee.com,https://subculturecoffee.com,subculturecoffee.com,info@subculturecoffee.com,,Boca Raton FL,machine shop,gmaps
abesappliance.com,https://abesappliance.com,abesappliance.com,info@abesappliance.com,,Boca Raton FL,machine shop,gmaps
automationtechsupport.com,https://automationtechsupport.com,automationtechsupport.com,lew@ats-fla.com,,Boynton Beach FL,machine shop,gmaps
enginesfactory.com,https://enginesfactory.com,enginesfactory.com,sales@enginesfactory.com,,Boynton Beach FL,machine shop,gmaps
stdmachine.com,https://stdmachine.com,stdmachine.com,liu@stdmachine.com,,Coconut Creek FL,machine shop,gmaps
classicexpressionsandmachine.com,https://classicexpressionsandmachine.com,classicexpressionsandmachine.com,classicexpressions@comcast.net,,Coconut Creek FL,machine shop,gmaps
tromtech.com,https://tromtech.com,tromtech.com,support@tromtech.com,,Coconut Creek FL,machine shop,gmaps
industrialhose.com,https://industrialhose.com,industrialhose.com,sales@industrialhose.com,,Coconut Creek FL,machine shop,gmaps
rwraddatz.com,https://rwraddatz.com,rwraddatz.com,info@qsite.com,,Coconut Creek FL,machine shop,gmaps
flynnsgaming.com,https://flynnsgaming.com,flynnsgaming.com,info@flynnsgaming.com,,Coconut Creek FL,machine shop,gmaps
otwusa.com,https://otwusa.com,otwusa.com,events@otwusa.com,,Coconut Creek FL,machine shop,gmaps
birdroadmachine.com,https://birdroadmachine.com,birdroadmachine.com,info@birdroadmachine.com,,Coconut Grove FL,machine shop,gmaps
tricountypropeller.com,https://tricountypropeller.com,tricountypropeller.com,office@tricountypropeller.com,,Coconut Grove FL,machine shop,gmaps
fademastersofmiami.com,https://fademastersofmiami.com,fademastersofmiami.com,fademastersofmiami@yahoo.com,,Coconut Grove FL,machine shop,gmaps
accuratemachining.com,https://accuratemachining.com,accuratemachining.com,accuratesales@miclog.com,,Cooper City FL,machine shop,gmaps
dermajem.com,https://dermajem.com,dermajem.com,info@dermajem.com,,Cooper City FL,machine shop,gmaps
catmw.com,https://catmw.com,catmw.com,info@catmw.com,,Cooper City FL,machine shop,gmaps
sharpbladez.com,https://sharpbladez.com,sharpbladez.com,info@sharpbladez.com,,Cooper City FL,machine shop,gmaps
jcpmachineshop.com,https://jcpmachineshop.com,jcpmachineshop.com,jc@jcpmachineshop.com,,Cooper City FL,machine shop,gmaps
crossfitlyfe.com,https://crossfitlyfe.com,crossfitlyfe.com,nathalie@crossfitlyfe.com,,Cooper City FL,machine shop,gmaps
symmetrixorthodontics.com,https://symmetrixorthodontics.com,symmetrixorthodontics.com,info@symmetrixorthodontics.com,,Cooper City FL,machine shop,gmaps
pre-tech.net,https://pre-tech.net,pre-tech.net,pre-tech@verizon.net,,Cooper City FL,machine shop,gmaps
copyprintscansolutions.com,https://copyprintscansolutions.com,copyprintscansolutions.com,info@copyprintscansolutions.com,,Cooper City FL,machine shop,gmaps
1800officesolutions.com,https://1800officesolutions.com,1800officesolutions.com,info@1800officesolutions.com,,Cooper City FL,machine shop,gmaps
viennacafeandbistro.com,https://viennacafeandbistro.com,viennacafeandbistro.com,info@viennacafeandbistro.com,,Cooper City FL,machine shop,gmaps
vision-tech.us,https://vision-tech.us,vision-tech.us,info@vision-tech.us,,Cooper City FL,machine shop,gmaps
buddies-bakery.com,https://buddies-bakery.com,buddies-bakery.com,info.buddiesbakery@gmail.com,,Cooper City FL,machine shop,gmaps
sparkservice.us,https://sparkservice.us,sparkservice.us,info@sparkservice.pro,,Cooper City FL,machine shop,gmaps
cafebait.com,https://cafebait.com,cafebait.com,hello@cafebait.com,,Cooper City FL,machine shop,gmaps
theaxeholehouse.com,https://theaxeholehouse.com,theaxeholehouse.com,theaxeholehouse@gmail.com,,Cooper City FL,machine shop,gmaps
pkmanagement.com,https://pkmanagement.com,pkmanagement.com,customerservice@pkmanagement.com,,Cooper City FL,machine shop,gmaps
agelessmed.com,https://agelessmed.com,agelessmed.com,info@agelessmed.com,,Cooper City FL,machine shop,gmaps
browardschools.com,https://browardschools.com,browardschools.com,schoolchoice@browardschools.com,,Cooper City FL,machine shop,gmaps
ifeeltech.com,https://ifeeltech.com,ifeeltech.com,info@ifeeltech.com,,Cooper City FL,machine shop,gmaps
thetanninglounge.com,https://thetanninglounge.com,thetanninglounge.com,ttl.thetanninglounge@gmail.com,,Cooper City FL,machine shop,gmaps
inskinsolutions.com,https://inskinsolutions.com,inskinsolutions.com,inskinsolutions@gmail.com,,Cooper City FL,machine shop,gmaps
gableseng.com,https://gableseng.com,gableseng.com,finale@gableseng.com,,Coral Gables FL,machine shop,gmaps
teamluft.com,https://teamluft.com,teamluft.com,info@teamluft.com,,Coral Springs FL,machine shop,gmaps
huronmachine.com,https://huronmachine.com,huronmachine.com,info@huronmachine.com,,Coral Springs FL,machine shop,gmaps
gatorvacuum.com,https://gatorvacuum.com,gatorvacuum.com,support@gatorvacuum.com,,Coral Springs FL,machine shop,gmaps
tescohilift.com,https://tescohilift.com,tescohilift.com,sales@tescohilift.com,,Coral Springs FL,machine shop,gmaps
mesabalancing.com,https://mesabalancing.com,mesabalancing.com,lmesa@mesabalancing.com,,Country Club FL,machine shop,gmaps
miamiequipment.net,https://miamiequipment.net,miamiequipment.net,info@miaequipment.com,,Country Club FL,machine shop,gmaps
piece-makers.com,https://piece-makers.com,piece-makers.com,sales@piece-makers.com,,Country Club FL,machine shop,gmaps
southerngear.com,https://southerngear.com,southerngear.com,sales@southerngear.com,,Country Club FL,machine shop,gmaps
usacncmachining.com,https://usacncmachining.com,usacncmachining.com,info@usacncmachining.com,,Country Club FL,machine shop,gmaps
mshopservices.com,https://mshopservices.com,mshopservices.com,sales@mshopservices.com,,Country Club FL,machine shop,gmaps
cnc-precision.com,https://cnc-precision.com,cnc-precision.com,info@cnc-precision.com,,Country Club FL,machine shop,gmaps
mmpas.com,https://mmpas.com,mmpas.com,info@mmpas.com,,Country Club FL,machine shop,gmaps
cnc-mfg.us,https://cnc-mfg.us,cnc-mfg.us,info@cnc-mfg.us,,Country Club FL,machine shop,gmaps
nipponpower.com,https://nipponpower.com,nipponpower.com,sales@nipponpower.com,,Country Club FL,machine shop,gmaps
assocmachine.com,https://assocmachine.com,assocmachine.com,sales@assocmachine.com,,Country Club FL,machine shop,gmaps
rotarywerks.net,https://rotarywerks.net,rotarywerks.net,rotarywerks584@gmail.com,,Country Club FL,machine shop,gmaps
arimaqusa.com,https://arimaqusa.com,arimaqusa.com,info@arimaqusa.com,,Country Club FL,machine shop,gmaps
themachineexpress.com,https://themachineexpress.com,themachineexpress.com,sales@themachineexpress.com,,Country Club FL,machine shop,gmaps
usascrapmetalcompany.com,https://usascrapmetalcompany.com,usascrapmetalcompany.com,usascrapmetalco@gmail.com,,Country Club FL,machine shop,gmaps
laser-tech.com,https://laser-tech.com,laser-tech.com,sales@laser-tech.com,,Country Club FL,machine shop,gmaps
lockandloadmiami.com,https://lockandloadmiami.com,lockandloadmiami.com,re@3x.djqr.ph,,Country Club FL,machine shop,gmaps
advanceicecream.com,https://advanceicecream.com,advanceicecream.com,info@icecreammachinessf.com,,Country Club FL,machine shop,gmaps
thejukeboxdoctor.com,https://thejukeboxdoctor.com,thejukeboxdoctor.com,repair@thejukeboxdoctor.com,,Country Club FL,machine shop,gmaps
enjautoworks.com,https://enjautoworks.com,enjautoworks.com,enjauto@bellsouth.net,,Cutler Bay FL,machine shop,gmaps
toweye.com,https://toweye.com,toweye.com,info@toweye.com,,Dania Beach FL,machine shop,gmaps
hmshydraulics.us,https://hmshydraulics.us,hmshydraulics.us,hms184@yahoo.com,,Dania Beach FL,machine shop,gmaps
acmemarine.com,https://acmemarine.com,acmemarine.com,sales@acmemarine.com,,Dania Beach FL,machine shop,gmaps
cjmcustomshop.com,https://cjmcustomshop.com,cjmcustomshop.com,cjm@cjmcustomshop.com,,Dania Beach FL,machine shop,gmaps
spursmarine.com,https://spursmarine.com,spursmarine.com,spurs@spursmarine.com,,Dania Beach FL,machine shop,gmaps
totalmachiningusa.com,https://totalmachiningusa.com,totalmachiningusa.com,info@totalmachiningusa.com,,Deerfield Beach FL,machine shop,gmaps
willyindustriesusa.com,https://willyindustriesusa.com,willyindustriesusa.com,sales@willyindustriesusa.com,,Deerfield Beach FL,machine shop,gmaps
55industries.com,https://55industries.com,55industries.com,supplychain@55industries.com,,Deerfield Beach FL,machine shop,gmaps
delflo.com,https://delflo.com,delflo.com,info@delfloinc.com,,Delray Beach FL,machine shop,gmaps
atmcorp.net,https://atmcorp.net,atmcorp.net,info@manufacturing.com,,Doral FL,machine shop,gmaps
supsew.com,https://supsew.com,supsew.com,info@supsew.com,,Doral FL,machine shop,gmaps
loemparts.com,https://loemparts.com,loemparts.com,operations@loemparts.com,,Doral FL,machine shop,gmaps
apasof.com,https://apasof.com,apasof.com,info@apasof.com,,Doral FL,machine shop,gmaps
mareamarine.com,https://mareamarine.com,mareamarine.com,mbetances@mareamarine.com,,Doral FL,machine shop,gmaps
jmattachments.com,https://jmattachments.com,jmattachments.com,jmelendez@jmattachments.com,,Doral FL,machine shop,gmaps
dhsewing.com,https://dhsewing.com,dhsewing.com,sales@dhsewing.com,,El Portal FL,machine shop,gmaps
aamachineshop.com,https://aamachineshop.com,aamachineshop.com,hello@rfuenzalida.com,,Florida City FL,machine shop,gmaps
cmtoolfl.com,https://cmtoolfl.com,cmtoolfl.com,mark@cmtoolfl.com,,Florida City FL,machine shop,gmaps
floridamachineworks.com,https://floridamachineworks.com,floridamachineworks.com,info@floridamachineworks.com,,Florida City FL,machine shop,gmaps
questworkspaces.com,https://questworkspaces.com,questworkspaces.com,info@questworkspaces.com,,Florida City FL,machine shop,gmaps
flmachinetool.com,https://flmachinetool.com,flmachinetool.com,floridamtss@gmail.com,,Florida City FL,machine shop,gmaps
spothero.com,https://spothero.com,spothero.com,mark.levy@spothero.com,,Florida City FL,machine shop,gmaps
copierleasemiami.com,https://copierleasemiami.com,copierleasemiami.com,sales@clearchoicetechnical.com,,Florida City FL,machine shop,gmaps
modelmachine.com,https://modelmachine.com,modelmachine.com,info@modelmachine.com,,Florida City FL,machine shop,gmaps
powerhousegymsoflo.com,https://powerhousegymsoflo.com,powerhousegymsoflo.com,ftl@powerhousesoflo.com,,Florida City FL,machine shop,gmaps
mdc.edu,https://mdc.edu,mdc.edu,crctitleixada@mdc.edu,,Florida City FL,machine shop,gmaps
wyndhamhotels.com,https://wyndhamhotels.com,wyndhamhotels.com,accessibility@wyndham.com,,Florida City FL,machine shop,gmaps
getcoins.com,https://getcoins.com,getcoins.com,support@getcoins.com,,Florida City FL,machine shop,gmaps
brickellbikes.com,https://brickellbikes.com,brickellbikes.com,info@brickellbikes.com,,Florida City FL,machine shop,gmaps
gotliquor.com,https://gotliquor.com,gotliquor.com,bestbuyliquors@aol.com,,Florida City FL,machine shop,gmaps
murphyusa.com,https://murphyusa.com,murphyusa.com,public.relations@murphyusa.com,,Florida City FL,machine shop,gmaps
luvcarwash.com,https://luvcarwash.com,luvcarwash.com,support@luvcarwash.com,,Florida City FL,machine shop,gmaps
miamidevicesolutions.com,https://miamidevicesolutions.com,miamidevicesolutions.com,info@biedermann.com,,Fontainebleau FL,machine shop,gmaps
vistarmachineshop.com,https://vistarmachineshop.com,vistarmachineshop.com,info@vistarmachineshop.com,,Fort Lauderdale FL,machine shop,gmaps
cylinderheadxchg.com,https://cylinderheadxchg.com,cylinderheadxchg.com,sales@cylinderheadx.com,,Fort Lauderdale FL,machine shop,gmaps
qcaincfl.com,https://qcaincfl.com,qcaincfl.com,info@qcaincfl.com,,Fort Lauderdale FL,machine shop,gmaps
egm-mfg.com,https://egm-mfg.com,egm-mfg.com,jmorales@egm-mfg.com,,Fort Lauderdale FL,machine shop,gmaps
fabriequipment.com,https://fabriequipment.com,fabriequipment.com,fecsales@fabriequipment.com,,Fort Lauderdale FL,machine shop,gmaps
dkia.net,https://dkia.net,dkia.net,info@dkia.net,,Fort Lauderdale FL,machine shop,gmaps
americanchanger.com,https://americanchanger.com,americanchanger.com,info@americanchanger.com,,Fort Lauderdale FL,machine shop,gmaps
yachtsanddiesels.com,https://yachtsanddiesels.com,yachtsanddiesels.com,info@yachtsanddiesels.com,,Fort Lauderdale FL,machine shop,gmaps
centrifugalinc.com,https://centrifugalinc.com,centrifugalinc.com,info@centrifugalinc.com,,Fort Lauderdale FL,machine shop,gmaps
glpower.com,https://glpower.com,glpower.com,sales@glpower.com,,Fort Lauderdale FL,machine shop,gmaps
sheffieldmachinerydirect.com,https://sheffieldmachinerydirect.com,sheffieldmachinerydirect.com,pcarr@sheffieldmachinery.com,,Fort Lauderdale FL,machine shop,gmaps
onceuponaquilt.com,https://onceuponaquilt.com,onceuponaquilt.com,bernina@onceuponaquilt.com,,Fort Lauderdale FL,machine shop,gmaps
hgworldus.com,https://hgworldus.com,hgworldus.com,hgworld83@gmail.com,,Fort Lauderdale FL,machine shop,gmaps
coffeeionado.com,https://coffeeionado.com,coffeeionado.com,support@coffeeionado.com,,Fort Lauderdale FL,machine shop,gmaps
goldencncr.com,https://goldencncr.com,goldencncr.com,goldencncrouting@gmail.com,,Golden Beach FL,machine shop,gmaps
roycecorporation.com,https://roycecorporation.com,roycecorporation.com,info@roycecorporation.com,,Golden Beach FL,machine shop,gmaps
globalmfgfox.com,https://globalmfgfox.com,globalmfgfox.com,globalmfg3@aol.com,,Golden Beach FL,machine shop,gmaps
corpac.com,https://corpac.com,corpac.com,marketing@corpac.com,,Golden Beach FL,machine shop,gmaps
ncmfgonline.com,https://ncmfgonline.com,ncmfgonline.com,info@ncmfg.gccoxmail.com,,Golden Beach FL,machine shop,gmaps
kodiakfitnesscentergold.com,https://kodiakfitnesscentergold.com,kodiakfitnesscentergold.com,supportgold@kodiakfitnesscenter.com,,Golden Beach FL,machine shop,gmaps
dryeco.com,https://dryeco.com,dryeco.com,info@dryeco.com,,Golden Beach FL,machine shop,gmaps
apexprecisionmachining.com,https://apexprecisionmachining.com,apexprecisionmachining.com,quotes@apexprecisionmachining.com,,Golden Beach FL,machine shop,gmaps
metalessence.com,https://metalessence.com,metalessence.com,info@metalessence.com,,Golden Beach FL,machine shop,gmaps
247computerguy.com,https://247computerguy.com,247computerguy.com,info@247computerguy.com,,Golden Beach FL,machine shop,gmaps
gharieni.us,https://gharieni.us,gharieni.us,support.usa@gharieni.com,,Golden Beach FL,machine shop,gmaps
cohb.org,https://cohb.org,cohb.org,cityattorneydl@cohb.org,,Golden Beach FL,machine shop,gmaps
qtminc.com,https://qtminc.com,qtminc.com,websales@qtminc.com,,Golden Beach FL,machine shop,gmaps
roami.com,https://roami.com,roami.com,reservations@roami.com,,Golden Beach FL,machine shop,gmaps
richardsjewelry.com,https://richardsjewelry.com,richardsjewelry.com,sales@richardsjewelry.com,,Golden Beach FL,machine shop,gmaps
owensind.com,https://owensind.com,owensind.com,info@owensind.com,,Golden Beach FL,machine shop,gmaps
industriousoffice.com,https://industriousoffice.com,industriousoffice.com,u003eeudistrict.reception@industriousoffice.com,,Golden Beach FL,machine shop,gmaps
bayfrontparkmiami.com,https://bayfrontparkmiami.com,bayfrontparkmiami.com,info@bayfrontparkmiami.com,,Golden Beach FL,machine shop,gmaps
beachclubbarbershop.us,https://beachclubbarbershop.us,beachclubbarbershop.us,info@beachclubbarbershop.us,,Golden Beach FL,machine shop,gmaps
locations.coinflip.tech,https://locations.coinflip.tech,locations.coinflip.tech,support@coinflip.tech,,Golden Beach FL,machine shop,gmaps
prestigeplasteringandpainting.com,https://prestigeplasteringandpainting.com,prestigeplasteringandpainting.com,custominteriorpaint@gmail.com,,Golden Beach FL,machine shop,gmaps
thefactorysew-vac.com,https://thefactorysew-vac.com,thefactorysew-vac.com,factsew@gmail.com,,Greenacres FL,machine shop,gmaps
plasmacreationsllc.com,https://plasmacreationsllc.com,plasmacreationsllc.com,info@plasmacreationsllc.com,,Greenacres FL,machine shop,gmaps
a1medicalsuppliesfl.com,https://a1medicalsuppliesfl.com,a1medicalsuppliesfl.com,a1medicaldme@gmail.com,,Greenacres FL,machine shop,gmaps
duranteequip.com,https://duranteequip.com,duranteequip.com,azunic@duranteequip.com,,Greenacres FL,machine shop,gmaps
theshipandsipstore.com,https://theshipandsipstore.com,theshipandsipstore.com,info@theshipandsipstore.com,,Greenacres FL,machine shop,gmaps
cocktailhourentertainment.com,https://cocktailhourentertainment.com,cocktailhourentertainment.com,khila@itakegr8pics.com,,Greenacres FL,machine shop,gmaps
blasttcg.com,https://blasttcg.com,blasttcg.com,admin@blasttcg.com,,Greenacres FL,machine shop,gmaps
gatorbowling.com,https://gatorbowling.com,gatorbowling.com,info@gatorbowling.com,,Greenacres FL,machine shop,gmaps
thechillroom.com,https://thechillroom.com,thechillroom.com,info@thechillroom.com,,Greenacres FL,machine shop,gmaps
kgluxuriouspartyrental.com,https://kgluxuriouspartyrental.com,kgluxuriouspartyrental.com,info@kgluxuriouspartyrental.com,,Greenacres FL,machine shop,gmaps
newlookalterations.com,https://newlookalterations.com,newlookalterations.com,bozieuxs@yahoo.con,,Greenacres FL,machine shop,gmaps
pickwicklaundry.com,https://pickwicklaundry.com,pickwicklaundry.com,pickwicklavenderia@gmail.com,,Greenacres FL,machine shop,gmaps
acwlw.net,https://acwlw.net,acwlw.net,info@acwlw.net,,Greenacres FL,machine shop,gmaps
lfbplasma.com,https://lfbplasma.com,lfbplasma.com,inquiries@lfbplasma.com,,Greenacres FL,machine shop,gmaps
coinhubatm.com,https://coinhubatm.com,coinhubatm.com,support@coinhubatm.com,,Greenacres FL,machine shop,gmaps
commodorerealty.net,https://commodorerealty.net,commodorerealty.net,info@commodorerealty.com,,Greenacres FL,machine shop,gmaps
crownpawnshop.com,https://crownpawnshop.com,crownpawnshop.com,crownpawn1@gmail.com,,Greenacres FL,machine shop,gmaps
key.me,https://key.me,key.me,support@key.me,,Greenacres FL,machine shop,gmaps
palmbeachschools.org,https://palmbeachschools.org,palmbeachschools.org,valerie.crenshaw@palmbeachschools.org,,Greenacres FL,machine shop,gmaps
aspendental.com,https://aspendental.com,aspendental.com,customerservice@aspendental.com,,Greenacres FL,machine shop,gmaps
mrcleanls.com,https://mrcleanls.com,mrcleanls.com,slick-slider@1.8.1.min.css,,Greenacres FL,machine shop,gmaps
prosandtools.com,https://prosandtools.com,prosandtools.com,info@prosandtools.com,,Hialeah FL,machine shop,gmaps
xpressprecisionproducts.com,https://xpressprecisionproducts.com,xpressprecisionproducts.com,mmontepeque@xpressprecisionproducts.com,,Hialeah FL,machine shop,gmaps
ozmachineusa.com,https://ozmachineusa.com,ozmachineusa.com,info@ozmachineusa.com,,Hialeah FL,machine shop,gmaps
steeringrepairtrucks.com,https://steeringrepairtrucks.com,steeringrepairtrucks.com,info@steeringrepairtrucks.com,,Hialeah FL,machine shop,gmaps
homeespressoexperts.com,https://homeespressoexperts.com,homeespressoexperts.com,24espressoservices@gmail.com,,Hialeah Gardens FL,machine shop,gmaps
aldosurgicalsupply.com,https://aldosurgicalsupply.com,aldosurgicalsupply.com,sales@aldosurgicalsupply.com,,Hialeah Gardens FL,machine shop,gmaps
heavydutykits.com,https://heavydutykits.com,heavydutykits.com,ac@heavydutykits.com,,Hialeah Gardens FL,machine shop,gmaps
tampopad.com,https://tampopad.com,tampopad.com,tamposcreen@gmail.com,,Hialeah Gardens FL,machine shop,gmaps
airborneie.com,https://airborneie.com,airborneie.com,cooltooler@msn.com,,Hialeah Gardens FL,machine shop,gmaps
miamiepictees.net,https://miamiepictees.net,miamiepictees.net,miamiepictees@yahoo.com,,Hialeah Gardens FL,machine shop,gmaps
rapidomarine.com,https://rapidomarine.com,rapidomarine.com,rapidomarine@gmail.com,,Hollywood FL,machine shop,gmaps
knmachine.com,https://knmachine.com,knmachine.com,sales@knmachine.com,,Jupiter FL,machine shop,gmaps
gripturf.com,https://gripturf.com,gripturf.com,gripturf@gmail.com,,Jupiter FL,machine shop,gmaps
machinesgonewild.com,https://machinesgonewild.com,machinesgonewild.com,info@machinesgonewild.com,,Kendall FL,machine shop,gmaps
starentertainmentevents.com,https://starentertainmentevents.com,starentertainmentevents.com,mystarentertain@gmail.com,,Key Biscayne FL,machine shop,gmaps
alliancejjkb.com,https://alliancejjkb.com,alliancejjkb.com,manager@alliancejjkb.com,,Key Biscayne FL,machine shop,gmaps
amerantbank.com,https://amerantbank.com,amerantbank.com,questions@amerantbank.com,,Key Biscayne FL,machine shop,gmaps
miamiwaterlifetours.com,https://miamiwaterlifetours.com,miamiwaterlifetours.com,egarcia@miamiwaterlifetours.com,,Key Biscayne FL,machine shop,gmaps
recitconsulting.com,https://recitconsulting.com,recitconsulting.com,info@recitconsulting.com,,Key Biscayne FL,machine shop,gmaps
cosmofrance.net,https://cosmofrance.net,cosmofrance.net,office@cosmofrance.net,,Key Biscayne FL,machine shop,gmaps
bookextraordinary.com,https://bookextraordinary.com,bookextraordinary.com,sales@bookextraordinary.com,,Key Biscayne FL,machine shop,gmaps
mylocksmithmiami.com,https://mylocksmithmiami.com,mylocksmithmiami.com,support@mylocksmithmiami.com,,Key Biscayne FL,machine shop,gmaps
urbanmailcenter.com,https://urbanmailcenter.com,urbanmailcenter.com,urbanmailcenter@gmail.com,,Key Biscayne FL,machine shop,gmaps
toastedbagelry.com,https://toastedbagelry.com,toastedbagelry.com,admin@toastedbagelry.com,,Key Biscayne FL,machine shop,gmaps
worldofbeauty.miami,https://worldofbeauty.miami,worldofbeauty.miami,info@worldofbeauty.miami,,Key Biscayne FL,machine shop,gmaps
empireink.com,https://empireink.com,empireink.com,info@empireink.com,,Key Biscayne FL,machine shop,gmaps
jetsetpilates.com,https://jetsetpilates.com,jetsetpilates.com,mccormickranch@jetsetpilates.com,,Key Biscayne FL,machine shop,gmaps
icmiamihotel.com,https://icmiamihotel.com,icmiamihotel.com,forms@tambourine.com,,Key Biscayne FL,machine shop,gmaps
k9bathcenter.com,https://k9bathcenter.com,k9bathcenter.com,k9bathcenter@gmail.com,,Key Biscayne FL,machine shop,gmaps
tristatecast.com,https://tristatecast.com,tristatecast.com,sales.us@tristatecast.com,,Lake Park FL,machine shop,gmaps
billettechnology.net,https://billettechnology.net,billettechnology.net,support@billettechnology.net,,Lake Worth Beach FL,machine shop,gmaps
rnjcommercialparts.com,https://rnjcommercialparts.com,rnjcommercialparts.com,sales@rnjcommercialparts.com,,Lauderdale Lakes FL,machine shop,gmaps
ebpeinc.com,https://ebpeinc.com,ebpeinc.com,service@ebpeinc.com,,Lauderdale Lakes FL,machine shop,gmaps
almeidaforklifts.com,https://almeidaforklifts.com,almeidaforklifts.com,info@almeidaforklifts.com,,Lauderdale Lakes FL,machine shop,gmaps
zenentusa.com,https://zenentusa.com,zenentusa.com,sales@zenentusa.com,,Lauderdale Lakes FL,machine shop,gmaps
con-tractor.com,https://con-tractor.com,con-tractor.com,info@con-tractor.com,,Lauderdale Lakes FL,machine shop,gmaps
copierleasefortlauderdale.com,https://copierleasefortlauderdale.com,copierleasefortlauderdale.com,sales@clearchoicetechnical.com,,Lauderdale Lakes FL,machine shop,gmaps
awtees.com,https://awtees.com,awtees.com,info@awtees.com,,Lauderdale Lakes FL,machine shop,gmaps
asaonsite.com,https://asaonsite.com,asaonsite.com,contact@sansoxygen.com,,Lauderdale Lakes FL,machine shop,gmaps
maryslaundromart.com,https://maryslaundromart.com,maryslaundromart.com,info@maryslaundromart.com,,Lauderdale Lakes FL,machine shop,gmaps
firstcash.com,https://firstcash.com,firstcash.com,customerservice@firstcash.com,,Lauderdale Lakes FL,machine shop,gmaps
jerkmachine.com,https://jerkmachine.com,jerkmachine.com,jerkmachine100@gmail.com,,Lauderdale Lakes FL,machine shop,gmaps
appiusa.com,https://appiusa.com,appiusa.com,sales@appiusa.com,,Lauderhill FL,machine shop,gmaps
thevendingbox.net,https://thevendingbox.net,thevendingbox.net,info@thevendingbox.net,,Lauderhill FL,machine shop,gmaps
brandsmartusa.com,https://brandsmartusa.com,brandsmartusa.com,back-in-stock@notifyboost.net,,Lauderhill FL,machine shop,gmaps
jjfreshlaundryllc.netlify.app,https://jjfreshlaundryllc.netlify.app,jjfreshlaundryllc.netlify.app,jjlaundryllc@gmail.com,,Lauderhill FL,machine shop,gmaps
computersphonesfl.com,https://computersphonesfl.com,computersphonesfl.com,nasolutionsinfo@gmail.com,,Lauderhill FL,machine shop,gmaps
sheepthrillsknitting.com,https://sheepthrillsknitting.com,sheepthrillsknitting.com,info@sheepthrillsknitting.com,,Lauderhill FL,machine shop,gmaps
arcadegamesales.com,https://arcadegamesales.com,arcadegamesales.com,robert@arcadegamesales.com,,Lauderhill FL,machine shop,gmaps
hamperapp.com,https://hamperapp.com,hamperapp.com,achang@hamperapp.com,,Lauderhill FL,machine shop,gmaps
mardeys.com,https://mardeys.com,mardeys.com,office@mardeys.com,,Lauderhill FL,machine shop,gmaps
mrsuds-carwash.com,https://mrsuds-carwash.com,mrsuds-carwash.com,info@mrsuds-carwash.com,,Lauderhill FL,machine shop,gmaps
pompanoprecision.com,https://pompanoprecision.com,pompanoprecision.com,info@pompanoprecision.com,,Lighthouse Point FL,machine shop,gmaps
otbfirearms.com,https://otbfirearms.com,otbfirearms.com,sales@onlythebestfirearms.com,,Lighthouse Point FL,machine shop,gmaps
healthyweightloss-4u.com,https://healthyweightloss-4u.com,healthyweightloss-4u.com,info@healthyweightloss-4u.com,,Lighthouse Point FL,machine shop,gmaps
rinkonthebeach.com,https://rinkonthebeach.com,rinkonthebeach.com,alexa@therink.net,,Lighthouse Point FL,machine shop,gmaps
millermachineryandsupply.com,https://millermachineryandsupply.com,millermachineryandsupply.com,info@millermachineryandsupply.net,,Miami FL,machine shop,gmaps
wholesale66llc.com,https://wholesale66llc.com,wholesale66llc.com,wholesale66llc@gmail.com,,Miami FL,machine shop,gmaps
sinrivalcutlery.com,https://sinrivalcutlery.com,sinrivalcutlery.com,info@sinrivalcutlery.com,,Miami FL,machine shop,gmaps
pochyjewelry.com,https://pochyjewelry.com,pochyjewelry.com,info@pochyjewelry.com,,Miami FL,machine shop,gmaps
dermaclinicenter.com,https://dermaclinicenter.com,dermaclinicenter.com,sales@dermaclinicenter.com,,Miami FL,machine shop,gmaps
uppereastsidetan.com,https://uppereastsidetan.com,uppereastsidetan.com,mailto:hello@uppereastsidetan.com,,Miami FL,machine shop,gmaps
dermacarebrickell.com,https://dermacarebrickell.com,dermacarebrickell.com,info@dermacarebrickell.com,,Miami FL,machine shop,gmaps
disairlaser.com,https://disairlaser.com,disairlaser.com,ncontacto@disairlaser.com,,Miami Beach FL,machine shop,gmaps
drimmersusa.com,https://drimmersusa.com,drimmersusa.com,orders@drimmersusa.com,,Miami Beach FL,machine shop,gmaps
miamibeachmicroblading.com,https://miamibeachmicroblading.com,miamibeachmicroblading.com,info@miamibeachmicroblading.com,,Miami Beach FL,machine shop,gmaps
gymage.com,https://gymage.com,gymage.com,miamigym@gymage.com,,Miami Beach FL,machine shop,gmaps
iscream-gelato.com,https://iscream-gelato.com,iscream-gelato.com,inquiry@iscream-gelato.com,,Miami Beach FL,machine shop,gmaps
highfiveskateshop.com,https://highfiveskateshop.com,highfiveskateshop.com,info@highfiveskateshop.com,,Miami Beach FL,machine shop,gmaps
kingdtg.com,https://kingdtg.com,kingdtg.com,printing@kingdtg.com,,Miami Beach FL,machine shop,gmaps
mysunnylaundry.com,https://mysunnylaundry.com,mysunnylaundry.com,contact@mysunnylaundry.com,,Miami Beach FL,machine shop,gmaps
us.allsaints.com,https://us.allsaints.com,us.allsaints.com,ask@allsaints.com,,Miami Beach FL,machine shop,gmaps
miamibeachpetdoctors.com,https://miamibeachpetdoctors.com,miamibeachpetdoctors.com,lelam78@gmail.com,,Miami Beach FL,machine shop,gmaps
bachijewels.com,https://bachijewels.com,bachijewels.com,bachijewels@gmail.com,,Miami Beach FL,machine shop,gmaps
prima-classe.com,https://prima-classe.com,prima-classe.com,info@prima-classe.com,,Miami Beach FL,machine shop,gmaps
spaesouthbeach.com,https://spaesouthbeach.com,spaesouthbeach.com,hello@luxespa.com,,Miami Beach FL,machine shop,gmaps
irepairtechmiami.com,https://irepairtechmiami.com,irepairtechmiami.com,hello@ultradata.24.com,,Miami Gardens FL,machine shop,gmaps
miamiscreenprintsupply.com,https://miamiscreenprintsupply.com,miamiscreenprintsupply.com,customerservice@miamiscreenprint.com,,Miami Gardens FL,machine shop,gmaps
lavelacoffee.com,https://lavelacoffee.com,lavelacoffee.com,info@lavelacoffee.com,,Miami Gardens FL,machine shop,gmaps
tirestationnorthmiami.com,https://tirestationnorthmiami.com,tirestationnorthmiami.com,info@tirestationnorthmiami.com,,Miami Gardens FL,machine shop,gmaps
miamigardenseyecare.com,https://miamigardenseyecare.com,miamigardenseyecare.com,info@miamigardenseyecare.com,,Miami Gardens FL,machine shop,gmaps
checkcashingusa.com,https://checkcashingusa.com,checkcashingusa.com,info@checkcashingusa.com,,Miami Gardens FL,machine shop,gmaps
spincarwash.com,https://spincarwash.com,spincarwash.com,support@spincarwash.com,,Miami Gardens FL,machine shop,gmaps
bekmilling.com,https://bekmilling.com,bekmilling.com,create@bekmilling.com,,Miami Lakes FL,machine shop,gmaps
aem.us,https://aem.us,aem.us,customerservice@aem.us,,Miami Lakes FL,machine shop,gmaps
graphicarts305.com,https://graphicarts305.com,graphicarts305.com,sales@graphicarts305.com,,Miami Lakes FL,machine shop,gmaps
thelibrarysupply.com,https://thelibrarysupply.com,thelibrarysupply.com,info@thelibrarysupply.com,,Miami Lakes FL,machine shop,gmaps
cautionfitness.com,https://cautionfitness.com,cautionfitness.com,info@cautioncrossfit.com,,Miami Lakes FL,machine shop,gmaps
victorprinters.com,https://victorprinters.com,victorprinters.com,info@victorprinters.com,,Miami Lakes FL,machine shop,gmaps
spinsupplies.com,https://spinsupplies.com,spinsupplies.com,info@spinsupplies.com,,Miami Lakes FL,machine shop,gmaps
lakesradiology.com,https://lakesradiology.com,lakesradiology.com,info@lakesradiology.com,,Miami Lakes FL,machine shop,gmaps
valasoromoldremediation.com,https://valasoromoldremediation.com,valasoromoldremediation.com,jodi@valasoromoldremediation.com,,Miami Lakes FL,machine shop,gmaps
rentool-usa.com,https://rentool-usa.com,rentool-usa.com,rentoolequipment@gmail.com,,Miami Lakes FL,machine shop,gmaps
sierramedicalcenter.com,https://sierramedicalcenter.com,sierramedicalcenter.com,info@sierramedicalcenter.com,,Miami Lakes FL,machine shop,gmaps
forklifttrainingshop.com,https://forklifttrainingshop.com,forklifttrainingshop.com,jrod@forkliftsystem.com,,Miami Lakes FL,machine shop,gmaps
miamilakesathleticclub.com,https://miamilakesathleticclub.com,miamilakesathleticclub.com,info@miamilakesathleticclub.com,,Miami Lakes FL,machine shop,gmaps
forkliftsystem.com,https://forkliftsystem.com,forkliftsystem.com,jrod@forkliftsystem.com,,Miami Lakes FL,machine shop,gmaps
miamisewing.com,https://miamisewing.com,miamisewing.com,singerparts@gmail.com,,Miami Shores FL,machine shop,gmaps
r3tcustoms.com,https://r3tcustoms.com,r3tcustoms.com,info@r3tcustoms.com,,Miami Springs FL,machine shop,gmaps
prestigeaeroservices.com,https://prestigeaeroservices.com,prestigeaeroservices.com,sales@prestigeaeroservices.com,,Miami Springs FL,machine shop,gmaps
ithinksheis.com,https://ithinksheis.com,ithinksheis.com,itsi.coffee@gmail.com,,Miami Springs FL,machine shop,gmaps
accessoryworldcustoms.com,https://accessoryworldcustoms.com,accessoryworldcustoms.com,accessoryworldcustoms@gmail.com,,Miami Springs FL,machine shop,gmaps
gfivetraining.com,https://gfivetraining.com,gfivetraining.com,william@gfivetraining.com,,Miami Springs FL,machine shop,gmaps
guestable.com,https://guestable.com,guestable.com,hosting@guestable.com,,Miami Springs FL,machine shop,gmaps
sbnwaterdamagerestorationfl.com,https://sbnwaterdamagerestorationfl.com,sbnwaterdamagerestorationfl.com,info@sbnwaterdamagerestorationfl.com,,Miami Springs FL,machine shop,gmaps
treasuredrivefitness.com,https://treasuredrivefitness.com,treasuredrivefitness.com,treasuredrivefit@gmail.com,,North Bay Village FL,machine shop,gmaps
rpmshop.com,https://rpmshop.com,rpmshop.com,info@rpmshop.com,,North Lauderdale FL,machine shop,gmaps
singingmachine.com,https://singingmachine.com,singingmachine.com,customerservice@singingmachine.com,,North Lauderdale FL,machine shop,gmaps
sgsteel.net,https://sgsteel.net,sgsteel.net,info@sgsteel.net,,North Lauderdale FL,machine shop,gmaps
malteseandco.com,https://malteseandco.com,malteseandco.com,service@malteseandco.com,,North Lauderdale FL,machine shop,gmaps
wheelsamillion.com,https://wheelsamillion.com,wheelsamillion.com,contact@wheelsamillion.com,,North Lauderdale FL,machine shop,gmaps
glownar.com,https://glownar.com,glownar.com,afa@glownar.com,,North Lauderdale FL,machine shop,gmaps
henneusa.com,https://henneusa.com,henneusa.com,1@henne.us,,North Lauderdale FL,machine shop,gmaps
premierbouncenslide.com,https://premierbouncenslide.com,premierbouncenslide.com,premierbouncesales@gmail.com,,North Lauderdale FL,machine shop,gmaps
greenspinlaundrycenter.com,https://greenspinlaundrycenter.com,greenspinlaundrycenter.com,greenspinlaundrycenter@gmail.com,,North Lauderdale FL,machine shop,gmaps
ccjhealthwellness.store,https://ccjhealthwellness.store,ccjhealthwellness.store,ccjhealthandwellness@gmail.com,,North Lauderdale FL,machine shop,gmaps
computerandcellphonestore.com,https://computerandcellphonestore.com,computerandcellphonestore.com,info@globaltechnologies.us,,North Lauderdale FL,machine shop,gmaps
southgatelaundromart.godaddysites.com,https://southgatelaundromart.godaddysites.com,southgatelaundromart.godaddysites.com,contact@sansoxygen.com,,North Lauderdale FL,machine shop,gmaps
cadlabcnc.com,https://cadlabcnc.com,cadlabcnc.com,cadlabcnc@yahoo.com,,Palm Beach FL,machine shop,gmaps
tmtooling.com,https://tmtooling.com,tmtooling.com,office@tmtooling.com,,Palm Beach FL,machine shop,gmaps
arhydraulicsinc.com,https://arhydraulicsinc.com,arhydraulicsinc.com,contact@sansoxygen.com,,Palm Beach FL,machine shop,gmaps
rimsruspb.com,https://rimsruspb.com,rimsruspb.com,tomclarke@rimsruspb.com,,Palm Beach FL,machine shop,gmaps
ultimatepedals.com,https://ultimatepedals.com,ultimatepedals.com,sales@ultimatepedals.com,,Palm Beach FL,machine shop,gmaps
roastingplant.com,https://roastingplant.com,roastingplant.com,info@roastingplant.com,,Palm Beach Gardens FL,machine shop,gmaps
cjdreamdesigns.com,https://cjdreamdesigns.com,cjdreamdesigns.com,typesetit@att.net,,Parkland FL,machine shop,gmaps
simmisbakehouse.com,https://simmisbakehouse.com,simmisbakehouse.com,info@simmisbakehouse.com,,Parkland FL,machine shop,gmaps
wildermachine.shop,https://wildermachine.shop,wildermachine.shop,flatlanderwilder@yahoo.com,,Parkland FL,machine shop,gmaps
chsmachineshop.com,https://chsmachineshop.com,chsmachineshop.com,info@chsmachineshop.com,,Parkland FL,machine shop,gmaps
marineremanengines.com,https://marineremanengines.com,marineremanengines.com,mrengines89@gmail.com,,Pembroke Park FL,machine shop,gmaps
coolerdepotusa.com,https://coolerdepotusa.com,coolerdepotusa.com,amanda@coolerdepotusa.com,,Pembroke Park FL,machine shop,gmaps
pinpointcam.com,https://pinpointcam.com,pinpointcam.com,pinpointcam@gmail.com,,Pembroke Park FL,machine shop,gmaps
bnhgenerators.com,https://bnhgenerators.com,bnhgenerators.com,info@bnhgenerators.com,,Pembroke Park FL,machine shop,gmaps
machinerymonsters.com,https://machinerymonsters.com,machinerymonsters.com,info@cranemonsters.com,,Pembroke Pines FL,machine shop,gmaps
kidsempire.com,https://kidsempire.com,kidsempire.com,privacy@kidsempire.us,,Pembroke Pines FL,machine shop,gmaps
stores.dhsequipmentparts.com,https://stores.dhsequipmentparts.com,stores.dhsequipmentparts.com,info@dhsequipment.com,,Pompano Beach FL,machine shop,gmaps
perinprecisionproducts.com,https://perinprecisionproducts.com,perinprecisionproducts.com,contact@perinprecisionproducts.com,,Pompano Beach FL,machine shop,gmaps
sanchezmachineshop.com,https://sanchezmachineshop.com,sanchezmachineshop.com,info@sanchezmachineshop.com,,Sea Ranch Lakes FL,machine shop,gmaps
southeasternmachineworks.net,https://southeasternmachineworks.net,southeasternmachineworks.net,southeasternmachineworks@gmail.com,,Sea Ranch Lakes FL,machine shop,gmaps
alivemiami.com,https://alivemiami.com,alivemiami.com,info@alivemiami.com,,South Miami FL,machine shop,gmaps
certusequip.com,https://certusequip.com,certusequip.com,info@certusequip.com,,South Miami FL,machine shop,gmaps
greenmachinetattoos.com,https://greenmachinetattoos.com,greenmachinetattoos.com,greenmachinetattoos@gmail.com,,South Miami FL,machine shop,gmaps
dickblick.com,https://dickblick.com,dickblick.com,wholesale@dickblick.com,,South Miami FL,machine shop,gmaps
puch.com,https://puch.com,puch.com,sales@puch.com,,Southwest Ranches FL,machine shop,gmaps
ausmanufacturing.com,https://ausmanufacturing.com,ausmanufacturing.com,jimmy@ausmanufacturing.com,,Southwest Ranches FL,machine shop,gmaps
akoyapediatricdentistry.com,https://akoyapediatricdentistry.com,akoyapediatricdentistry.com,akoyapediatricdentistry@gmail.com,,Southwest Ranches FL,machine shop,gmaps
jsentertainmentfl.com,https://jsentertainmentfl.com,jsentertainmentfl.com,typesetit@att.net,,Southwest Ranches FL,machine shop,gmaps
mymiamibeauty.com,https://mymiamibeauty.com,mymiamibeauty.com,mymiami.beauty@gmail.com,,Sunny Isles Beach FL,machine shop,gmaps
exclusivemensspa.com,https://exclusivemensspa.com,exclusivemensspa.com,lanaclassic78@yahoo.com,,Sunny Isles Beach FL,machine shop,gmaps
soleabrickellspa.com,https://soleabrickellspa.com,soleabrickellspa.com,info@soleabrickellspa.com,,Sunny Isles Beach FL,machine shop,gmaps
fpjourne.com,https://fpjourne.com,fpjourne.com,info@fpjourne.com,,Sunny Isles Beach FL,machine shop,gmaps
perfectionsurgery.com,https://perfectionsurgery.com,perfectionsurgery.com,jane@mail.com,,Sunny Isles Beach FL,machine shop,gmaps
manhattanlaserspa.com,https://manhattanlaserspa.com,manhattanlaserspa.com,florida@manhattanlaserspa.com,,Sunny Isles Beach FL,machine shop,gmaps
mariskinlaserclinic.com,https://mariskinlaserclinic.com,mariskinlaserclinic.com,mbadvancedbeauty@gmail.com,,Sunny Isles Beach FL,machine shop,gmaps
symmetryptmiami.com,https://symmetryptmiami.com,symmetryptmiami.com,admin@ptmiami.com,,Sunny Isles Beach FL,machine shop,gmaps
wingswellnessspa.com,https://wingswellnessspa.com,wingswellnessspa.com,wingswellnessspa@gmail.com,,Sunny Isles Beach FL,machine shop,gmaps
cityzero.com,https://cityzero.com,cityzero.com,example@qodeinteractive.com,,Sunny Isles Beach FL,machine shop,gmaps
cremagourmet.com,https://cremagourmet.com,cremagourmet.com,info@cremagourmet.com,,Sunny Isles Beach FL,machine shop,gmaps
beachplacesunnyisles.com,https://beachplacesunnyisles.com,beachplacesunnyisles.com,mgr@beachplacesi.com,,Sunny Isles Beach FL,machine shop,gmaps
yazoptical.com,https://yazoptical.com,yazoptical.com,info@yazoptical.com,,Sunny Isles Beach FL,machine shop,gmaps
technopackcorp.com,https://technopackcorp.com,technopackcorp.com,contact@technopackcorp.com,,Sunrise FL,machine shop,gmaps
acguns.com,https://acguns.com,acguns.com,service@acguns.com,,Sunrise FL,machine shop,gmaps
vedelivers.com,https://vedelivers.com,vedelivers.com,info@vedelivers.com,,Sunrise FL,machine shop,gmaps
