[20:40:05] roofing contractor | Miami FL | scraped 69, +34 leads | maps total: 34
[20:40:51] roofing contractor | Hialeah FL | scraped 72, +23 leads | maps total: 57
[20:41:21] roofing contractor | Miami Gardens FL | scraped 72, +19 leads | maps total: 76
[20:41:54] roofing contractor | Homestead FL | scraped 64, +34 leads | maps total: 110
[20:43:22] roofing contractor | Kendall FL | scraped 73, +33 leads | maps total: 143
[20:44:38] roofing contractor | Doral FL | scraped 68, +25 leads | maps total: 168
[20:45:13] roofing contractor | Coral Gables FL | scraped 67, +14 leads | maps total: 182
[20:46:00] roofing contractor | Fort Lauderdale FL | scraped 75, +37 leads | maps total: 219
[20:47:26] roofing contractor | Hollywood FL | scraped 70, +35 leads | maps total: 254
[20:48:43] roofing contractor | Pembroke Pines FL | scraped 69, +29 leads | maps total: 283
[20:49:28] roofing contractor | Pompano Beach FL | scraped 69, +40 leads | maps total: 323
[20:50:04] roofing contractor | Boca Raton FL | scraped 74, +28 leads | maps total: 351
[20:51:28] roofing contractor | Miramar FL | scraped 70, +11 leads | maps total: 362
[20:52:16] roofing contractor | Davie FL | scraped 76, +18 leads | maps total: 380
[20:52:52] roofing contractor | Sunrise FL | scraped 72, +28 leads | maps total: 408
[20:53:31] roofing contractor | Coral Springs FL | scraped 73, +26 leads | maps total: 434
[20:54:10] plumber | Miami FL | scraped 73, +45 leads | maps total: 479
[20:55:36] plumber | Hialeah FL | scraped 57, +21 leads | maps total: 500
[20:56:09] plumber | Miami Gardens FL | scraped 71, +19 leads | maps total: 519
[20:56:44] plumber | Homestead FL | scraped 71, +27 leads | maps total: 546
[20:57:19] plumber | Kendall FL | scraped 69, +16 leads | maps total: 562
[20:57:48] plumber | Doral FL | scraped 66, +10 leads | maps total: 572
[20:58:13] plumber | Coral Gables FL | scraped 61, +4 leads | maps total: 576
[20:59:35] plumber | Fort Lauderdale FL | scraped 75, +41 leads | maps total: 617
[21:00:15] plumber | Hollywood FL | scraped 77, +21 leads | maps total: 638
[21:00:41] plumber | Pembroke Pines FL | scraped 70, +10 leads | maps total: 648
[21:02:08] plumber | Pompano Beach FL | scraped 76, +23 leads | maps total: 671
[21:02:53] plumber | Boca Raton FL | scraped 72, +19 leads | maps total: 690
[21:18:20] plumber | Miramar FL | scraped 68, +0 leads | maps total: 690
[21:18:59] plumber | Davie FL | scraped 75, +8 leads | maps total: 698
[21:19:33] plumber | Sunrise FL | scraped 78, +14 leads | maps total: 712
[21:20:49] plumber | Coral Springs FL | scraped 78, +11 leads | maps total: 723
[21:24:52] hvac contractor | Miami FL | scraped 68, +34 leads | maps total: 757
[21:25:33] hvac contractor | Hialeah FL | scraped 72, +32 leads | maps total: 789
[21:26:12] hvac contractor | Miami Gardens FL | scraped 66, +22 leads | maps total: 811
[21:26:44] hvac contractor | Homestead FL | scraped 55, +19 leads | maps total: 830
[21:29:06] hvac contractor | Kendall FL | scraped 67, +34 leads | maps total: 864
[21:29:39] hvac contractor | Doral FL | scraped 69, +17 leads | maps total: 881
[21:30:15] roofing contractor | Aventura FL | scraped 71, +18 leads | maps total: 899
[21:30:47] roofing contractor | Bal Harbour FL | scraped 68, +16 leads | maps total: 915
[21:31:16] roofing contractor | Bay Harbor Islands FL | scraped 69, +14 leads | maps total: 929
[21:31:45] roofing contractor | Biscayne Park FL | scraped 72, +7 leads | maps total: 936
[21:32:07] roofing contractor | Boca Raton FL | scraped 75, +1 leads | maps total: 937
[21:32:43] roofing contractor | Boynton Beach FL | scraped 77, +37 leads | maps total: 974
[21:33:16] roofing contractor | Coconut Creek FL | scraped 71, +8 leads | maps total: 982
[21:33:42] roofing contractor | Coconut Grove FL | scraped 66, +3 leads | maps total: 985
[21:33:56] roofing contractor | Cooper City FL | scraped 12, +1 leads | maps total: 986
[21:34:20] roofing contractor | Coral Gables FL | scraped 69, +1 leads | maps total: 987
[21:34:43] roofing contractor | Coral Springs FL | scraped 74, +2 leads | maps total: 989
[21:35:06] roofing contractor | Coral Terrace FL | scraped 58, +1 leads | maps total: 990
[21:35:29] roofing contractor | Country Club FL | scraped 73, +3 leads | maps total: 993
[21:36:31] roofing contractor | Cutler Bay FL | scraped 61, +13 leads | maps total: 1006
[21:37:00] roofing contractor | Dania Beach FL | scraped 77, +6 leads | maps total: 1012
[21:37:23] roofing contractor | Davie FL | scraped 77, +1 leads | maps total: 1013
[21:37:52] roofing contractor | Deerfield Beach FL | scraped 75, +10 leads | maps total: 1023
[21:38:26] roofing contractor | Delray Beach FL | scraped 69, +20 leads | maps total: 1043
[21:38:48] roofing contractor | Doral FL | scraped 68, +0 leads | maps total: 1043
[21:39:59] roofing contractor | El Portal FL | scraped 74, +1 leads | maps total: 1044
[21:40:23] roofing contractor | Florida City FL | scraped 63, +1 leads | maps total: 1045
[21:40:46] roofing contractor | Fontainebleau FL | scraped 68, +1 leads | maps total: 1046
[21:41:13] roofing contractor | Fort Lauderdale FL | scraped 75, +0 leads | maps total: 1046
[21:41:24] roofing contractor | Golden Beach FL | scraped 3, +1 leads | maps total: 1047
[21:42:55] roofing contractor | Greenacres FL | scraped 73, +27 leads | maps total: 1074
[21:43:21] roofing contractor | Hallandale Beach FL | scraped 68, +11 leads | maps total: 1085
[21:43:44] roofing contractor | Hialeah FL | scraped 72, +1 leads | maps total: 1086
[21:45:42] roofing contractor | Hialeah Gardens FL | scraped 72, +9 leads | maps total: 1095
[21:46:19] roofing contractor | Hillsboro Beach FL | scraped 72, +8 leads | maps total: 1103
[21:46:41] roofing contractor | Hollywood FL | scraped 71, +2 leads | maps total: 1105
[21:47:03] roofing contractor | Homestead FL | scraped 64, +0 leads | maps total: 1105
[21:48:28] roofing contractor | Jupiter FL | scraped 77, +39 leads | maps total: 1144
[21:48:50] roofing contractor | Kendall FL | scraped 73, +0 leads | maps total: 1144
[21:49:14] roofing contractor | Key Biscayne FL | scraped 62, +7 leads | maps total: 1151
[21:49:52] roofing contractor | Lake Park FL | scraped 75, +29 leads | maps total: 1180
[21:50:17] roofing contractor | Lake Worth Beach FL | scraped 73, +10 leads | maps total: 1190
[21:51:40] roofing contractor | Lantana FL | scraped 81, +5 leads | maps total: 1195
[21:52:12] roofing contractor | Lauderdale Lakes FL | scraped 74, +9 leads | maps total: 1204
[21:52:46] roofing contractor | Lauderhill FL | scraped 73, +22 leads | maps total: 1226
[21:53:10] roofing contractor | Lighthouse Point FL | scraped 70, +2 leads | maps total: 1228
[21:53:45] roofing contractor | Margate FL | scraped 76, +7 leads | maps total: 1235
[21:54:17] roofing contractor | Medley FL | scraped 73, +6 leads | maps total: 1241
[21:54:39] roofing contractor | Miami FL | scraped 66, +0 leads | maps total: 1241
[21:55:06] roofing contractor | Miami Beach FL | scraped 71, +2 leads | maps total: 1243
[21:55:28] roofing contractor | Miami Gardens FL | scraped 72, +0 leads | maps total: 1243
[21:55:52] roofing contractor | Miami Lakes FL | scraped 75, +1 leads | maps total: 1244
[21:56:18] roofing contractor | Miami Shores FL | scraped 74, +1 leads | maps total: 1245
[21:56:40] roofing contractor | Miami Springs FL | scraped 76, +0 leads | maps total: 1245
[21:57:03] roofing contractor | Miramar FL | scraped 71, +1 leads | maps total: 1246
[21:57:26] roofing contractor | North Bay Village FL | scraped 74, +3 leads | maps total: 1249
[21:57:49] roofing contractor | North Lauderdale FL | scraped 36, +1 leads | maps total: 1250
[21:58:14] roofing contractor | North Miami FL | scraped 46, +0 leads | maps total: 1250
[22:02:32] roofing contractor | North Miami Beach FL | scraped 70, +8 leads | maps total: 1258
[22:03:58] roofing contractor | Oakland Park FL | scraped 77, +12 leads | maps total: 1270
[22:04:24] roofing contractor | Opa-locka FL | scraped 69, +3 leads | maps total: 1273
[22:04:54] roofing contractor | Palm Beach FL | scraped 67, +13 leads | maps total: 1286
[22:05:17] roofing contractor | Palm Beach Gardens FL | scraped 71, +5 leads | maps total: 1291
[22:05:52] roofing contractor | Palm Springs FL | scraped 75, +4 leads | maps total: 1295
[22:06:17] roofing contractor | Palmetto Bay FL | scraped 62, +7 leads | maps total: 1302
[22:06:41] roofing contractor | Parkland FL | scraped 77, +7 leads | maps total: 1309
[22:07:04] roofing contractor | Pembroke Park FL | scraped 76, +6 leads | maps total: 1315
[22:07:26] roofing contractor | Pembroke Pines FL | scraped 69, +0 leads | maps total: 1315
[22:07:55] roofing contractor | Pinecrest FL | scraped 63, +5 leads | maps total: 1320
[22:08:25] roofing contractor | Plantation FL | scraped 76, +3 leads | maps total: 1323
[22:08:53] roofing contractor | Pompano Beach FL | scraped 71, +1 leads | maps total: 1324
[22:09:22] roofing contractor | Riviera Beach FL | scraped 73, +3 leads | maps total: 1327
[22:09:46] roofing contractor | Royal Palm Beach FL | scraped 63, +6 leads | maps total: 1333
[22:09:54] roofing contractor | Sea Ranch Lakes FL | scraped 6, +0 leads | maps total: 1333
[22:10:21] roofing contractor | South Miami FL | scraped 63, +1 leads | maps total: 1334
[22:10:46] roofing contractor | Southwest Ranches FL | scraped 78, +0 leads | maps total: 1334
[22:11:13] roofing contractor | Sunny Isles Beach FL | scraped 61, +4 leads | maps total: 1338
[22:11:35] roofing contractor | Sunrise FL | scraped 73, +1 leads | maps total: 1339
[22:11:43] roofing contractor | Surfside FL | scraped 9, +0 leads | maps total: 1339
[22:12:22] roofing contractor | Sweetwater FL | scraped 73, +25 leads | maps total: 1364
[22:12:49] roofing contractor | Tamarac FL | scraped 71, +8 leads | maps total: 1372
[22:13:31] roofing contractor | Tamiami FL | scraped 68, +3 leads | maps total: 1375
[22:15:08] roofing contractor | The Hammocks FL | scraped 60, +9 leads | maps total: 1384
[22:15:16] roofing contractor | Virginia Gardens FL | scraped 7, +0 leads | maps total: 1384
[22:17:03] roofing contractor | Wellington FL | scraped 76, +8 leads | maps total: 1392
[22:17:27] roofing contractor | West Miami FL | scraped 66, +0 leads | maps total: 1392
[22:17:56] roofing contractor | West Park FL | scraped 81, +0 leads | maps total: 1392
[22:18:18] roofing contractor | Westchester FL | scraped 71, +0 leads | maps total: 1392
[22:19:12] roofing contractor | Weston FL | scraped 81, +6 leads | maps total: 1398
[22:21:10] roofing contractor | Wilton Manors FL | scraped 75, +5 leads | maps total: 1403
[22:21:51] plumber | Aventura FL | scraped 70, +8 leads | maps total: 1411
[22:23:14] plumber | Bal Harbour FL | scraped 54, +5 leads | maps total: 1416
[22:23:40] plumber | Bay Harbor Islands FL | scraped 57, +6 leads | maps total: 1422
[22:24:16] plumber | Biscayne Park FL | scraped 63, +2 leads | maps total: 1424
[22:40:13] plumber | Boca Raton FL | scraped 72, +0 leads | maps total: 1424
[22:45:26] plumber | Boynton Beach FL | scraped 77, +27 leads | maps total: 1451
[22:48:06] plumber | Coconut Creek FL | scraped 74, +2 leads | maps total: 1453
[22:50:28] plumber | Coconut Grove FL | scraped 63, +0 leads | maps total: 1453
[22:50:54] plumber | Cooper City FL | scraped 65, +8 leads | maps total: 1461
[22:52:12] plumber | Coral Gables FL | scraped 62, +0 leads | maps total: 1461
[22:52:38] plumber | Coral Springs FL | scraped 79, +1 leads | maps total: 1462
[22:53:41] plumber | Coral Terrace FL | scraped 60, +5 leads | maps total: 1467
[22:56:04] plumber | Country Club FL | scraped 63, +2 leads | maps total: 1469
[22:58:22] plumber | Cutler Bay FL | scraped 68, +4 leads | maps total: 1473
[22:59:31] plumber | Dania Beach FL | scraped 65, +1 leads | maps total: 1474
[22:59:54] plumber | Davie FL | scraped 75, +0 leads | maps total: 1474
[23:01:22] plumber | Deerfield Beach FL | scraped 75, +6 leads | maps total: 1480
[23:04:59] plumber | Delray Beach FL | scraped 73, +5 leads | maps total: 1485
[23:09:55] plumber | Doral FL | scraped 65, +0 leads | maps total: 1485
[23:10:19] plumber | El Portal FL | scraped 66, +2 leads | maps total: 1487
[23:25:49] plumber | Florida City FL | scraped 69, +7 leads | maps total: 1494
[23:26:13] plumber | Fontainebleau FL | scraped 65, +1 leads | maps total: 1495
[23:41:22] plumber | Fort Lauderdale FL | scraped 25, +0 leads | maps total: 1495
[23:41:49] plumber | Golden Beach FL | scraped 58, +1 leads | maps total: 1496
[00:00:24] plumber | Greenacres FL | scraped 61, +14 leads | maps total: 1510
[00:00:47] plumber | Hallandale Beach FL | scraped 71, +2 leads | maps total: 1512
[00:13:52] plumber | Hialeah FL | scraped 51, +0 leads | maps total: 1512
[00:14:18] plumber | Hialeah Gardens FL | scraped 46, +5 leads | maps total: 1517
[00:23:36] plumber | Hillsboro Beach FL | scraped 58, +3 leads | maps total: 1520
[00:23:58] plumber | Hollywood FL | scraped 76, +0 leads | maps total: 1520
[00:24:20] plumber | Homestead FL | scraped 71, +0 leads | maps total: 1520
[00:24:53] plumber | Jupiter FL | scraped 68, +14 leads | maps total: 1534
[00:25:15] plumber | Kendall FL | scraped 71, +0 leads | maps total: 1534
[00:25:47] plumber | Lake Park FL | scraped 74, +11 leads | maps total: 1545
[00:26:11] plumber | Lake Worth Beach FL | scraped 72, +2 leads | maps total: 1547
[00:26:21] plumber | Lantana FL | scraped 20, +1 leads | maps total: 1548
[00:26:44] plumber | Lauderdale Lakes FL | scraped 76, +0 leads | maps total: 1548
[00:27:16] plumber | Lauderhill FL | scraped 75, +3 leads | maps total: 1551
[00:27:39] plumber | Lighthouse Point FL | scraped 66, +1 leads | maps total: 1552
[00:28:03] plumber | Margate FL | scraped 66, +7 leads | maps total: 1559
[00:28:27] plumber | Medley FL | scraped 52, +3 leads | maps total: 1562
[00:28:49] plumber | Miami FL | scraped 73, +0 leads | maps total: 1562
[00:29:11] plumber | Miami Beach FL | scraped 63, +0 leads | maps total: 1562
[00:29:31] plumber | Miami Gardens FL | scraped 65, +0 leads | maps total: 1562
[00:29:56] plumber | Miami Lakes FL | scraped 67, +4 leads | maps total: 1566
[00:30:19] plumber | Miami Shores FL | scraped 66, +0 leads | maps total: 1566
[00:30:41] plumber | Miami Springs FL | scraped 64, +1 leads | maps total: 1567
[00:31:03] plumber | Miramar FL | scraped 67, +0 leads | maps total: 1567
[00:31:28] plumber | North Bay Village FL | scraped 59, +1 leads | maps total: 1568
[00:31:51] plumber | North Lauderdale FL | scraped 75, +0 leads | maps total: 1568
[00:32:16] plumber | North Miami FL | scraped 65, +3 leads | maps total: 1571
[00:32:39] plumber | North Miami Beach FL | scraped 64, +1 leads | maps total: 1572
[00:33:04] plumber | Oakland Park FL | scraped 76, +6 leads | maps total: 1578
[00:33:40] plumber | Opa-locka FL | scraped 59, +3 leads | maps total: 1581
[00:34:07] plumber | Palm Beach FL | scraped 71, +8 leads | maps total: 1589
[00:34:30] plumber | Palm Beach Gardens FL | scraped 72, +3 leads | maps total: 1592
[00:35:53] plumber | Palm Springs FL | scraped 65, +7 leads | maps total: 1599
[00:36:21] plumber | Palmetto Bay FL | scraped 65, +4 leads | maps total: 1603
[00:36:47] plumber | Parkland FL | scraped 71, +3 leads | maps total: 1606
[00:37:10] plumber | Pembroke Park FL | scraped 68, +1 leads | maps total: 1607
[00:37:32] plumber | Pembroke Pines FL | scraped 69, +0 leads | maps total: 1607
[00:37:54] plumber | Pinecrest FL | scraped 56, +0 leads | maps total: 1607
[00:38:18] plumber | Plantation FL | scraped 79, +1 leads | maps total: 1608
[00:38:40] plumber | Pompano Beach FL | scraped 75, +1 leads | maps total: 1609
[00:39:16] plumber | Riviera Beach FL | scraped 63, +7 leads | maps total: 1616
[00:39:42] plumber | Royal Palm Beach FL | scraped 58, +9 leads | maps total: 1625
[00:40:08] plumber | Sea Ranch Lakes FL | scraped 60, +5 leads | maps total: 1630
[00:40:30] plumber | South Miami FL | scraped 68, +0 leads | maps total: 1630
[00:40:53] plumber | Southwest Ranches FL | scraped 62, +4 leads | maps total: 1634
[00:41:15] plumber | Sunny Isles Beach FL | scraped 58, +2 leads | maps total: 1636
[00:41:38] plumber | Sunrise FL | scraped 78, +1 leads | maps total: 1637
[00:42:13] plumber | Surfside FL | scraped 57, +5 leads | maps total: 1642
[00:42:55] plumber | Sweetwater FL | scraped 59, +4 leads | maps total: 1646
[00:43:20] plumber | Tamarac FL | scraped 69, +2 leads | maps total: 1648
[00:43:48] plumber | Tamiami FL | scraped 57, +1 leads | maps total: 1649
[00:44:15] plumber | The Hammocks FL | scraped 59, +4 leads | maps total: 1653
[00:44:37] plumber | Virginia Gardens FL | scraped 60, +0 leads | maps total: 1653
[00:45:06] plumber | Wellington FL | scraped 68, +7 leads | maps total: 1660
[00:45:28] plumber | West Miami FL | scraped 66, +1 leads | maps total: 1661
[00:45:51] plumber | West Park FL | scraped 74, +3 leads | maps total: 1664
[00:46:13] plumber | Westchester FL | scraped 60, +0 leads | maps total: 1664
[00:46:36] plumber | Weston FL | scraped 71, +0 leads | maps total: 1664
[00:47:01] plumber | Wilton Manors FL | scraped 70, +4 leads | maps total: 1668
[00:47:33] hvac contractor | Aventura FL | scraped 67, +25 leads | maps total: 1693
[00:47:58] hvac contractor | Bal Harbour FL | scraped 11, +2 leads | maps total: 1695
[00:49:10] hvac contractor | Bay Harbor Islands FL | scraped 50, +5 leads | maps total: 1700
[00:50:15] hvac contractor | Biscayne Park FL | scraped 57, +6 leads | maps total: 1706
[00:50:54] hvac contractor | Boca Raton FL | scraped 65, +29 leads | maps total: 1735
[00:51:29] hvac contractor | Boynton Beach FL | scraped 66, +32 leads | maps total: 1767
[00:52:52] hvac contractor | Coconut Creek FL | scraped 77, +37 leads | maps total: 1804
[00:53:17] hvac contractor | Coconut Grove FL | scraped 59, +6 leads | maps total: 1810
[00:54:46] hvac contractor | Cooper City FL | scraped 60, +27 leads | maps total: 1837
[00:55:15] hvac contractor | Coral Gables FL | scraped 60, +4 leads | maps total: 1841
[00:56:01] hvac contractor | Coral Springs FL | scraped 75, +24 leads | maps total: 1865
[00:56:28] hvac contractor | Coral Terrace FL | scraped 58, +3 leads | maps total: 1868
[00:56:56] hvac contractor | Country Club FL | scraped 60, +6 leads | maps total: 1874
[00:57:34] hvac contractor | Cutler Bay FL | scraped 67, +10 leads | maps total: 1884
[00:58:04] hvac contractor | Dania Beach FL | scraped 67, +19 leads | maps total: 1903
[00:59:16] hvac contractor | Davie FL | scraped 70, +21 leads | maps total: 1924
[00:59:44] hvac contractor | Deerfield Beach FL | scraped 73, +22 leads | maps total: 1946
[01:00:15] hvac contractor | Delray Beach FL | scraped 78, +12 leads | maps total: 1958
[01:00:37] hvac contractor | Doral FL | scraped 67, +1 leads | maps total: 1959
[01:01:01] hvac contractor | El Portal FL | scraped 55, +2 leads | maps total: 1961
[01:01:35] hvac contractor | Florida City FL | scraped 53, +2 leads | maps total: 1963
[01:01:59] hvac contractor | Fontainebleau FL | scraped 56, +3 leads | maps total: 1966
[01:02:35] hvac contractor | Fort Lauderdale FL | scraped 76, +23 leads | maps total: 1989
[01:03:01] hvac contractor | Golden Beach FL | scraped 63, +5 leads | maps total: 1994
[01:04:12] hvac contractor | Greenacres FL | scraped 68, +26 leads | maps total: 2020
[01:05:34] hvac contractor | Hallandale Beach FL | scraped 72, +5 leads | maps total: 2025
[01:05:56] hvac contractor | Hialeah FL | scraped 68, +0 leads | maps total: 2025
[01:06:43] hvac contractor | Hialeah Gardens FL | scraped 59, +7 leads | maps total: 2032
[01:07:10] hvac contractor | Hillsboro Beach FL | scraped 61, +2 leads | maps total: 2034
[01:08:22] hvac contractor | Hollywood FL | scraped 73, +11 leads | maps total: 2045
[01:08:44] hvac contractor | Homestead FL | scraped 56, +0 leads | maps total: 2045
[01:10:08] hvac contractor | Jupiter FL | scraped 71, +33 leads | maps total: 2078
[01:10:33] hvac contractor | Kendall FL | scraped 65, +0 leads | maps total: 2078
[01:10:41] hvac contractor | Key Biscayne FL | scraped 12, +0 leads | maps total: 2078
[01:11:07] hvac contractor | Lake Park FL | scraped 68, +9 leads | maps total: 2087
[01:11:37] hvac contractor | Lake Worth Beach FL | scraped 62, +15 leads | maps total: 2102
[01:12:00] hvac contractor | Lantana FL | scraped 64, +2 leads | maps total: 2104
[01:13:24] hvac contractor | Lauderdale Lakes FL | scraped 72, +9 leads | maps total: 2113
[01:13:51] hvac contractor | Lauderhill FL | scraped 69, +11 leads | maps total: 2124
[01:14:26] hvac contractor | Lighthouse Point FL | scraped 71, +9 leads | maps total: 2133
[01:14:52] hvac contractor | Margate FL | scraped 77, +6 leads | maps total: 2139
[01:15:19] hvac contractor | Medley FL | scraped 62, +6 leads | maps total: 2145
[01:15:41] hvac contractor | Miami FL | scraped 66, +1 leads | maps total: 2146
[01:16:06] hvac contractor | Miami Beach FL | scraped 62, +4 leads | maps total: 2150
[01:16:28] hvac contractor | Miami Gardens FL | scraped 66, +1 leads | maps total: 2151
[01:16:52] hvac contractor | Miami Lakes FL | scraped 72, +2 leads | maps total: 2153
[01:17:15] hvac contractor | Miami Shores FL | scraped 63, +2 leads | maps total: 2155
[01:17:38] hvac contractor | Miami Springs FL | scraped 67, +1 leads | maps total: 2156
[01:18:12] hvac contractor | Miramar FL | scraped 60, +10 leads | maps total: 2166
[01:18:34] hvac contractor | North Bay Village FL | scraped 58, +0 leads | maps total: 2166
[01:19:21] hvac contractor | North Lauderdale FL | scraped 77, +3 leads | maps total: 2169
[01:19:44] hvac contractor | North Miami FL | scraped 68, +11 leads | maps total: 2180
[01:20:10] hvac contractor | North Miami Beach FL | scraped 63, +1 leads | maps total: 2181
[01:20:42] hvac contractor | Oakland Park FL | scraped 68, +5 leads | maps total: 2186
[01:21:07] hvac contractor | Opa-locka FL | scraped 63, +4 leads | maps total: 2190
[01:21:35] hvac contractor | Palm Beach FL | scraped 73, +19 leads | maps total: 2209
[01:21:59] hvac contractor | Palm Beach Gardens FL | scraped 80, +5 leads | maps total: 2214
[01:22:40] hvac contractor | Palm Springs FL | scraped 64, +8 leads | maps total: 2222
[01:24:16] hvac contractor | Palmetto Bay FL | scraped 60, +6 leads | maps total: 2228
[01:24:40] hvac contractor | Parkland FL | scraped 64, +3 leads | maps total: 2231
[01:25:14] hvac contractor | Pembroke Park FL | scraped 67, +3 leads | maps total: 2234
[01:25:40] hvac contractor | Pembroke Pines FL | scraped 64, +5 leads | maps total: 2239
[01:26:05] hvac contractor | Pinecrest FL | scraped 51, +3 leads | maps total: 2242
[01:26:34] hvac contractor | Plantation FL | scraped 69, +9 leads | maps total: 2251
[01:27:09] hvac contractor | Pompano Beach FL | scraped 77, +6 leads | maps total: 2257
[01:27:37] hvac contractor | Riviera Beach FL | scraped 71, +8 leads | maps total: 2265
[01:28:05] hvac contractor | Royal Palm Beach FL | scraped 68, +12 leads | maps total: 2277
[01:28:37] hvac contractor | Sea Ranch Lakes FL | scraped 61, +12 leads | maps total: 2289
[01:29:00] hvac contractor | South Miami FL | scraped 68, +4 leads | maps total: 2293
[01:29:27] hvac contractor | Southwest Ranches FL | scraped 61, +6 leads | maps total: 2299
[01:29:50] hvac contractor | Sunny Isles Beach FL | scraped 58, +2 leads | maps total: 2301
[01:30:18] hvac contractor | Sunrise FL | scraped 76, +9 leads | maps total: 2310
[01:31:29] hvac contractor | Surfside FL | scraped 60, +2 leads | maps total: 2312
[01:33:17] hvac contractor | Sweetwater FL | scraped 62, +5 leads | maps total: 2317
[01:35:19] hvac contractor | Tamarac FL | scraped 73, +3 leads | maps total: 2320
[01:36:30] hvac contractor | Tamiami FL | scraped 64, +3 leads | maps total: 2323
[01:37:41] hvac contractor | The Hammocks FL | scraped 65, +8 leads | maps total: 2331
[01:38:04] hvac contractor | Virginia Gardens FL | scraped 59, +1 leads | maps total: 2332
[01:38:36] hvac contractor | Wellington FL | scraped 72, +6 leads | maps total: 2338
[01:38:58] hvac contractor | West Miami FL | scraped 61, +0 leads | maps total: 2338
[01:39:27] hvac contractor | West Park FL | scraped 66, +3 leads | maps total: 2341
[01:39:50] hvac contractor | Westchester FL | scraped 60, +2 leads | maps total: 2343
[01:40:37] hvac contractor | Weston FL | scraped 64, +7 leads | maps total: 2350
[01:41:04] hvac contractor | Wilton Manors FL | scraped 65, +5 leads | maps total: 2355
[01:41:32] air conditioning repair | Aventura FL | scraped 59, +4 leads | maps total: 2359
[01:41:57] air conditioning repair | Bal Harbour FL | scraped 52, +5 leads | maps total: 2364
[01:42:58] air conditioning repair | Bay Harbor Islands FL | scraped 60, +3 leads | maps total: 2367
[01:43:22] air conditioning repair | Biscayne Park FL | scraped 62, +2 leads | maps total: 2369
[01:43:45] air conditioning repair | Boca Raton FL | scraped 69, +4 leads | maps total: 2373
[01:45:07] air conditioning repair | Boynton Beach FL | scraped 72, +2 leads | maps total: 2375
[01:45:33] air conditioning repair | Coconut Creek FL | scraped 79, +3 leads | maps total: 2378
[01:45:58] air conditioning repair | Coconut Grove FL | scraped 52, +2 leads | maps total: 2380
[01:46:26] air conditioning repair | Cooper City FL | scraped 55, +1 leads | maps total: 2381
[01:46:50] air conditioning repair | Coral Gables FL | scraped 57, +7 leads | maps total: 2388
[01:47:15] air conditioning repair | Coral Springs FL | scraped 80, +4 leads | maps total: 2392
[01:47:37] air conditioning repair | Coral Terrace FL | scraped 62, +0 leads | maps total: 2392
[01:48:01] air conditioning repair | Country Club FL | scraped 74, +0 leads | maps total: 2392
[01:49:31] air conditioning repair | Cutler Bay FL | scraped 58, +3 leads | maps total: 2395
[01:49:57] air conditioning repair | Dania Beach FL | scraped 74, +4 leads | maps total: 2399
[01:50:32] air conditioning repair | Davie FL | scraped 70, +3 leads | maps total: 2402
[01:50:57] air conditioning repair | Deerfield Beach FL | scraped 72, +2 leads | maps total: 2404
[01:51:25] air conditioning repair | Delray Beach FL | scraped 77, +5 leads | maps total: 2409
[01:51:55] air conditioning repair | Doral FL | scraped 64, +7 leads | maps total: 2416
[01:52:21] air conditioning repair | El Portal FL | scraped 60, +0 leads | maps total: 2416
[01:52:46] air conditioning repair | Florida City FL | scraped 53, +2 leads | maps total: 2418
[01:53:21] air conditioning repair | Fontainebleau FL | scraped 66, +2 leads | maps total: 2420
[01:53:49] air conditioning repair | Fort Lauderdale FL | scraped 78, +5 leads | maps total: 2425
[01:54:11] air conditioning repair | Golden Beach FL | scraped 70, +0 leads | maps total: 2425
[01:54:39] air conditioning repair | Greenacres FL | scraped 66, +9 leads | maps total: 2434
[01:55:14] air conditioning repair | Hallandale Beach FL | scraped 69, +2 leads | maps total: 2436
[01:55:42] air conditioning repair | Hialeah FL | scraped 66, +12 leads | maps total: 2520
[01:56:05] air conditioning repair | Hialeah Gardens FL | scraped 60, +2 leads | maps total: 2522
[01:56:30] air conditioning repair | Hillsboro Beach FL | scraped 55, +9 leads | maps total: 2531
[01:56:55] air conditioning repair | Hollywood FL | scraped 73, +5 leads | maps total: 2536
[01:57:57] air conditioning repair | Homestead FL | scraped 59, +12 leads | maps total: 2548
[01:58:27] air conditioning repair | Jupiter FL | scraped 72, +16 leads | maps total: 2564
[01:58:55] air conditioning repair | Kendall FL | scraped 61, +2 leads | maps total: 2566
[01:59:20] air conditioning repair | Key Biscayne FL | scraped 53, +5 leads | maps total: 2571
[01:59:44] air conditioning repair | Lake Park FL | scraped 78, +1 leads | maps total: 2572
[02:00:10] air conditioning repair | Lake Worth Beach FL | scraped 61, +2 leads | maps total: 2574
[02:00:35] air conditioning repair | Lantana FL | scraped 67, +5 leads | maps total: 2579
[02:00:59] air conditioning repair | Lauderdale Lakes FL | scraped 81, +1 leads | maps total: 2580
[02:01:24] air conditioning repair | Lauderhill FL | scraped 69, +1 leads | maps total: 2581
[02:01:46] air conditioning repair | Lighthouse Point FL | scraped 71, +1 leads | maps total: 2582
[02:02:41] air conditioning repair | Margate FL | scraped 76, +3 leads | maps total: 2585
[02:03:06] air conditioning repair | Medley FL | scraped 64, +1 leads | maps total: 2586
[02:03:28] air conditioning repair | Miami FL | scraped 62, +0 leads | maps total: 2586
[02:03:50] air conditioning repair | Miami Beach FL | scraped 62, +0 leads | maps total: 2586
[02:05:05] air conditioning repair | Miami Gardens FL | scraped 65, +1 leads | maps total: 2587
[02:05:27] air conditioning repair | Miami Lakes FL | scraped 68, +1 leads | maps total: 2588
[02:05:50] air conditioning repair | Miami Shores FL | scraped 60, +0 leads | maps total: 2588
[02:06:12] air conditioning repair | Miami Springs FL | scraped 65, +0 leads | maps total: 2588
[02:06:41] air conditioning repair | Miramar FL | scraped 54, +2 leads | maps total: 2590
[02:07:03] air conditioning repair | North Bay Village FL | scraped 66, +0 leads | maps total: 2590
[02:07:25] air conditioning repair | North Lauderdale FL | scraped 82, +0 leads | maps total: 2590
[02:07:48] air conditioning repair | North Miami FL | scraped 69, +0 leads | maps total: 2590
[02:08:16] air conditioning repair | North Miami Beach FL | scraped 67, +1 leads | maps total: 2591
[02:08:43] air conditioning repair | Oakland Park FL | scraped 63, +3 leads | maps total: 2594
[02:09:07] air conditioning repair | Opa-locka FL | scraped 54, +5 leads | maps total: 2599
[02:09:30] air conditioning repair | Palm Beach FL | scraped 77, +3 leads | maps total: 2602
[02:09:55] air conditioning repair | Palm Beach Gardens FL | scraped 73, +1 leads | maps total: 2603
[02:10:18] air conditioning repair | Palm Springs FL | scraped 68, +1 leads | maps total: 2604
[02:11:43] air conditioning repair | Palmetto Bay FL | scraped 64, +9 leads | maps total: 2613
[02:12:06] air conditioning repair | Parkland FL | scraped 66, +5 leads | maps total: 2618
[02:12:31] air conditioning repair | Pembroke Park FL | scraped 70, +3 leads | maps total: 2621
[02:13:04] air conditioning repair | Pembroke Pines FL | scraped 65, +3 leads | maps total: 2624
[02:13:28] air conditioning repair | Pinecrest FL | scraped 67, +2 leads | maps total: 2626
[02:14:04] air conditioning repair | Plantation FL | scraped 75, +2 leads | maps total: 2628
[02:14:17] air conditioning repair | Pompano Beach FL | scraped 37, +0 leads | maps total: 2628
[02:14:41] air conditioning repair | Riviera Beach FL | scraped 77, +1 leads | maps total: 2629
[02:15:04] air conditioning repair | Royal Palm Beach FL | scraped 67, +1 leads | maps total: 2630
[02:15:29] air conditioning repair | Sea Ranch Lakes FL | scraped 69, +1 leads | maps total: 2631
[02:15:51] air conditioning repair | South Miami FL | scraped 69, +0 leads | maps total: 2631
[02:16:13] air conditioning repair | Southwest Ranches FL | scraped 55, +0 leads | maps total: 2631
[02:16:37] air conditioning repair | Sunny Isles Beach FL | scraped 67, +2 leads | maps total: 2633
[02:17:04] air conditioning repair | Sunrise FL | scraped 67, +2 leads | maps total: 2635
[02:17:26] air conditioning repair | Surfside FL | scraped 58, +0 leads | maps total: 2635
[02:17:52] air conditioning repair | Sweetwater FL | scraped 62, +7 leads | maps total: 2642
[02:18:22] air conditioning repair | Tamarac FL | scraped 69, +3 leads | maps total: 2645
[02:18:45] air conditioning repair | Tamiami FL | scraped 61, +3 leads | maps total: 2648
[02:19:13] air conditioning repair | The Hammocks FL | scraped 70, +9 leads | maps total: 2657
[02:19:36] air conditioning repair | Virginia Gardens FL | scraped 69, +0 leads | maps total: 2657
[02:20:18] air conditioning repair | Wellington FL | scraped 70, +3 leads | maps total: 2660
[02:20:44] air conditioning repair | West Miami FL | scraped 72, +0 leads | maps total: 2660
[02:21:06] air conditioning repair | West Park FL | scraped 65, +0 leads | maps total: 2660
[02:21:29] air conditioning repair | Westchester FL | scraped 59, +0 leads | maps total: 2660
[02:21:54] air conditioning repair | Weston FL | scraped 62, +3 leads | maps total: 2663
[02:22:21] air conditioning repair | Wilton Manors FL | scraped 66, +3 leads | maps total: 2666
[02:22:37] auto repair shop | Aventura FL | scraped 18, +3 leads | maps total: 2669
[02:24:02] auto repair shop | Bal Harbour FL | scraped 59, +23 leads | maps total: 2692
[02:24:42] auto repair shop | Biscayne Park FL | scraped 52, +12 leads | maps total: 2704
[02:25:26] auto repair shop | Boca Raton FL | scraped 62, +27 leads | maps total: 2731
[02:26:23] auto repair shop | Boynton Beach FL | scraped 57, +20 leads | maps total: 2751
[02:27:37] auto repair shop | Coconut Creek FL | scraped 66, +16 leads | maps total: 2767
[02:28:18] auto repair shop | Coconut Grove FL | scraped 59, +15 leads | maps total: 2782
[02:28:51] auto repair shop | Cooper City FL | scraped 69, +25 leads | maps total: 2807
[02:29:19] auto repair shop | Coral Gables FL | scraped 61, +9 leads | maps total: 2816
[02:29:48] auto repair shop | Coral Springs FL | scraped 62, +7 leads | maps total: 2823
[02:30:17] auto repair shop | Coral Terrace FL | scraped 60, +15 leads | maps total: 2838
[02:30:48] auto repair shop | Country Club FL | scraped 55, +11 leads | maps total: 2849
[02:31:18] auto repair shop | Cutler Bay FL | scraped 41, +14 leads | maps total: 2863
[02:32:04] auto repair shop | Dania Beach FL | scraped 53, +11 leads | maps total: 2874
[02:33:29] auto repair shop | Davie FL | scraped 58, +16 leads | maps total: 2890
[02:34:04] auto repair shop | Deerfield Beach FL | scraped 49, +10 leads | maps total: 2900
[02:34:52] auto repair shop | Delray Beach FL | scraped 46, +11 leads | maps total: 2911
[02:35:02] auto repair shop | Doral FL | scraped 16, +5 leads | maps total: 2916
[02:35:27] auto repair shop | El Portal FL | scraped 53, +3 leads | maps total: 2919
[02:36:00] auto repair shop | Florida City FL | scraped 30, +6 leads | maps total: 2925
[02:36:38] auto repair shop | Fontainebleau FL | scraped 50, +9 leads | maps total: 2934
[02:37:24] auto repair shop | Fort Lauderdale FL | scraped 55, +15 leads | maps total: 2949
[02:37:50] auto repair shop | Golden Beach FL | scraped 43, +12 leads | maps total: 2961
[02:38:35] auto repair shop | Greenacres FL | scraped 60, +16 leads | maps total: 2977
[02:39:01] auto repair shop | Hallandale Beach FL | scraped 51, +13 leads | maps total: 2990
[02:39:33] auto repair shop | Hialeah FL | scraped 32, +7 leads | maps total: 2997
[02:40:03] auto repair shop | Hialeah Gardens FL | scraped 22, +4 leads | maps total: 3001
[02:41:21] auto repair shop | Hillsboro Beach FL | scraped 72, +17 leads | maps total: 3018
[02:42:01] auto repair shop | Hollywood FL | scraped 56, +5 leads | maps total: 3023
[02:43:12] auto repair shop | Homestead FL | scraped 33, +5 leads | maps total: 3028
[02:43:46] auto repair shop | Jupiter FL | scraped 64, +15 leads | maps total: 3043
[02:44:22] auto repair shop | Kendall FL | scraped 54, +16 leads | maps total: 3059
[02:44:31] auto repair shop | Key Biscayne FL | scraped 4, +2 leads | maps total: 3061
[02:44:57] auto repair shop | Lake Park FL | scraped 39, +11 leads | maps total: 3072
[02:45:35] auto repair shop | Lake Worth Beach FL | scraped 36, +6 leads | maps total: 3078
[02:46:56] auto repair shop | Lantana FL | scraped 46, +7 leads | maps total: 3085
[02:47:24] auto repair shop | Lauderdale Lakes FL | scraped 52, +8 leads | maps total: 3093
[02:47:41] auto repair shop | Lauderhill FL | scraped 31, +5 leads | maps total: 3098
[02:48:08] auto repair shop | Lighthouse Point FL | scraped 55, +10 leads | maps total: 3108
[02:50:06] auto repair shop | Margate FL | scraped 49, +12 leads | maps total: 3120
[02:51:30] auto repair shop | Medley FL | scraped 42, +7 leads | maps total: 3127
[02:52:18] auto repair shop | Miami FL | scraped 57, +6 leads | maps total: 3133
[02:53:06] auto repair shop | Miami Beach FL | scraped 64, +12 leads | maps total: 3145
[02:53:31] auto repair shop | Miami Gardens FL | scraped 69, +6 leads | maps total: 3151
[02:54:18] auto repair shop | Miami Lakes FL | scraped 53, +7 leads | maps total: 3158
[02:54:28] auto repair shop | Miami Shores FL | scraped 22, +0 leads | maps total: 3158
[02:54:51] auto repair shop | Miami Springs FL | scraped 46, +2 leads | maps total: 3160
[02:55:25] auto repair shop | Miramar FL | scraped 52, +10 leads | maps total: 3170
[02:55:51] auto repair shop | North Bay Village FL | scraped 55, +4 leads | maps total: 3174
[02:56:35] auto repair shop | North Lauderdale FL | scraped 35, +1 leads | maps total: 3175
[02:57:05] auto repair shop | North Miami FL | scraped 49, +2 leads | maps total: 3177
[02:57:31] auto repair shop | North Miami Beach FL | scraped 59, +0 leads | maps total: 3177
[02:58:12] auto repair shop | Oakland Park FL | scraped 55, +11 leads | maps total: 3188
[02:58:39] auto repair shop | Opa-locka FL | scraped 30, +14 leads | maps total: 3202
[02:59:10] auto repair shop | Palm Beach FL | scraped 54, +11 leads | maps total: 3213
[02:59:37] auto repair shop | Palm Beach Gardens FL | scraped 67, +6 leads | maps total: 3219
[02:59:48] auto repair shop | Palm Springs FL | scraped 11, +0 leads | maps total: 3219
[03:00:57] auto repair shop | Palmetto Bay FL | scraped 42, +4 leads | maps total: 3223
[03:02:08] auto repair shop | Parkland FL | scraped 74, +12 leads | maps total: 3235
[03:02:34] auto repair shop | Pembroke Park FL | scraped 39, +6 leads | maps total: 3241
[03:03:02] auto repair shop | Pembroke Pines FL | scraped 69, +4 leads | maps total: 3245
[03:03:24] auto repair shop | Pinecrest FL | scraped 38, +10 leads | maps total: 3255
[03:04:09] auto repair shop | Plantation FL | scraped 58, +6 leads | maps total: 3261
[03:05:24] auto repair shop | Pompano Beach FL | scraped 59, +8 leads | maps total: 3269
[03:06:39] auto repair shop | Riviera Beach FL | scraped 54, +14 leads | maps total: 3283
[03:07:09] auto repair shop | Royal Palm Beach FL | scraped 61, +8 leads | maps total: 3291
[03:07:37] auto repair shop | Sea Ranch Lakes FL | scraped 55, +13 leads | maps total: 3304
[03:08:01] auto repair shop | South Miami FL | scraped 63, +4 leads | maps total: 3308
[03:08:30] auto repair shop | Southwest Ranches FL | scraped 66, +10 leads | maps total: 3318
[03:08:57] auto repair shop | Sunny Isles Beach FL | scraped 59, +13 leads | maps total: 3331
[03:10:23] auto repair shop | Sunrise FL | scraped 57, +7 leads | maps total: 3338
[03:11:45] auto repair shop | Surfside FL | scraped 47, +14 leads | maps total: 3352
[03:12:19] auto repair shop | Sweetwater FL | scraped 61, +14 leads | maps total: 3366
[03:12:44] auto repair shop | Tamarac FL | scraped 60, +2 leads | maps total: 3368
[03:13:14] auto repair shop | Tamiami FL | scraped 41, +3 leads | maps total: 3371
[03:14:27] auto repair shop | The Hammocks FL | scraped 51, +10 leads | maps total: 3381
[03:14:52] auto repair shop | Virginia Gardens FL | scraped 2, +0 leads | maps total: 3381
[03:15:23] auto repair shop | Wellington FL | scraped 59, +4 leads | maps total: 3385
[03:15:52] auto repair shop | West Miami FL | scraped 51, +3 leads | maps total: 3388
[03:16:22] auto repair shop | West Park FL | scraped 29, +10 leads | maps total: 3398
[03:17:44] auto repair shop | Westchester FL | scraped 45, +2 leads | maps total: 3400
[03:18:11] auto repair shop | Weston FL | scraped 58, +12 leads | maps total: 3412
[03:18:47] auto repair shop | Wilton Manors FL | scraped 57, +5 leads | maps total: 3417
[03:19:17] auto body shop | Aventura FL | scraped 38, +3 leads | maps total: 3420
[03:19:42] auto body shop | Bal Harbour FL | scraped 69, +6 leads | maps total: 3426
[03:19:50] auto body shop | Bay Harbor Islands FL | scraped 1, +0 leads | maps total: 3426
[03:20:37] auto body shop | Biscayne Park FL | scraped 46, +8 leads | maps total: 3434
[03:21:05] auto body shop | Boca Raton FL | scraped 55, +9 leads | maps total: 3443
[03:21:27] auto body shop | Boynton Beach FL | scraped 41, +2 leads | maps total: 3445
[03:22:02] auto body shop | Coconut Creek FL | scraped 59, +9 leads | maps total: 3454
[03:22:39] auto body shop | Coconut Grove FL | scraped 49, +9 leads | maps total: 3463
[03:23:07] auto body shop | Cooper City FL | scraped 70, +6 leads | maps total: 3469
[03:23:34] auto body shop | Coral Gables FL | scraped 46, +1 leads | maps total: 3470
[03:23:47] auto body shop | Coral Springs FL | scraped 17, +1 leads | maps total: 3471
[03:24:14] auto body shop | Coral Terrace FL | scraped 44, +1 leads | maps total: 3472
[03:24:39] auto body shop | Country Club FL | scraped 45, +5 leads | maps total: 3477
[03:25:02] auto body shop | Cutler Bay FL | scraped 37, +5 leads | maps total: 3482
[03:25:30] auto body shop | Dania Beach FL | scraped 47, +8 leads | maps total: 3490
[03:25:54] auto body shop | Davie FL | scraped 46, +4 leads | maps total: 3494
[03:26:19] auto body shop | Deerfield Beach FL | scraped 59, +7 leads | maps total: 3501
[03:26:45] auto body shop | Delray Beach FL | scraped 61, +3 leads | maps total: 3504
[03:27:56] auto body shop | Doral FL | scraped 52, +4 leads | maps total: 3508
[03:28:22] auto body shop | El Portal FL | scraped 38, +2 leads | maps total: 3510
[03:28:31] auto body shop | Florida City FL | scraped 8, +0 leads | maps total: 3510
[03:28:53] auto body shop | Fontainebleau FL | scraped 47, +0 leads | maps total: 3510
[03:30:04] auto body shop | Fort Lauderdale FL | scraped 59, +7 leads | maps total: 3517
[03:30:37] auto body shop | Golden Beach FL | scraped 59, +8 leads | maps total: 3525
[03:31:08] auto body shop | Greenacres FL | scraped 60, +8 leads | maps total: 3533
[03:31:30] auto body shop | Hallandale Beach FL | scraped 35, +1 leads | maps total: 3534
[03:32:21] auto body shop | Hialeah FL | scraped 32, +4 leads | maps total: 3538
[03:32:46] auto body shop | Hialeah Gardens FL | scraped 25, +2 leads | maps total: 3540
[03:33:16] auto body shop | Hillsboro Beach FL | scraped 72, +8 leads | maps total: 3548
[03:33:40] auto body shop | Hollywood FL | scraped 49, +0 leads | maps total: 3548
[03:34:11] auto body shop | Homestead FL | scraped 45, +3 leads | maps total: 3551
[03:34:33] auto body shop | Jupiter FL | scraped 28, +1 leads | maps total: 3552
[03:34:56] auto body shop | Kendall FL | scraped 54, +5 leads | maps total: 3557
[03:35:06] auto body shop | Key Biscayne FL | scraped 19, +0 leads | maps total: 3557
[03:35:45] auto body shop | Lake Park FL | scraped 56, +10 leads | maps total: 3567
[03:36:56] auto body shop | Lake Worth Beach FL | scraped 47, +5 leads | maps total: 3572
[03:37:22] auto body shop | Lantana FL | scraped 50, +3 leads | maps total: 3575
[03:37:46] auto body shop | Lauderdale Lakes FL | scraped 49, +3 leads | maps total: 3578
[03:37:58] auto body shop | Lauderhill FL | scraped 12, +0 leads | maps total: 3578
[03:38:09] auto body shop | Lighthouse Point FL | scraped 19, +0 leads | maps total: 3578
[03:38:37] auto body shop | Margate FL | scraped 60, +2 leads | maps total: 3580
[03:39:05] auto body shop | Medley FL | scraped 36, +2 leads | maps total: 3582
[03:39:33] auto body shop | Miami FL | scraped 48, +1 leads | maps total: 3583
[03:39:55] auto body shop | Miami Beach FL | scraped 47, +0 leads | maps total: 3583
[03:40:24] auto body shop | Miami Gardens FL | scraped 45, +1 leads | maps total: 3584
[03:40:46] auto body shop | Miami Lakes FL | scraped 50, +0 leads | maps total: 3584
[03:41:09] auto body shop | Miami Shores FL | scraped 46, +0 leads | maps total: 3584
[03:41:34] auto body shop | Miami Springs FL | scraped 41, +0 leads | maps total: 3584
[03:41:58] auto body shop | Miramar FL | scraped 45, +1 leads | maps total: 3585
[03:42:24] auto body shop | North Bay Village FL | scraped 49, +5 leads | maps total: 3590
[03:42:47] auto body shop | North Lauderdale FL | scraped 56, +2 leads | maps total: 3592
[03:43:09] auto body shop | North Miami FL | scraped 47, +0 leads | maps total: 3592
[03:43:31] auto body shop | North Miami Beach FL | scraped 54, +1 leads | maps total: 3593
[03:43:57] auto body shop | Oakland Park FL | scraped 53, +4 leads | maps total: 3597
[03:44:24] auto body shop | Opa-locka FL | scraped 28, +2 leads | maps total: 3599
[03:44:49] auto body shop | Palm Beach FL | scraped 51, +5 leads | maps total: 3604
[03:45:37] auto body shop | Palm Beach Gardens FL | scraped 55, +0 leads | maps total: 3604
[03:46:02] auto body shop | Palm Springs FL | scraped 54, +6 leads | maps total: 3610
[03:46:11] auto body shop | Palmetto Bay FL | scraped 14, +0 leads | maps total: 3610
[03:46:19] auto body shop | Parkland FL | scraped 8, +0 leads | maps total: 3610
[03:46:44] auto body shop | Pembroke Park FL | scraped 41, +3 leads | maps total: 3613
[03:47:12] auto body shop | Pembroke Pines FL | scraped 65, +0 leads | maps total: 3613
[03:47:36] auto body shop | Pinecrest FL | scraped 64, +4 leads | maps total: 3617
[03:47:58] auto body shop | Plantation FL | scraped 50, +0 leads | maps total: 3617
[03:48:25] auto body shop | Pompano Beach FL | scraped 57, +2 leads | maps total: 3619
[03:48:52] auto body shop | Riviera Beach FL | scraped 43, +2 leads | maps total: 3621
[03:49:14] auto body shop | Royal Palm Beach FL | scraped 58, +2 leads | maps total: 3623
[03:49:36] auto body shop | Sea Ranch Lakes FL | scraped 54, +0 leads | maps total: 3623
[03:50:01] auto body shop | South Miami FL | scraped 48, +1 leads | maps total: 3624
[03:50:30] auto body shop | Southwest Ranches FL | scraped 62, +8 leads | maps total: 3632
[03:50:53] auto body shop | Sunny Isles Beach FL | scraped 59, +0 leads | maps total: 3632
[03:51:02] auto body shop | Sunrise FL | scraped 14, +0 leads | maps total: 3632
[03:51:16] auto body shop | Surfside FL | scraped 13, +1 leads | maps total: 3633
[03:51:25] auto body shop | Sweetwater FL | scraped 15, +0 leads | maps total: 3633
[03:51:39] auto body shop | Tamarac FL | scraped 26, +0 leads | maps total: 3633
[03:52:06] auto body shop | Tamiami FL | scraped 50, +1 leads | maps total: 3634
[03:52:29] auto body shop | The Hammocks FL | scraped 41, +2 leads | maps total: 3636
[03:52:55] auto body shop | Virginia Gardens FL | scraped 55, +2 leads | maps total: 3638
[03:53:03] auto body shop | Wellington FL | scraped 7, +0 leads | maps total: 3638
[03:53:25] auto body shop | West Miami FL | scraped 49, +0 leads | maps total: 3638
[03:53:47] auto body shop | West Park FL | scraped 35, +1 leads | maps total: 3639
[03:54:10] auto body shop | Westchester FL | scraped 47, +1 leads | maps total: 3640
[03:54:34] auto body shop | Weston FL | scraped 60, +2 leads | maps total: 3642
[03:55:27] upholstery shop | Aventura FL | scraped 40, +21 leads | maps total: 3663
[03:56:04] upholstery shop | Bal Harbour FL | scraped 62, +32 leads | maps total: 3695
[03:56:35] upholstery shop | Bay Harbor Islands FL | scraped 43, +5 leads | maps total: 3700
[03:57:00] upholstery shop | Biscayne Park FL | scraped 50, +10 leads | maps total: 3710
[03:58:12] upholstery shop | Boca Raton FL | scraped 51, +28 leads | maps total: 3738
[03:58:31] upholstery shop | Boynton Beach FL | scraped 25, +8 leads | maps total: 3746
[03:59:53] upholstery shop | Coconut Creek FL | scraped 61, +23 leads | maps total: 3769
[04:00:27] upholstery shop | Coconut Grove FL | scraped 58, +19 leads | maps total: 3788
[04:00:55] upholstery shop | Cooper City FL | scraped 51, +17 leads | maps total: 3805
[04:01:19] upholstery shop | Coral Gables FL | scraped 55, +6 leads | maps total: 3811
[04:01:49] upholstery shop | Coral Springs FL | scraped 45, +7 leads | maps total: 3818
[04:02:36] upholstery shop | Coral Terrace FL | scraped 55, +4 leads | maps total: 3822
[04:03:11] upholstery shop | Country Club FL | scraped 48, +2 leads | maps total: 3824
[04:04:33] upholstery shop | Cutler Bay FL | scraped 47, +3 leads | maps total: 3827
[04:05:03] upholstery shop | Dania Beach FL | scraped 55, +15 leads | maps total: 3842
[04:05:15] upholstery shop | Davie FL | scraped 14, +2 leads | maps total: 3844
[04:05:43] upholstery shop | Deerfield Beach FL | scraped 38, +5 leads | maps total: 3849
[04:06:10] upholstery shop | Delray Beach FL | scraped 43, +10 leads | maps total: 3859
[04:06:43] upholstery shop | Doral FL | scraped 43, +11 leads | maps total: 3870
[04:07:09] upholstery shop | El Portal FL | scraped 47, +3 leads | maps total: 3873
[04:07:18] upholstery shop | Florida City FL | scraped 3, +1 leads | maps total: 3874
[04:07:42] upholstery shop | Fontainebleau FL | scraped 50, +2 leads | maps total: 3876
[04:09:08] upholstery shop | Fort Lauderdale FL | scraped 58, +9 leads | maps total: 3885
[04:09:36] upholstery shop | Golden Beach FL | scraped 62, +4 leads | maps total: 3889
[04:09:50] upholstery shop | Greenacres FL | scraped 11, +1 leads | maps total: 3890
[04:10:16] upholstery shop | Hallandale Beach FL | scraped 61, +5 leads | maps total: 3895
[04:10:42] upholstery shop | Hialeah FL | scraped 36, +3 leads | maps total: 3898
[04:11:06] upholstery shop | Hialeah Gardens FL | scraped 39, +5 leads | maps total: 3903
[04:11:32] upholstery shop | Hillsboro Beach FL | scraped 57, +6 leads | maps total: 3909
[04:11:56] upholstery shop | Hollywood FL | scraped 50, +2 leads | maps total: 3911
[04:13:06] upholstery shop | Homestead FL | scraped 7, +0 leads | maps total: 3911
[04:13:15] upholstery shop | Jupiter FL | scraped 6, +4 leads | maps total: 3915
[04:13:42] upholstery shop | Kendall FL | scraped 42, +4 leads | maps total: 3919
[04:13:58] upholstery shop | Key Biscayne FL | scraped 30, +1 leads | maps total: 3920
[04:14:17] upholstery shop | Lake Park FL | scraped 33, +3 leads | maps total: 3923
[04:15:10] upholstery shop | Lake Worth Beach FL | scraped 42, +7 leads | maps total: 3930
[04:15:20] upholstery shop | Lantana FL | scraped 6, +0 leads | maps total: 3930
[04:15:43] upholstery shop | Lauderdale Lakes FL | scraped 52, +1 leads | maps total: 3931
[04:15:51] upholstery shop | Lauderhill FL | scraped 1, +0 leads | maps total: 3931
[04:15:59] upholstery shop | Lighthouse Point FL | scraped 3, +0 leads | maps total: 3931
[04:16:10] upholstery shop | Margate FL | scraped 14, +1 leads | maps total: 3932
[04:16:32] upholstery shop | Medley FL | scraped 35, +0 leads | maps total: 3932
[04:16:54] upholstery shop | Miami FL | scraped 56, +0 leads | maps total: 3932
[04:17:31] upholstery shop | Miami Beach FL | scraped 52, +0 leads | maps total: 3932
[04:18:53] upholstery shop | Miami Gardens FL | scraped 54, +3 leads | maps total: 3935
[04:19:16] upholstery shop | Miami Lakes FL | scraped 48, +1 leads | maps total: 3936
[04:19:38] upholstery shop | Miami Shores FL | scraped 53, +0 leads | maps total: 3936
[04:20:14] upholstery shop | Miami Springs FL | scraped 46, +4 leads | maps total: 3940
[04:20:22] upholstery shop | Miramar FL | scraped 6, +0 leads | maps total: 3940
[04:20:52] upholstery shop | North Bay Village FL | scraped 57, +6 leads | maps total: 3946
[04:21:14] upholstery shop | North Lauderdale FL | scraped 57, +0 leads | maps total: 3946
[04:21:36] upholstery shop | North Miami FL | scraped 52, +0 leads | maps total: 3946
[04:22:00] upholstery shop | North Miami Beach FL | scraped 53, +1 leads | maps total: 3947
[04:22:25] upholstery shop | Oakland Park FL | scraped 47, +6 leads | maps total: 3953
[04:22:51] upholstery shop | Opa-locka FL | scraped 46, +3 leads | maps total: 3956
[04:24:03] upholstery shop | Palm Beach FL | scraped 50, +11 leads | maps total: 3967
[04:24:29] upholstery shop | Palm Beach Gardens FL | scraped 57, +3 leads | maps total: 3970
[04:24:54] upholstery shop | Palm Springs FL | scraped 42, +4 leads | maps total: 3974
[04:26:12] upholstery shop | Palmetto Bay FL | scraped 28, +1 leads | maps total: 3975
[04:26:37] upholstery shop | Parkland FL | scraped 52, +3 leads | maps total: 3978
[04:27:00] upholstery shop | Pembroke Park FL | scraped 52, +1 leads | maps total: 3979
[04:27:23] upholstery shop | Pembroke Pines FL | scraped 44, +0 leads | maps total: 3979
[04:27:47] upholstery shop | Pinecrest FL | scraped 49, +5 leads | maps total: 3984
[04:28:16] upholstery shop | Plantation FL | scraped 54, +2 leads | maps total: 3986
[04:28:47] upholstery shop | Pompano Beach FL | scraped 53, +5 leads | maps total: 3991
[04:29:10] upholstery shop | Riviera Beach FL | scraped 58, +1 leads | maps total: 3992
[04:29:33] upholstery shop | Royal Palm Beach FL | scraped 47, +1 leads | maps total: 3993
[04:29:58] upholstery shop | Sea Ranch Lakes FL | scraped 52, +2 leads | maps total: 3995
[04:30:20] upholstery shop | South Miami FL | scraped 61, +0 leads | maps total: 3995
[04:30:45] upholstery shop | Southwest Ranches FL | scraped 54, +4 leads | maps total: 3999
[04:31:11] upholstery shop | Sunny Isles Beach FL | scraped 60, +2 leads | maps total: 4001
[04:32:17] upholstery shop | Sunrise FL | scraped 30, +0 leads | maps total: 4001
[04:32:42] upholstery shop | Surfside FL | scraped 64, +4 leads | maps total: 4005
[04:33:06] upholstery shop | Sweetwater FL | scraped 55, +7 leads | maps total: 4012
[04:33:29] upholstery shop | Tamarac FL | scraped 51, +1 leads | maps total: 4013
[04:33:56] upholstery shop | Tamiami FL | scraped 49, +1 leads | maps total: 4014
[04:34:28] upholstery shop | The Hammocks FL | scraped 42, +4 leads | maps total: 4018
[04:34:51] upholstery shop | Virginia Gardens FL | scraped 41, +0 leads | maps total: 4018
[04:35:11] upholstery shop | Wellington FL | scraped 39, +3 leads | maps total: 4021
[04:35:34] upholstery shop | West Miami FL | scraped 49, +0 leads | maps total: 4021
[04:35:56] upholstery shop | West Park FL | scraped 43, +0 leads | maps total: 4021
[04:36:22] upholstery shop | Westchester FL | scraped 55, +0 leads | maps total: 4021
[04:36:30] upholstery shop | Weston FL | scraped 7, +0 leads | maps total: 4021
[04:36:53] upholstery shop | Wilton Manors FL | scraped 43, +0 leads | maps total: 4021
[04:37:17] welding shop | Aventura FL | scraped 31, +14 leads | maps total: 4035
[04:37:37] welding shop | Bal Harbour FL | scraped 28, +12 leads | maps total: 4047
[04:37:45] welding shop | Bay Harbor Islands FL | scraped 5, +0 leads | maps total: 4047
[04:38:47] welding shop | Biscayne Park FL | scraped 42, +6 leads | maps total: 4053
[04:39:47] welding shop | Boca Raton FL | scraped 25, +13 leads | maps total: 4066
[04:39:58] welding shop | Boynton Beach FL | scraped 11, +6 leads | maps total: 4072
[04:40:08] welding shop | Coconut Creek FL | scraped 7, +2 leads | maps total: 4074
[04:40:54] welding shop | Coconut Grove FL | scraped 60, +16 leads | maps total: 4090
[04:41:21] welding shop | Cooper City FL | scraped 46, +20 leads | maps total: 4110
[04:42:06] welding shop | Coral Gables FL | scraped 57, +7 leads | maps total: 4117
[04:43:00] welding shop | Coral Springs FL | scraped 68, +20 leads | maps total: 4137
[04:43:19] welding shop | Coral Terrace FL | scraped 31, +2 leads | maps total: 4139
[04:43:44] welding shop | Country Club FL | scraped 40, +6 leads | maps total: 4145
[04:44:19] welding shop | Cutler Bay FL | scraped 49, +6 leads | maps total: 4151
[04:45:10] welding shop | Dania Beach FL | scraped 62, +17 leads | maps total: 4358
[04:45:45] welding shop | Davie FL | scraped 63, +4 leads | maps total: 4362
[04:46:16] welding shop | Deerfield Beach FL | scraped 64, +8 leads | maps total: 4370
[04:46:23] welding shop | Delray Beach FL | scraped 5, +0 leads | maps total: 4370
[04:46:55] welding shop | Doral FL | scraped 46, +7 leads | maps total: 4377
[04:47:21] welding shop | El Portal FL | scraped 46, +2 leads | maps total: 4379
[04:47:44] welding shop | Florida City FL | scraped 45, +3 leads | maps total: 4382
[04:48:52] welding shop | Fontainebleau FL | scraped 58, +5 leads | maps total: 4387
[04:50:14] welding shop | Fort Lauderdale FL | scraped 64, +3 leads | maps total: 4390
[04:50:30] welding shop | Golden Beach FL | scraped 31, +0 leads | maps total: 4390
[04:51:47] welding shop | Greenacres FL | scraped 38, +6 leads | maps total: 4396
[04:51:58] welding shop | Hallandale Beach FL | scraped 17, +1 leads | maps total: 4397
[04:52:33] welding shop | Hialeah FL | scraped 50, +3 leads | maps total: 4400
[04:52:56] welding shop | Hialeah Gardens FL | scraped 50, +2 leads | maps total: 4402
[04:53:13] welding shop | Hillsboro Beach FL | scraped 31, +7 leads | maps total: 4409
[04:53:35] welding shop | Hollywood FL | scraped 11, +0 leads | maps total: 4409
[04:53:50] welding shop | Homestead FL | scraped 23, +2 leads | maps total: 4411
[04:54:18] welding shop | Jupiter FL | scraped 51, +14 leads | maps total: 4425
[04:54:42] welding shop | Kendall FL | scraped 51, +4 leads | maps total: 4429
[04:55:01] welding shop | Key Biscayne FL | scraped 40, +1 leads | maps total: 4430
[04:55:11] welding shop | Lake Park FL | scraped 5, +0 leads | maps total: 4430
[04:55:36] welding shop | Lake Worth Beach FL | scraped 47, +5 leads | maps total: 4435
[04:55:55] welding shop | Lantana FL | scraped 36, +1 leads | maps total: 4436
[04:56:14] welding shop | Lauderdale Lakes FL | scraped 40, +0 leads | maps total: 4436
[04:56:53] welding shop | Lighthouse Point FL | scraped 39, +2 leads | maps total: 4438
[04:57:15] welding shop | Margate FL | scraped 57, +2 leads | maps total: 4440
[04:57:32] welding shop | Medley FL | scraped 30, +1 leads | maps total: 4441
[04:57:55] welding shop | Miami FL | scraped 56, +1 leads | maps total: 4442
[04:58:18] welding shop | Miami Beach FL | scraped 59, +0 leads | maps total: 4442
[04:58:43] welding shop | Miami Gardens FL | scraped 61, +4 leads | maps total: 4446
[04:59:07] welding shop | Miami Lakes FL | scraped 53, +3 leads | maps total: 4449
[04:59:30] welding shop | Miami Shores FL | scraped 60, +0 leads | maps total: 4449
[04:59:52] welding shop | Miami Springs FL | scraped 58, +1 leads | maps total: 4450
[05:00:15] welding shop | Miramar FL | scraped 51, +0 leads | maps total: 4450
[05:00:27] welding shop | North Bay Village FL | scraped 17, +0 leads | maps total: 4450
[05:00:49] welding shop | North Lauderdale FL | scraped 71, +2 leads | maps total: 4452
[05:01:12] welding shop | North Miami FL | scraped 57, +1 leads | maps total: 4453
[05:01:20] welding shop | North Miami Beach FL | scraped 4, +0 leads | maps total: 4453
[05:01:37] welding shop | Oakland Park FL | scraped 30, +1 leads | maps total: 4454
[05:01:46] welding shop | Opa-locka FL | scraped 6, +0 leads | maps total: 4454
[05:02:09] welding shop | Palm Beach FL | scraped 61, +5 leads | maps total: 4459
[05:02:34] welding shop | Palm Beach Gardens FL | scraped 60, +3 leads | maps total: 4462
[05:02:58] welding shop | Palm Springs FL | scraped 43, +5 leads | maps total: 4467
[05:03:14] welding shop | Palmetto Bay FL | scraped 27, +0 leads | maps total: 4467
[05:03:22] welding shop | Parkland FL | scraped 10, +0 leads | maps total: 4467
[05:03:31] welding shop | Pembroke Park FL | scraped 13, +0 leads | maps total: 4467
[05:03:56] welding shop | Pembroke Pines FL | scraped 56, +0 leads | maps total: 4467
[05:04:19] welding shop | Pinecrest FL | scraped 52, +0 leads | maps total: 4467
[05:04:32] welding shop | Plantation FL | scraped 11, +1 leads | maps total: 4468
[05:04:48] welding shop | Pompano Beach FL | scraped 40, +0 leads | maps total: 4468
[05:05:08] welding shop | Riviera Beach FL | scraped 43, +1 leads | maps total: 4469
[05:05:32] welding shop | Royal Palm Beach FL | scraped 62, +0 leads | maps total: 4469
[05:05:59] welding shop | Sea Ranch Lakes FL | scraped 65, +1 leads | maps total: 4470
[05:06:06] welding shop | South Miami FL | scraped 4, +0 leads | maps total: 4470
[05:06:48] welding shop | Sunny Isles Beach FL | scraped 61, +2 leads | maps total: 4472
[05:07:11] welding shop | Sunrise FL | scraped 56, +0 leads | maps total: 4472
[05:07:23] welding shop | Surfside FL | scraped 19, +0 leads | maps total: 4472
[05:08:44] welding shop | Sweetwater FL | scraped 46, +4 leads | maps total: 4476
[05:09:07] welding shop | Tamarac FL | scraped 63, +1 leads | maps total: 4477
[05:09:22] welding shop | Tamiami FL | scraped 30, +0 leads | maps total: 4477
[05:09:49] welding shop | The Hammocks FL | scraped 39, +3 leads | maps total: 4480
[05:10:13] welding shop | Virginia Gardens FL | scraped 59, +0 leads | maps total: 4480
[05:10:32] welding shop | Wellington FL | scraped 43, +1 leads | maps total: 4481
[05:10:55] welding shop | West Miami FL | scraped 59, +1 leads | maps total: 4482
[05:11:17] welding shop | West Park FL | scraped 44, +0 leads | maps total: 4482
[05:11:43] welding shop | Westchester FL | scraped 59, +3 leads | maps total: 4485
[05:12:06] welding shop | Weston FL | scraped 63, +3 leads | maps total: 4488
[05:12:15] welding shop | Wilton Manors FL | scraped 11, +0 leads | maps total: 4488
[05:13:12] electrician | Aventura FL | scraped 68, +24 leads | maps total: 4512
[05:13:42] electrician | Bal Harbour FL | scraped 59, +10 leads | maps total: 4522
[05:14:13] electrician | Bay Harbor Islands FL | scraped 57, +6 leads | maps total: 4528
[05:14:38] electrician | Biscayne Park FL | scraped 58, +13 leads | maps total: 4541
[05:16:07] electrician | Boca Raton FL | scraped 79, +35 leads | maps total: 4576
[05:16:47] electrician | Boynton Beach FL | scraped 74, +28 leads | maps total: 4604
[05:17:22] electrician | Coconut Creek FL | scraped 73, +19 leads | maps total: 4623
[05:17:52] electrician | Coconut Grove FL | scraped 54, +5 leads | maps total: 4628
[05:18:23] electrician | Cooper City FL | scraped 64, +21 leads | maps total: 4649
[05:18:49] electrician | Coral Gables FL | scraped 56, +8 leads | maps total: 4657
[05:19:17] electrician | Coral Springs FL | scraped 80, +18 leads | maps total: 4675
[05:19:43] electrician | Coral Terrace FL | scraped 59, +9 leads | maps total: 4684
[05:20:14] electrician | Country Club FL | scraped 66, +15 leads | maps total: 4699
[05:20:40] electrician | Cutler Bay FL | scraped 58, +12 leads | maps total: 4711
[05:21:24] electrician | Dania Beach FL | scraped 69, +20 leads | maps total: 4731
[05:21:54] electrician | Davie FL | scraped 59, +6 leads | maps total: 4737
[05:22:19] electrician | Deerfield Beach FL | scraped 69, +10 leads | maps total: 4747
[05:22:52] electrician | Delray Beach FL | scraped 73, +12 leads | maps total: 4759
[05:23:23] electrician | Doral FL | scraped 67, +15 leads | maps total: 4774
[05:24:05] electrician | El Portal FL | scraped 67, +3 leads | maps total: 4777
[05:24:15] electrician | Florida City FL | scraped 14, +3 leads | maps total: 4780
[05:24:39] electrician | Fontainebleau FL | scraped 66, +3 leads | maps total: 4783
[05:25:38] electrician | Fort Lauderdale FL | scraped 72, +13 leads | maps total: 4796
[05:26:05] electrician | Golden Beach FL | scraped 64, +3 leads | maps total: 4799
[05:27:32] electrician | Greenacres FL | scraped 72, +21 leads | maps total: 4820
[05:28:00] electrician | Hallandale Beach FL | scraped 62, +6 leads | maps total: 4826
[05:28:29] electrician | Hialeah FL | scraped 59, +10 leads | maps total: 4836
[05:28:53] electrician | Hialeah Gardens FL | scraped 59, +8 leads | maps total: 4844
[05:29:23] electrician | Hillsboro Beach FL | scraped 66, +5 leads | maps total: 4849
[05:29:52] electrician | Hollywood FL | scraped 64, +6 leads | maps total: 4855
[05:30:24] electrician | Homestead FL | scraped 57, +8 leads | maps total: 4863
[05:31:01] electrician | Jupiter FL | scraped 70, +23 leads | maps total: 4886
[05:31:28] electrician | Kendall FL | scraped 65, +6 leads | maps total: 4892
[05:31:55] electrician | Key Biscayne FL | scraped 47, +2 leads | maps total: 4894
[05:33:17] electrician | Lake Park FL | scraped 79, +8 leads | maps total: 4902
[05:33:46] electrician | Lake Worth Beach FL | scraped 72, +6 leads | maps total: 4908
[05:34:09] electrician | Lantana FL | scraped 77, +1 leads | maps total: 4909
[05:34:33] electrician | Lauderdale Lakes FL | scraped 74, +5 leads | maps total: 4914
[05:35:52] electrician | Lauderhill FL | scraped 69, +12 leads | maps total: 4926
[05:36:17] electrician | Lighthouse Point FL | scraped 70, +5 leads | maps total: 4931
[05:36:42] electrician | Margate FL | scraped 72, +5 leads | maps total: 4936
[05:37:14] electrician | Medley FL | scraped 58, +1 leads | maps total: 4937
[05:37:37] electrician | Miami FL | scraped 57, +1 leads | maps total: 4938
[05:38:05] electrician | Miami Beach FL | scraped 58, +0 leads | maps total: 4938
[05:38:28] electrician | Miami Gardens FL | scraped 65, +3 leads | maps total: 4941
[05:38:55] electrician | Miami Lakes FL | scraped 71, +5 leads | maps total: 4946
[05:39:20] electrician | Miami Shores FL | scraped 59, +4 leads | maps total: 4950
[05:39:46] electrician | Miami Springs FL | scraped 66, +3 leads | maps total: 4953
[05:40:58] electrician | Miramar FL | scraped 57, +5 leads | maps total: 4958
[05:41:22] electrician | North Bay Village FL | scraped 64, +3 leads | maps total: 4961
[05:41:46] electrician | North Lauderdale FL | scraped 77, +2 leads | maps total: 4963
[05:42:10] electrician | North Miami FL | scraped 66, +2 leads | maps total: 4965
[05:42:33] electrician | North Miami Beach FL | scraped 63, +2 leads | maps total: 4967
[05:43:01] electrician | Oakland Park FL | scraped 65, +1 leads | maps total: 4968
[05:43:48] electrician | Opa-locka FL | scraped 60, +3 leads | maps total: 4971
[05:44:13] electrician | Palm Beach FL | scraped 79, +3 leads | maps total: 4974
[05:44:36] electrician | Palm Beach Gardens FL | scraped 75, +3 leads | maps total: 4977
[05:45:04] electrician | Palm Springs FL | scraped 76, +3 leads | maps total: 4980
[05:45:31] electrician | Palmetto Bay FL | scraped 60, +1 leads | maps total: 4981
[05:46:01] electrician | Parkland FL | scraped 68, +8 leads | maps total: 4989
[05:46:36] electrician | Pembroke Park FL | scraped 67, +1 leads | maps total: 4990
[05:46:58] electrician | Pembroke Pines FL | scraped 64, +1 leads | maps total: 4991
[05:47:26] electrician | Pinecrest FL | scraped 61, +4 leads | maps total: 4995
[05:48:13] electrician | Plantation FL | scraped 67, +3 leads | maps total: 4998
[05:48:36] electrician | Pompano Beach FL | scraped 80, +2 leads | maps total: 5000
[05:49:00] electrician | Riviera Beach FL | scraped 76, +1 leads | maps total: 5001
[05:49:24] electrician | Royal Palm Beach FL | scraped 67, +5 leads | maps total: 5006
[05:49:50] electrician | Sea Ranch Lakes FL | scraped 73, +4 leads | maps total: 5010
[05:50:19] electrician | South Miami FL | scraped 64, +0 leads | maps total: 5010
[05:50:46] electrician | Southwest Ranches FL | scraped 61, +8 leads | maps total: 5018
[05:51:11] electrician | Sunny Isles Beach FL | scraped 57, +1 leads | maps total: 5019
[05:51:34] electrician | Sunrise FL | scraped 81, +2 leads | maps total: 5021
[05:51:57] electrician | Surfside FL | scraped 58, +3 leads | maps total: 5024
[05:54:44] electrician | Sweetwater FL | scraped 63, +9 leads | maps total: 5033
[05:55:08] electrician | Tamarac FL | scraped 80, +1 leads | maps total: 5034
[05:55:39] electrician | Tamiami FL | scraped 67, +3 leads | maps total: 5037
[05:56:05] electrician | The Hammocks FL | scraped 60, +5 leads | maps total: 5042
[05:56:27] electrician | Virginia Gardens FL | scraped 68, +0 leads | maps total: 5042
[05:56:54] electrician | Wellington FL | scraped 76, +8 leads | maps total: 5050
[05:57:16] electrician | West Miami FL | scraped 66, +0 leads | maps total: 5050
[05:57:42] electrician | West Park FL | scraped 67, +1 leads | maps total: 5051
[05:58:07] electrician | Westchester FL | scraped 61, +0 leads | maps total: 5051
[05:58:40] electrician | Weston FL | scraped 59, +2 leads | maps total: 5053
[05:59:12] electrician | Wilton Manors FL | scraped 53, +7 leads | maps total: 5060
[05:59:45] landscaping company | Aventura FL | scraped 56, +34 leads | maps total: 5094
[06:00:20] landscaping company | Bal Harbour FL | scraped 50, +18 leads | maps total: 4850
[06:01:42] landscaping company | Bay Harbor Islands FL | scraped 49, +7 leads | maps total: 4857
[06:02:15] landscaping company | Biscayne Park FL | scraped 45, +12 leads | maps total: 4869
[06:02:50] landscaping company | Boca Raton FL | scraped 71, +42 leads | maps total: 4911
[06:03:27] landscaping company | Boynton Beach FL | scraped 66, +34 leads | maps total: 4945
[06:04:05] landscaping company | Coconut Creek FL | scraped 61, +22 leads | maps total: 4967
[06:04:37] landscaping company | Coconut Grove FL | scraped 63, +33 leads | maps total: 5000
[06:06:09] landscaping company | Cooper City FL | scraped 65, +29 leads | maps total: 5029
[06:06:51] landscaping company | Coral Gables FL | scraped 67, +16 leads | maps total: 5045
[06:07:21] landscaping company | Coral Springs FL | scraped 59, +18 leads | maps total: 5063
[06:08:03] landscaping company | Coral Terrace FL | scraped 61, +5 leads | maps total: 5068
[06:08:31] landscaping company | Country Club FL | scraped 61, +18 leads | maps total: 5086
[06:08:59] landscaping company | Cutler Bay FL | scraped 49, +12 leads | maps total: 5098
[06:09:42] landscaping company | Dania Beach FL | scraped 55, +13 leads | maps total: 5111
[06:10:16] landscaping company | Davie FL | scraped 67, +12 leads | maps total: 5123
[06:11:34] landscaping company | Deerfield Beach FL | scraped 64, +11 leads | maps total: 5134
[06:12:15] landscaping company | Delray Beach FL | scraped 69, +13 leads | maps total: 5147
[06:12:52] landscaping company | Doral FL | scraped 63, +21 leads | maps total: 5168
[06:13:19] landscaping company | El Portal FL | scraped 50, +5 leads | maps total: 5173
[06:13:55] landscaping company | Florida City FL | scraped 49, +14 leads | maps total: 5187
[06:14:23] landscaping company | Fontainebleau FL | scraped 61, +6 leads | maps total: 5193
[06:14:55] landscaping company | Fort Lauderdale FL | scraped 65, +18 leads | maps total: 5211
[06:15:22] landscaping company | Golden Beach FL | scraped 49, +5 leads | maps total: 5216
[06:15:57] landscaping company | Greenacres FL | scraped 69, +29 leads | maps total: 5245
[06:16:08] landscaping company | Hallandale Beach FL | scraped 21, +3 leads | maps total: 5248
[06:16:49] landscaping company | Hialeah FL | scraped 50, +6 leads | maps total: 5254
[06:18:12] landscaping company | Hialeah Gardens FL | scraped 58, +6 leads | maps total: 5260
[06:18:56] landscaping company | Hillsboro Beach FL | scraped 69, +16 leads | maps total: 5276
[06:19:23] landscaping company | Hollywood FL | scraped 53, +5 leads | maps total: 5281
[06:19:49] landscaping company | Homestead FL | scraped 53, +16 leads | maps total: 5297
[06:20:37] landscaping company | Jupiter FL | scraped 73, +24 leads | maps total: 5321
[06:21:05] landscaping company | Kendall FL | scraped 54, +8 leads | maps total: 5329
[06:21:29] landscaping company | Key Biscayne FL | scraped 60, +12 leads | maps total: 5341
[06:22:54] landscaping company | Lake Park FL | scraped 70, +23 leads | maps total: 5364
[06:24:08] landscaping company | Lake Worth Beach FL | scraped 62, +7 leads | maps total: 5371
[06:24:43] landscaping company | Lantana FL | scraped 58, +10 leads | maps total: 5381
[06:25:10] landscaping company | Lauderdale Lakes FL | scraped 61, +9 leads | maps total: 5390
[06:25:44] landscaping company | Lauderhill FL | scraped 58, +7 leads | maps total: 5397
[06:26:22] landscaping company | Lighthouse Point FL | scraped 62, +9 leads | maps total: 5406
[06:28:21] landscaping company | Margate FL | scraped 56, +9 leads | maps total: 5415
[06:29:43] landscaping company | Medley FL | scraped 61, +5 leads | maps total: 5420
[06:30:07] landscaping company | Miami FL | scraped 59, +5 leads | maps total: 5425
[06:30:36] landscaping company | Miami Beach FL | scraped 59, +6 leads | maps total: 5431
[06:30:59] landscaping company | Miami Gardens FL | scraped 55, +5 leads | maps total: 5436
[06:31:25] landscaping company | Miami Lakes FL | scraped 56, +12 leads | maps total: 5448
[06:31:49] landscaping company | Miami Shores FL | scraped 51, +2 leads | maps total: 5450
[06:32:18] landscaping company | Miami Springs FL | scraped 62, +3 leads | maps total: 5453
[06:32:42] landscaping company | Miramar FL | scraped 40, +1 leads | maps total: 5454
[06:33:12] landscaping company | North Bay Village FL | scraped 52, +2 leads | maps total: 5456
[06:33:36] landscaping company | North Lauderdale FL | scraped 62, +1 leads | maps total: 5457
[06:33:59] landscaping company | North Miami FL | scraped 54, +2 leads | maps total: 5459
[06:34:30] landscaping company | North Miami Beach FL | scraped 53, +3 leads | maps total: 5462
[06:35:06] landscaping company | Oakland Park FL | scraped 63, +9 leads | maps total: 5471
[06:35:30] landscaping company | Opa-locka FL | scraped 48, +3 leads | maps total: 5474
[06:35:58] landscaping company | Palm Beach FL | scraped 79, +19 leads | maps total: 5493
[06:36:33] landscaping company | Palm Beach Gardens FL | scraped 70, +13 leads | maps total: 5506
[06:36:59] landscaping company | Palm Springs FL | scraped 62, +3 leads | maps total: 5509
[06:37:25] landscaping company | Palmetto Bay FL | scraped 55, +8 leads | maps total: 5517
[06:37:56] landscaping company | Parkland FL | scraped 59, +7 leads | maps total: 5524
[06:38:20] landscaping company | Pembroke Park FL | scraped 53, +6 leads | maps total: 5530
[06:38:49] landscaping company | Pembroke Pines FL | scraped 53, +0 leads | maps total: 5530
[06:39:15] landscaping company | Pinecrest FL | scraped 62, +6 leads | maps total: 5536
[06:39:39] landscaping company | Plantation FL | scraped 62, +3 leads | maps total: 5539
[06:41:08] landscaping company | Pompano Beach FL | scraped 65, +5 leads | maps total: 5544
[06:41:45] landscaping company | Riviera Beach FL | scraped 65, +6 leads | maps total: 5550
[06:41:53] landscaping company | Royal Palm Beach FL | scraped 6, +1 leads | maps total: 5551
[06:42:23] landscaping company | Sea Ranch Lakes FL | scraped 70, +12 leads | maps total: 5563
[06:42:58] landscaping company | South Miami FL | scraped 64, +4 leads | maps total: 5567
[06:43:24] landscaping company | Southwest Ranches FL | scraped 63, +13 leads | maps total: 5580
[06:43:47] landscaping company | Sunny Isles Beach FL | scraped 53, +1 leads | maps total: 5581
[06:44:15] landscaping company | Sunrise FL | scraped 58, +9 leads | maps total: 5590
[06:44:43] landscaping company | Surfside FL | scraped 48, +2 leads | maps total: 5592
[06:45:54] landscaping company | Sweetwater FL | scraped 61, +12 leads | maps total: 5604
[06:46:24] landscaping company | Tamarac FL | scraped 54, +4 leads | maps total: 5608
[06:47:14] landscaping company | Tamiami FL | scraped 52, +8 leads | maps total: 5616
[06:48:25] landscaping company | The Hammocks FL | scraped 56, +8 leads | maps total: 5624
[06:48:48] landscaping company | Virginia Gardens FL | scraped 52, +1 leads | maps total: 5625
[06:50:06] landscaping company | Wellington FL | scraped 67, +21 leads | maps total: 5646
[06:50:34] landscaping company | West Miami FL | scraped 65, +2 leads | maps total: 5648
[06:50:58] landscaping company | West Park FL | scraped 66, +0 leads | maps total: 5648
[06:51:20] landscaping company | Westchester FL | scraped 62, +1 leads | maps total: 5649
[06:51:47] landscaping company | Weston FL | scraped 63, +5 leads | maps total: 5654
[06:52:11] landscaping company | Wilton Manors FL | scraped 59, +3 leads | maps total: 5657
[06:52:59] pest control | Aventura FL | scraped 64, +29 leads | maps total: 5686
[06:54:23] pest control | Bal Harbour FL | scraped 58, +15 leads | maps total: 5701
[06:54:49] pest control | Bay Harbor Islands FL | scraped 60, +6 leads | maps total: 5707
[06:55:15] pest control | Biscayne Park FL | scraped 51, +8 leads | maps total: 5715
[06:56:27] pest control | Boca Raton FL | scraped 69, +30 leads | maps total: 5745
[07:09:14] roofing contractor | Aventura FL | scraped 69, +1 leads | maps total: 5746
[07:09:36] roofing contractor | Bal Harbour FL | scraped 66, +0 leads | maps total: 5746
[07:10:08] roofing contractor | Bay Harbor Islands FL | scraped 68, +1 leads | maps total: 5747
[07:10:40] roofing contractor | Aventura FL | scraped 69, +0 leads | maps total: 5747
[07:11:02] roofing contractor | Bal Harbour FL | scraped 66, +0 leads | maps total: 5747
[07:11:24] roofing contractor | Bay Harbor Islands FL | scraped 68, +0 leads | maps total: 5747
[07:11:47] roofing contractor | Biscayne Park FL | scraped 75, +0 leads | maps total: 5747
[07:12:09] roofing contractor | Boca Raton FL | scraped 76, +1 leads | maps total: 5748
[07:12:31] roofing contractor | Boynton Beach FL | scraped 78, +0 leads | maps total: 5748
[07:12:53] roofing contractor | Coconut Creek FL | scraped 67, +0 leads | maps total: 5748
[07:13:16] roofing contractor | Coconut Grove FL | scraped 67, +0 leads | maps total: 5748
[07:13:25] roofing contractor | Cooper City FL | scraped 12, +0 leads | maps total: 5748
[07:13:47] roofing contractor | Coral Gables FL | scraped 66, +0 leads | maps total: 5748
[07:14:11] roofing contractor | Coral Springs FL | scraped 72, +2 leads | maps total: 5750
[07:14:33] roofing contractor | Coral Terrace FL | scraped 61, +0 leads | maps total: 5750
[07:14:55] roofing contractor | Country Club FL | scraped 74, +1 leads | maps total: 5751
[07:15:19] roofing contractor | Cutler Bay FL | scraped 67, +1 leads | maps total: 5752
[07:15:41] roofing contractor | Dania Beach FL | scraped 75, +0 leads | maps total: 5752
[07:16:08] roofing contractor | Davie FL | scraped 77, +1 leads | maps total: 5753
[07:16:37] roofing contractor | Deerfield Beach FL | scraped 75, +2 leads | maps total: 5755
[07:17:00] roofing contractor | Delray Beach FL | scraped 68, +2 leads | maps total: 5757
[07:17:24] roofing contractor | Doral FL | scraped 72, +2 leads | maps total: 5759
[07:17:47] roofing contractor | El Portal FL | scraped 70, +0 leads | maps total: 5759
[07:18:10] roofing contractor | Florida City FL | scraped 64, +0 leads | maps total: 5759
[07:18:32] roofing contractor | Fontainebleau FL | scraped 69, +0 leads | maps total: 5759
[07:18:54] roofing contractor | Fort Lauderdale FL | scraped 75, +0 leads | maps total: 5759
[07:19:02] roofing contractor | Golden Beach FL | scraped 3, +0 leads | maps total: 5759
[07:19:24] roofing contractor | Greenacres FL | scraped 77, +0 leads | maps total: 5759
[07:19:46] roofing contractor | Hallandale Beach FL | scraped 69, +0 leads | maps total: 5759
[07:20:11] roofing contractor | Hialeah FL | scraped 68, +1 leads | maps total: 5760
[07:20:34] roofing contractor | Hialeah Gardens FL | scraped 71, +1 leads | maps total: 5761
[07:20:56] roofing contractor | Hillsboro Beach FL | scraped 73, +0 leads | maps total: 5761
[07:21:20] roofing contractor | Hollywood FL | scraped 72, +2 leads | maps total: 5763
[07:21:48] roofing contractor | Homestead FL | scraped 64, +2 leads | maps total: 5765
[07:22:11] roofing contractor | Jupiter FL | scraped 78, +0 leads | maps total: 5765
[07:22:33] roofing contractor | Kendall FL | scraped 73, +0 leads | maps total: 5765
[07:22:56] roofing contractor | Key Biscayne FL | scraped 66, +0 leads | maps total: 5765
[07:23:25] roofing contractor | Lake Park FL | scraped 75, +2 leads | maps total: 5767
[07:23:47] roofing contractor | Lake Worth Beach FL | scraped 71, +0 leads | maps total: 5767
[07:24:10] roofing contractor | Lantana FL | scraped 77, +1 leads | maps total: 5768
[07:24:33] roofing contractor | Lauderdale Lakes FL | scraped 76, +0 leads | maps total: 5768
[07:24:56] roofing contractor | Lauderhill FL | scraped 74, +0 leads | maps total: 5768
[07:25:18] roofing contractor | Lighthouse Point FL | scraped 74, +0 leads | maps total: 5768
[07:25:41] roofing contractor | Margate FL | scraped 74, +0 leads | maps total: 5768
[07:26:03] roofing contractor | Medley FL | scraped 77, +0 leads | maps total: 5768
[07:26:25] roofing contractor | Miami FL | scraped 71, +0 leads | maps total: 5768
[07:27:36] roofing contractor | Miami Beach FL | scraped 76, +0 leads | maps total: 5768
[07:27:58] roofing contractor | Miami Gardens FL | scraped 69, +0 leads | maps total: 5768
[07:28:20] roofing contractor | Miami Lakes FL | scraped 76, +0 leads | maps total: 5768
[07:28:42] roofing contractor | Miami Shores FL | scraped 76, +0 leads | maps total: 5768
[07:29:04] roofing contractor | Miami Springs FL | scraped 73, +0 leads | maps total: 5768
[07:29:26] roofing contractor | Miramar FL | scraped 65, +0 leads | maps total: 5768
[07:29:49] roofing contractor | North Bay Village FL | scraped 73, +0 leads | maps total: 5768
[07:30:11] roofing contractor | North Lauderdale FL | scraped 73, +0 leads | maps total: 5768
[07:30:34] roofing contractor | North Miami FL | scraped 73, +1 leads | maps total: 5769
[07:30:56] roofing contractor | North Miami Beach FL | scraped 69, +0 leads | maps total: 5769
[07:31:18] roofing contractor | Oakland Park FL | scraped 75, +0 leads | maps total: 5769
[07:31:46] roofing contractor | Opa-locka FL | scraped 68, +2 leads | maps total: 5771
[07:32:08] roofing contractor | Palm Beach FL | scraped 64, +0 leads | maps total: 5771
[07:32:39] roofing contractor | Palm Beach Gardens FL | scraped 68, +2 leads | maps total: 5773
[07:33:01] roofing contractor | Palm Springs FL | scraped 76, +0 leads | maps total: 5773
[07:33:26] roofing contractor | Palmetto Bay FL | scraped 63, +2 leads | maps total: 5775
[07:33:48] roofing contractor | Parkland FL | scraped 75, +0 leads | maps total: 5775
[07:34:11] roofing contractor | Pembroke Park FL | scraped 73, +1 leads | maps total: 5776
[07:34:33] roofing contractor | Pembroke Pines FL | scraped 69, +0 leads | maps total: 5776
[07:34:59] roofing contractor | Pinecrest FL | scraped 62, +0 leads | maps total: 5776
[07:35:21] roofing contractor | Plantation FL | scraped 75, +0 leads | maps total: 5776
[07:35:45] roofing contractor | Pompano Beach FL | scraped 70, +1 leads | maps total: 5777
[07:36:08] roofing contractor | Riviera Beach FL | scraped 70, +0 leads | maps total: 5777
[07:36:30] roofing contractor | Royal Palm Beach FL | scraped 63, +0 leads | maps total: 5777
[07:36:54] roofing contractor | Sea Ranch Lakes FL | scraped 77, +1 leads | maps total: 5778
[07:37:16] roofing contractor | South Miami FL | scraped 67, +0 leads | maps total: 5778
[07:37:39] roofing contractor | Southwest Ranches FL | scraped 78, +0 leads | maps total: 5778
[07:38:03] roofing contractor | Sunny Isles Beach FL | scraped 68, +1 leads | maps total: 5779
[07:38:28] roofing contractor | Sunrise FL | scraped 72, +1 leads | maps total: 5780
[07:38:36] roofing contractor | Surfside FL | scraped 12, +0 leads | maps total: 5780
[07:39:12] roofing contractor | Sweetwater FL | scraped 70, +1 leads | maps total: 5781
[07:39:35] roofing contractor | Tamarac FL | scraped 71, +0 leads | maps total: 5781
[07:39:58] roofing contractor | Tamiami FL | scraped 73, +0 leads | maps total: 5781
[07:40:21] roofing contractor | The Hammocks FL | scraped 61, +0 leads | maps total: 5781
[07:40:29] roofing contractor | Virginia Gardens FL | scraped 6, +0 leads | maps total: 5781
[07:40:52] roofing contractor | Wellington FL | scraped 76, +0 leads | maps total: 5781
[07:41:14] roofing contractor | West Miami FL | scraped 65, +0 leads | maps total: 5781
[07:41:37] roofing contractor | West Park FL | scraped 82, +0 leads | maps total: 5781
[07:42:02] roofing contractor | Westchester FL | scraped 74, +0 leads | maps total: 5781
[07:42:24] roofing contractor | Weston FL | scraped 80, +0 leads | maps total: 5781
[07:42:46] roofing contractor | Wilton Manors FL | scraped 73, +0 leads | maps total: 5781
[07:43:08] plumber | Aventura FL | scraped 71, +0 leads | maps total: 5781
[07:43:30] plumber | Bal Harbour FL | scraped 55, +0 leads | maps total: 5781
[07:43:54] plumber | Bay Harbor Islands FL | scraped 56, +0 leads | maps total: 5781
[07:44:16] plumber | Biscayne Park FL | scraped 61, +0 leads | maps total: 5781
[07:44:40] plumber | Boca Raton FL | scraped 73, +2 leads | maps total: 5783
[07:45:02] plumber | Boynton Beach FL | scraped 76, +0 leads | maps total: 5783
[07:45:29] plumber | Coconut Creek FL | scraped 75, +1 leads | maps total: 5784
[07:45:51] plumber | Coconut Grove FL | scraped 65, +0 leads | maps total: 5784
[07:46:14] plumber | Cooper City FL | scraped 64, +1 leads | maps total: 5785
[07:46:36] plumber | Coral Gables FL | scraped 60, +0 leads | maps total: 5785
[07:46:58] plumber | Coral Springs FL | scraped 77, +0 leads | maps total: 5785
[07:47:22] plumber | Coral Terrace FL | scraped 62, +1 leads | maps total: 5786
[07:47:44] plumber | Country Club FL | scraped 62, +0 leads | maps total: 5786
[07:48:06] plumber | Cutler Bay FL | scraped 68, +0 leads | maps total: 5786
[07:48:29] plumber | Dania Beach FL | scraped 65, +1 leads | maps total: 5787
[07:48:51] plumber | Davie FL | scraped 76, +0 leads | maps total: 5787
[07:49:13] plumber | Deerfield Beach FL | scraped 76, +0 leads | maps total: 5787
[07:49:39] plumber | Delray Beach FL | scraped 76, +0 leads | maps total: 5787
[07:50:03] plumber | Doral FL | scraped 64, +1 leads | maps total: 5788
[07:50:26] plumber | El Portal FL | scraped 66, +1 leads | maps total: 5789
[07:50:51] plumber | Florida City FL | scraped 68, +2 leads | maps total: 5791
[07:51:13] plumber | Fontainebleau FL | scraped 60, +0 leads | maps total: 5791
[07:51:35] plumber | Fort Lauderdale FL | scraped 75, +1 leads | maps total: 5792
[07:51:58] plumber | Golden Beach FL | scraped 59, +0 leads | maps total: 5792
[07:52:20] plumber | Greenacres FL | scraped 61, +1 leads | maps total: 5793
[07:52:42] plumber | Hallandale Beach FL | scraped 71, +0 leads | maps total: 5793
[07:53:04] plumber | Hialeah FL | scraped 59, +0 leads | maps total: 5793
[07:53:26] plumber | Hialeah Gardens FL | scraped 47, +0 leads | maps total: 5793
[07:53:50] plumber | Hillsboro Beach FL | scraped 60, +2 leads | maps total: 5795
[07:54:12] plumber | Hollywood FL | scraped 76, +0 leads | maps total: 5795
[07:54:34] plumber | Homestead FL | scraped 70, +0 leads | maps total: 5795
[07:54:57] plumber | Jupiter FL | scraped 67, +1 leads | maps total: 5796
[07:55:19] plumber | Kendall FL | scraped 69, +0 leads | maps total: 5796
[07:55:53] plumber | Lake Park FL | scraped 78, +1 leads | maps total: 5797
[07:56:15] plumber | Lake Worth Beach FL | scraped 68, +0 leads | maps total: 5797
[07:56:50] plumber | Lantana FL | scraped 70, +1 leads | maps total: 5798
[07:57:12] plumber | Lauderdale Lakes FL | scraped 73, +0 leads | maps total: 5798
[07:57:34] plumber | Lauderhill FL | scraped 77, +0 leads | maps total: 5798
[07:57:56] plumber | Lighthouse Point FL | scraped 71, +0 leads | maps total: 5798
[07:58:19] plumber | Margate FL | scraped 73, +0 leads | maps total: 5798
[07:58:43] plumber | Medley FL | scraped 55, +0 leads | maps total: 5798
[07:59:06] plumber | Miami FL | scraped 72, +0 leads | maps total: 5798
[07:59:28] plumber | Miami Beach FL | scraped 61, +0 leads | maps total: 5798
[07:59:50] plumber | Miami Gardens FL | scraped 69, +0 leads | maps total: 5798
[08:00:19] plumber | Miami Lakes FL | scraped 67, +1 leads | maps total: 5799
[08:00:41] plumber | Miami Shores FL | scraped 60, +0 leads | maps total: 5799
[08:01:03] plumber | Miami Springs FL | scraped 61, +0 leads | maps total: 5799
[08:01:25] plumber | Miramar FL | scraped 71, +0 leads | maps total: 5799
[08:01:49] plumber | North Bay Village FL | scraped 58, +1 leads | maps total: 5800
[08:02:11] plumber | North Lauderdale FL | scraped 74, +0 leads | maps total: 5800
[08:02:33] plumber | North Miami FL | scraped 62, +0 leads | maps total: 5800
[08:02:56] plumber | North Miami Beach FL | scraped 63, +0 leads | maps total: 5800
[08:03:18] plumber | Oakland Park FL | scraped 76, +0 leads | maps total: 5800
[08:03:41] plumber | Opa-locka FL | scraped 58, +0 leads | maps total: 5800
[08:04:05] plumber | Palm Beach FL | scraped 65, +0 leads | maps total: 5800
[08:04:27] plumber | Palm Beach Gardens FL | scraped 74, +0 leads | maps total: 5800
[08:04:49] plumber | Palm Springs FL | scraped 61, +0 leads | maps total: 5800
[08:05:11] plumber | Palmetto Bay FL | scraped 67, +0 leads | maps total: 5800
[08:05:34] plumber | Parkland FL | scraped 72, +0 leads | maps total: 5800
[08:05:56] plumber | Pembroke Park FL | scraped 70, +0 leads | maps total: 5800
[08:06:18] plumber | Pembroke Pines FL | scraped 70, +0 leads | maps total: 5800
[08:06:40] plumber | Pinecrest FL | scraped 61, +0 leads | maps total: 5800
[08:07:52] cabinet maker | Aventura FL | scraped 71, +39 leads | maps total: 5839
[08:08:27] cabinet maker | Bal Harbour FL | scraped 61, +23 leads | maps total: 5862
[08:09:26] cabinet maker | Bay Harbor Islands FL | scraped 51, +13 leads | maps total: 5875
[08:09:53] cabinet maker | Biscayne Park FL | scraped 57, +8 leads | maps total: 5883
[08:11:04] cabinet maker | Boca Raton FL | scraped 76, +41 leads | maps total: 5924
[08:11:39] cabinet maker | Boynton Beach FL | scraped 68, +29 leads | maps total: 5953
[08:12:15] cabinet maker | Coconut Creek FL | scraped 62, +26 leads | maps total: 5979
[08:12:43] cabinet maker | Coconut Grove FL | scraped 62, +19 leads | maps total: 5998
[08:13:32] cabinet maker | Coral Gables FL | scraped 64, +13 leads | maps total: 6011
[08:14:01] cabinet maker | Coral Springs FL | scraped 60, +14 leads | maps total: 6025
[08:14:30] cabinet maker | Coral Terrace FL | scraped 47, +8 leads | maps total: 6033
[08:15:00] cabinet maker | Country Club FL | scraped 59, +16 leads | maps total: 6049
[08:16:02] cabinet maker | Cutler Bay FL | scraped 61, +17 leads | maps total: 6066
[08:16:56] cabinet maker | Dania Beach FL | scraped 69, +24 leads | maps total: 6090
[08:17:57] cabinet maker | Davie FL | scraped 70, +16 leads | maps total: 6106
[08:18:27] cabinet maker | Deerfield Beach FL | scraped 69, +16 leads | maps total: 6122
[08:18:53] cabinet maker | Delray Beach FL | scraped 70, +10 leads | maps total: 6132
[08:19:39] cabinet maker | Doral FL | scraped 64, +29 leads | maps total: 6161
[08:20:04] cabinet maker | El Portal FL | scraped 59, +6 leads | maps total: 6167
[08:20:22] cabinet maker | Florida City FL | scraped 37, +5 leads | maps total: 6172
[08:20:50] cabinet maker | Fontainebleau FL | scraped 54, +3 leads | maps total: 6175
[08:22:13] cabinet maker | Fort Lauderdale FL | scraped 71, +21 leads | maps total: 6196
[08:22:55] cabinet maker | Golden Beach FL | scraped 69, +7 leads | maps total: 6203
[08:23:24] cabinet maker | Greenacres FL | scraped 51, +26 leads | maps total: 6229
[08:23:52] cabinet maker | Hallandale Beach FL | scraped 69, +10 leads | maps total: 6239
[08:24:20] cabinet maker | Hialeah FL | scraped 54, +16 leads | maps total: 6255
[08:25:31] cabinet maker | Hialeah Gardens FL | scraped 57, +6 leads | maps total: 6261
[08:26:06] cabinet maker | Hillsboro Beach FL | scraped 55, +3 leads | maps total: 6264
[08:26:35] cabinet maker | Hollywood FL | scraped 68, +10 leads | maps total: 6274
[08:26:54] cabinet maker | Homestead FL | scraped 33, +4 leads | maps total: 6278
[08:27:31] cabinet maker | Jupiter FL | scraped 56, +24 leads | maps total: 6302
[08:27:59] cabinet maker | Kendall FL | scraped 59, +12 leads | maps total: 6314
[08:28:21] cabinet maker | Key Biscayne FL | scraped 2, +0 leads | maps total: 6314
[08:28:51] cabinet maker | Lake Park FL | scraped 67, +6 leads | maps total: 6320
[08:29:27] cabinet maker | Lake Worth Beach FL | scraped 64, +5 leads | maps total: 6325
[08:29:36] cabinet maker | Lantana FL | scraped 14, +0 leads | maps total: 6325
[08:30:05] cabinet maker | Lauderdale Lakes FL | scraped 70, +4 leads | maps total: 6329
[08:30:33] cabinet maker | Lauderhill FL | scraped 63, +8 leads | maps total: 6337
[08:31:01] cabinet maker | Lighthouse Point FL | scraped 55, +4 leads | maps total: 6341
[08:31:29] cabinet maker | Margate FL | scraped 64, +5 leads | maps total: 6346
[08:32:01] cabinet maker | Medley FL | scraped 58, +3 leads | maps total: 6349
[08:32:25] cabinet maker | Miami FL | scraped 67, +3 leads | maps total: 6352
[08:32:49] cabinet maker | Miami Beach FL | scraped 65, +2 leads | maps total: 6354
[08:33:20] cabinet maker | Miami Gardens FL | scraped 60, +1 leads | maps total: 6355
[08:33:46] cabinet maker | Miami Lakes FL | scraped 64, +4 leads | maps total: 6359
[08:34:15] cabinet maker | Miami Shores FL | scraped 64, +2 leads | maps total: 6361
[08:34:37] cabinet maker | Miami Springs FL | scraped 62, +0 leads | maps total: 6361
[08:35:00] cabinet maker | Miramar FL | scraped 61, +2 leads | maps total: 6363
[08:35:10] cabinet maker | North Bay Village FL | scraped 7, +0 leads | maps total: 6363
[08:35:33] cabinet maker | North Lauderdale FL | scraped 68, +1 leads | maps total: 6364
[08:35:56] cabinet maker | North Miami FL | scraped 64, +4 leads | maps total: 6368
[08:36:33] cabinet maker | North Miami Beach FL | scraped 64, +0 leads | maps total: 6368
[08:36:59] cabinet maker | Oakland Park FL | scraped 57, +14 leads | maps total: 6382
[08:37:26] cabinet maker | Opa-locka FL | scraped 44, +0 leads | maps total: 6382
[08:37:58] cabinet maker | Palm Beach FL | scraped 65, +5 leads | maps total: 6387
[08:38:24] cabinet maker | Palm Beach Gardens FL | scraped 72, +8 leads | maps total: 6395
[08:38:49] cabinet maker | Palm Springs FL | scraped 58, +1 leads | maps total: 6396
[08:39:20] cabinet maker | Palmetto Bay FL | scraped 57, +2 leads | maps total: 6398
[08:39:48] cabinet maker | Parkland FL | scraped 71, +10 leads | maps total: 6408
[08:40:11] cabinet maker | Pembroke Park FL | scraped 61, +2 leads | maps total: 6410
[08:40:36] cabinet maker | Pembroke Pines FL | scraped 65, +2 leads | maps total: 6412
[08:41:06] cabinet maker | Pinecrest FL | scraped 47, +1 leads | maps total: 6413
[08:41:38] cabinet maker | Plantation FL | scraped 63, +2 leads | maps total: 6415
[08:42:31] cabinet maker | Pompano Beach FL | scraped 72, +11 leads | maps total: 6426
[08:43:01] cabinet maker | Riviera Beach FL | scraped 66, +6 leads | maps total: 6432
[08:43:23] cabinet maker | Royal Palm Beach FL | scraped 66, +3 leads | maps total: 6435
[08:43:47] cabinet maker | Sea Ranch Lakes FL | scraped 56, +0 leads | maps total: 6435
[08:44:09] cabinet maker | South Miami FL | scraped 65, +1 leads | maps total: 6436
[08:45:11] cabinet maker | Southwest Ranches FL | scraped 67, +7 leads | maps total: 6443
[08:45:36] cabinet maker | Sunny Isles Beach FL | scraped 62, +1 leads | maps total: 6444
[08:45:58] cabinet maker | Sunrise FL | scraped 47, +4 leads | maps total: 6448
[08:46:26] cabinet maker | Surfside FL | scraped 72, +9 leads | maps total: 6457
[08:46:50] cabinet maker | Sweetwater FL | scraped 57, +3 leads | maps total: 6460
[08:47:13] cabinet maker | Tamarac FL | scraped 67, +0 leads | maps total: 6460
[08:47:44] cabinet maker | Tamiami FL | scraped 63, +9 leads | maps total: 6469
[08:48:12] cabinet maker | The Hammocks FL | scraped 52, +4 leads | maps total: 6473
[08:48:34] cabinet maker | Virginia Gardens FL | scraped 60, +1 leads | maps total: 6474
[08:49:07] cabinet maker | Wellington FL | scraped 9, +1 leads | maps total: 6475
[08:49:29] cabinet maker | West Miami FL | scraped 60, +0 leads | maps total: 6475
[08:49:51] cabinet maker | West Park FL | scraped 51, +0 leads | maps total: 6475
[08:50:13] cabinet maker | Westchester FL | scraped 55, +0 leads | maps total: 6475
[08:50:48] cabinet maker | Weston FL | scraped 69, +6 leads | maps total: 6481
[08:51:23] cabinet maker | Wilton Manors FL | scraped 56, +2 leads | maps total: 6483
[08:51:48] sign shop | Bal Harbour FL | scraped 1, +0 leads | maps total: 6483
[08:51:56] sign shop | Bay Harbor Islands FL | scraped 6, +2 leads | maps total: 6485
[08:52:40] sign shop | Boca Raton FL | scraped 2, +2 leads | maps total: 6487
[08:53:04] sign shop | Boynton Beach FL | scraped 2, +1 leads | maps total: 6488
[08:53:18] sign shop | Coconut Creek FL | scraped 1, +0 leads | maps total: 6488
[08:54:04] sign shop | Cooper City FL | scraped 14, +8 leads | maps total: 6496
[08:54:26] sign shop | Coral Gables FL | scraped 1, +0 leads | maps total: 6496
[08:55:30] sign shop | Cutler Bay FL | scraped 13, +8 leads | maps total: 6504
[08:56:34] sign shop | Deerfield Beach FL | scraped 4, +0 leads | maps total: 6504
[08:57:31]   ! 4 empty scrapes in a row — likely Google block; backing off 15 min
[09:08:04] sign shop | Greenacres FL | scraped 25, +15 leads | maps total: 6519
[09:08:27] sign shop | Hallandale Beach FL | scraped 2, +0 leads | maps total: 6519
[09:09:31] sign shop | Hillsboro Beach FL | scraped 1, +0 leads | maps total: 6519
[09:10:07] sign shop | Jupiter FL | scraped 1, +0 leads | maps total: 6519
[09:10:29] sign shop | Kendall FL | scraped 1, +0 leads | maps total: 6519
[09:10:51] sign shop | Key Biscayne FL | scraped 2, +0 leads | maps total: 6519
[09:12:08] sign shop | Lauderhill FL | scraped 14, +4 leads | maps total: 6523
[09:12:30] sign shop | Lighthouse Point FL | scraped 2, +0 leads | maps total: 6523
[09:12:52] sign shop | Margate FL | scraped 1, +0 leads | maps total: 6523
[09:15:11] sign shop | Miami Springs FL | scraped 2, +0 leads | maps total: 6523
[09:16:51] sign shop | Oakland Park FL | scraped 1, +0 leads | maps total: 6523
[09:18:24] sign shop | Palmetto Bay FL | scraped 4, +1 leads | maps total: 6524
[09:18:38] sign shop | Parkland FL | scraped 1, +0 leads | maps total: 6524
[09:19:18] sign shop | Pembroke Pines FL | scraped 3, +0 leads | maps total: 6524
[09:19:47] sign shop | Plantation FL | scraped 2, +0 leads | maps total: 6524
[09:20:52] sign shop | Royal Palm Beach FL | scraped 2, +0 leads | maps total: 6524
[09:21:42] sign shop | Southwest Ranches FL | scraped 1, +0 leads | maps total: 6524
[09:22:04] sign shop | Sunny Isles Beach FL | scraped 1, +0 leads | maps total: 6524
[09:22:26] sign shop | Sunrise FL | scraped 1, +0 leads | maps total: 6524
[09:23:10] sign shop | Sweetwater FL | scraped 1, +0 leads | maps total: 6524
[09:24:09] sign shop | The Hammocks FL | scraped 2, +0 leads | maps total: 6524
[09:26:42] machine shop | Aventura FL | scraped 58, +19 leads | maps total: 6543
[09:26:57] machine shop | Bal Harbour FL | scraped 8, +1 leads | maps total: 6544
[09:27:07] machine shop | Bay Harbor Islands FL | scraped 8, +0 leads | maps total: 6544
[09:27:19] machine shop | Biscayne Park FL | scraped 8, +2 leads | maps total: 6546
[09:27:37] machine shop | Boca Raton FL | scraped 28, +9 leads | maps total: 6555
[09:27:48] machine shop | Boynton Beach FL | scraped 9, +2 leads | maps total: 6557
[09:28:17] machine shop | Coconut Creek FL | scraped 22, +7 leads | maps total: 6564
[09:28:32] machine shop | Coconut Grove FL | scraped 14, +3 leads | maps total: 6567
[09:29:01] machine shop | Cooper City FL | scraped 65, +22 leads | maps total: 6589
[09:29:11] machine shop | Coral Gables FL | scraped 9, +1 leads | maps total: 6590
[09:29:31] machine shop | Coral Springs FL | scraped 17, +4 leads | maps total: 6594
[09:29:39] machine shop | Coral Terrace FL | scraped 3, +0 leads | maps total: 6594
[09:30:12] machine shop | Country Club FL | scraped 53, +19 leads | maps total: 6613
[09:30:22] machine shop | Cutler Bay FL | scraped 8, +1 leads | maps total: 6614
[09:30:38] machine shop | Dania Beach FL | scraped 18, +5 leads | maps total: 6619
[09:30:46] machine shop | Davie FL | scraped 5, +0 leads | maps total: 6619
[09:30:58] machine shop | Deerfield Beach FL | scraped 12, +3 leads | maps total: 6622
[09:31:06] machine shop | Delray Beach FL | scraped 13, +1 leads | maps total: 6623
[09:31:28] machine shop | Doral FL | scraped 24, +6 leads | maps total: 6629
[09:31:40] machine shop | El Portal FL | scraped 18, +1 leads | maps total: 6630
[09:37:21] machine shop | Florida City FL | scraped 66, +16 leads | maps total: 6646
[09:37:37] machine shop | Fontainebleau FL | scraped 7, +1 leads | maps total: 6647
[09:53:24] machine shop | Fort Lauderdale FL | scraped 58, +14 leads | maps total: 6661
[09:53:57] machine shop | Golden Beach FL | scraped 72, +21 leads | maps total: 6682
[09:57:02] machine shop | Greenacres FL | scraped 67, +21 leads | maps total: 6703
[10:12:40] machine shop | Hialeah FL | scraped 39, +4 leads | maps total: 6707
[10:13:08] machine shop | Hialeah Gardens FL | scraped 21, +6 leads | maps total: 6713
[10:13:19] machine shop | Hillsboro Beach FL | scraped 10, +0 leads | maps total: 6713
[10:13:35] machine shop | Hollywood FL | scraped 9, +1 leads | maps total: 6714
[10:52:28] machine shop | Homestead FL | scraped 65, +0 leads | maps total: 6714
[10:52:40] machine shop | Jupiter FL | scraped 7, +2 leads | maps total: 6716
[10:52:52] machine shop | Kendall FL | scraped 11, +1 leads | maps total: 6717
[10:53:25] machine shop | Key Biscayne FL | scraped 76, +15 leads | maps total: 6732
[10:53:37] machine shop | Lake Park FL | scraped 10, +1 leads | maps total: 6733
[10:53:46] machine shop | Lake Worth Beach FL | scraped 3, +1 leads | maps total: 6734
[10:53:54] machine shop | Lantana FL | scraped 9, +0 leads | maps total: 6734
[10:54:28] machine shop | Lauderdale Lakes FL | scraped 51, +11 leads | maps total: 6745
[10:54:55] machine shop | Lauderhill FL | scraped 48, +10 leads | maps total: 6755
[10:55:16] machine shop | Lighthouse Point FL | scraped 39, +4 leads | maps total: 6759
[10:55:24] machine shop | Margate FL | scraped 3, +0 leads | maps total: 6759
[10:55:34] machine shop | Medley FL | scraped 11, +0 leads | maps total: 6759
[10:56:15] machine shop | Miami FL | scraped 38, +7 leads | maps total: 6766
[10:57:38] machine shop | Miami Beach FL | scraped 53, +13 leads | maps total: 6779
[10:58:40] machine shop | Miami Gardens FL | scraped 65, +7 leads | maps total: 6786
[10:59:15] machine shop | Miami Lakes FL | scraped 54, +14 leads | maps total: 6800
[10:59:26] machine shop | Miami Shores FL | scraped 14, +1 leads | maps total: 6801
[11:03:47] machine shop | Miami Springs FL | scraped 56, +7 leads | maps total: 6808
[11:03:57] machine shop | Miramar FL | scraped 7, +0 leads | maps total: 6808
[11:04:16] machine shop | North Bay Village FL | scraped 20, +1 leads | maps total: 6809
[11:04:49] machine shop | North Lauderdale FL | scraped 68, +12 leads | maps total: 6821
[11:04:56] machine shop | North Miami FL | scraped 3, +0 leads | maps total: 6821
[11:05:06] machine shop | North Miami Beach FL | scraped 9, +0 leads | maps total: 6821
[11:05:21] machine shop | Oakland Park FL | scraped 19, +0 leads | maps total: 6821
[11:05:28] machine shop | Opa-locka FL | scraped 2, +0 leads | maps total: 6821
[11:06:10] machine shop | Palm Beach FL | scraped 30, +5 leads | maps total: 6826
[11:06:19] machine shop | Palm Beach Gardens FL | scraped 10, +1 leads | maps total: 6827
[11:06:28] machine shop | Palm Springs FL | scraped 11, +0 leads | maps total: 6827
[11:06:36] machine shop | Palmetto Bay FL | scraped 6, +0 leads | maps total: 6827
[11:06:59] machine shop | Parkland FL | scraped 18, +4 leads | maps total: 6831
[11:07:20] machine shop | Pembroke Park FL | scraped 23, +4 leads | maps total: 6835
[11:07:38] machine shop | Pembroke Pines FL | scraped 22, +2 leads | maps total: 6837
[11:07:53] machine shop | Pinecrest FL | scraped 4, +0 leads | maps total: 6837
[11:08:01] machine shop | Plantation FL | scraped 6, +0 leads | maps total: 6837
[11:09:19] machine shop | Pompano Beach FL | scraped 26, +2 leads | maps total: 6839
[11:09:35] machine shop | Riviera Beach FL | scraped 14, +0 leads | maps total: 6839
[11:09:45] machine shop | Royal Palm Beach FL | scraped 8, +0 leads | maps total: 6839
[11:09:59] machine shop | Sea Ranch Lakes FL | scraped 12, +2 leads | maps total: 6841
[11:10:42] machine shop | South Miami FL | scraped 31, +4 leads | maps total: 6845
[11:10:59] machine shop | Southwest Ranches FL | scraped 38, +4 leads | maps total: 6849
[11:11:34] machine shop | Sunny Isles Beach FL | scraped 77, +13 leads | maps total: 6862
[11:11:47] machine shop | Sunrise FL | scraped 12, +3 leads | maps total: 6865
